path,label
data/sorted/glass/00020299.jpg,1
data/sorted/plastic/00023206.jpg,4
data/sorted/trash/00009852.jpg,5
data/sorted/metal/00006315.jpg,2
data/sorted/cardboard/00010804.jpg,0
data/sorted/glass/00000667.jpg,1
data/sorted/glass/00019934.jpg,1
data/sorted/plastic/00023749.jpg,4
data/sorted/metal/00013411.jpg,2
data/sorted/plastic/00002101.jpg,4
data/sorted/cardboard/00011128.jpg,0
data/sorted/paper/00007180.jpg,3
data/sorted/paper/00007336.jpg,3
data/sorted/plastic/00015913.jpg,4
data/sorted/cardboard/00003804.jpg,0
data/sorted/trash/00024504.jpg,5
data/sorted/glass/00004956.jpg,1
data/sorted/plastic/00023925.jpg,4
data/sorted/plastic/00009259.jpg,4
data/sorted/cardboard/00002721.jpg,0
data/sorted/paper/00021651.jpg,3
data/sorted/glass/00019625.jpg,1
data/sorted/paper/00001825.jpg,3
data/sorted/plastic/00008059.jpg,4
data/sorted/paper/00021817.jpg,3
data/sorted/glass/00004798.jpg,1
data/sorted/glass/00005590.jpg,1
data/sorted/plastic/00008581.jpg,4
data/sorted/glass/00012395.jpg,1
data/sorted/glass/00011501.jpg,1
data/sorted/paper/00006985.jpg,3
data/sorted/paper/00007672.jpg,3
data/sorted/paper/00014709.jpg,3
data/sorted/glass/00019726.jpg,1
data/sorted/cardboard/00002928.jpg,0
data/sorted/glass/00012825.jpg,1
data/sorted/metal/00013360.jpg,2
data/sorted/cardboard/00018746.jpg,0
data/sorted/plastic/00023193.jpg,4
data/sorted/trash/00024552.jpg,5
data/sorted/metal/00013407.jpg,2
data/sorted/cardboard/00018269.jpg,0
data/sorted/plastic/00015855.jpg,4
data/sorted/cardboard/00000101.jpg,0
data/sorted/metal/00013723.jpg,2
data/sorted/metal/00013832.jpg,2
data/sorted/glass/00004742.jpg,1
data/sorted/plastic/00008049.jpg,4
data/sorted/plastic/00002347.jpg,4
data/sorted/glass/00004925.jpg,1
data/sorted/plastic/00016940.jpg,4
data/sorted/paper/00015165.jpg,3
data/sorted/paper/00014438.jpg,3
data/sorted/plastic/00008178.jpg,4
data/sorted/metal/00020778.jpg,2
data/sorted/glass/00019408.jpg,1
data/sorted/metal/00013766.jpg,2
data/sorted/glass/00004778.jpg,1
data/sorted/plastic/00008602.jpg,4
data/sorted/trash/00017276.jpg,5
data/sorted/glass/00004620.jpg,1
data/sorted/trash/00024530.jpg,5
data/sorted/metal/00013298.jpg,2
data/sorted/glass/00011862.jpg,1
data/sorted/trash/00002417.jpg,5
data/sorted/paper/00022326.jpg,3
data/sorted/metal/00006548.jpg,2
data/sorted/cardboard/00003260.jpg,0
data/sorted/glass/00020224.jpg,1
data/sorted/glass/00019570.jpg,1
data/sorted/metal/00006374.jpg,2
data/sorted/glass/00019468.jpg,1
data/sorted/paper/00001701.jpg,3
data/sorted/glass/00020266.jpg,1
data/sorted/metal/00001303.jpg,2
data/sorted/metal/00006064.jpg,2
data/sorted/cardboard/00000164.jpg,0
data/sorted/cardboard/00000324.jpg,0
data/sorted/glass/00005162.jpg,1
data/sorted/paper/00006879.jpg,3
data/sorted/plastic/00002183.jpg,4
data/sorted/trash/00024754.jpg,5
data/sorted/metal/00013683.jpg,2
data/sorted/glass/00005269.jpg,1
data/sorted/glass/00019555.jpg,1
data/sorted/plastic/00015842.jpg,4
data/sorted/metal/00006531.jpg,2
data/sorted/glass/00019453.jpg,1
data/sorted/plastic/00023744.jpg,4
data/sorted/cardboard/00011304.jpg,0
data/sorted/glass/00005594.jpg,1
data/sorted/cardboard/00018091.jpg,0
data/sorted/paper/00001405.jpg,3
data/sorted/glass/00012299.jpg,1
data/sorted/cardboard/00000227.jpg,0
data/sorted/paper/00006886.jpg,3
data/sorted/plastic/00016616.jpg,4
data/sorted/glass/00000776.jpg,1
data/sorted/paper/00014598.jpg,3
data/sorted/paper/00014559.jpg,3
data/sorted/metal/00021358.jpg,2
data/sorted/plastic/00008237.jpg,4
data/sorted/plastic/00023209.jpg,4
data/sorted/plastic/00002333.jpg,4
data/sorted/cardboard/00018229.jpg,0
data/sorted/cardboard/00000240.jpg,0
data/sorted/cardboard/00010228.jpg,0
data/sorted/glass/00012760.jpg,1
data/sorted/glass/00011820.jpg,1
data/sorted/glass/00011504.jpg,1
data/sorted/paper/00007496.jpg,3
data/sorted/glass/00005346.jpg,1
data/sorted/cardboard/00018687.jpg,0
data/sorted/trash/00024819.jpg,5
data/sorted/paper/00022025.jpg,3
data/sorted/glass/00005284.jpg,1
data/sorted/metal/00021233.jpg,2
data/sorted/metal/00021466.jpg,2
data/sorted/glass/00004755.jpg,1
data/sorted/cardboard/00010814.jpg,0
data/sorted/plastic/00015444.jpg,4
data/sorted/glass/00020321.jpg,1
data/sorted/trash/00024544.jpg,5
data/sorted/plastic/00008841.jpg,4
data/sorted/trash/00017392.jpg,5
data/sorted/plastic/00009205.jpg,4
data/sorted/paper/00014267.jpg,3
data/sorted/cardboard/00018243.jpg,0
data/sorted/glass/00012604.jpg,1
data/sorted/metal/00001145.jpg,2
data/sorted/glass/00004224.jpg,1
data/sorted/paper/00007270.jpg,3
data/sorted/cardboard/00003414.jpg,0
data/sorted/paper/00001509.jpg,3
data/sorted/glass/00004045.jpg,1
data/sorted/glass/00020596.jpg,1
data/sorted/metal/00013814.jpg,2
data/sorted/metal/00020877.jpg,2
data/sorted/plastic/00009308.jpg,4
data/sorted/plastic/00001973.jpg,4
data/sorted/metal/00000987.jpg,2
data/sorted/metal/00020625.jpg,2
data/sorted/paper/00022493.jpg,3
data/sorted/metal/00021211.jpg,2
data/sorted/glass/00019569.jpg,1
data/sorted/plastic/00002204.jpg,4
data/sorted/glass/00019217.jpg,1
data/sorted/glass/00005249.jpg,1
data/sorted/cardboard/00010789.jpg,0
data/sorted/cardboard/00009997.jpg,0
data/sorted/glass/00011597.jpg,1
data/sorted/cardboard/00018773.jpg,0
data/sorted/glass/00005250.jpg,1
data/sorted/metal/00013873.jpg,2
data/sorted/glass/00000654.jpg,1
data/sorted/paper/00014224.jpg,3
data/sorted/plastic/00022994.jpg,4
data/sorted/plastic/00001939.jpg,4
data/sorted/cardboard/00003068.jpg,0
data/sorted/plastic/00016025.jpg,4
data/sorted/cardboard/00010989.jpg,0
data/sorted/plastic/00023493.jpg,4
data/sorted/plastic/00015631.jpg,4
data/sorted/plastic/00016871.jpg,4
data/sorted/metal/00020711.jpg,2
data/sorted/glass/00000892.jpg,1
data/sorted/paper/00006796.jpg,3
data/sorted/plastic/00009041.jpg,4
data/sorted/paper/00022166.jpg,3
data/sorted/paper/00014991.jpg,3
data/sorted/paper/00006625.jpg,3
data/sorted/paper/00022213.jpg,3
data/sorted/glass/00020257.jpg,1
data/sorted/glass/00000484.jpg,1
data/sorted/metal/00006241.jpg,2
data/sorted/trash/00024574.jpg,5
data/sorted/paper/00007612.jpg,3
data/sorted/plastic/00023989.jpg,4
data/sorted/plastic/00016301.jpg,4
data/sorted/trash/00017173.jpg,5
data/sorted/glass/00019215.jpg,1
data/sorted/trash/00009621.jpg,5
data/sorted/glass/00004645.jpg,1
data/sorted/plastic/00023689.jpg,4
data/sorted/metal/00021475.jpg,2
data/sorted/glass/00012334.jpg,1
data/sorted/cardboard/00002756.jpg,0
data/sorted/cardboard/00018861.jpg,0
data/sorted/metal/00014046.jpg,2
data/sorted/paper/00021812.jpg,3
data/sorted/plastic/00015899.jpg,4
data/sorted/glass/00011992.jpg,1
data/sorted/cardboard/00010281.jpg,0
data/sorted/glass/00020197.jpg,1
data/sorted/paper/00022357.jpg,3
data/sorted/plastic/00009335.jpg,4
data/sorted/metal/00005931.jpg,2
data/sorted/glass/00019273.jpg,1
data/sorted/glass/00012270.jpg,1
data/sorted/trash/00024851.jpg,5
data/sorted/cardboard/00018531.jpg,0
data/sorted/paper/00022523.jpg,3
data/sorted/paper/00007819.jpg,3
data/sorted/trash/00017308.jpg,5
data/sorted/plastic/00016532.jpg,4
data/sorted/plastic/00024052.jpg,4
data/sorted/trash/00017377.jpg,5
data/sorted/plastic/00015932.jpg,4
data/sorted/paper/00007693.jpg,3
data/sorted/plastic/00008029.jpg,4
data/sorted/glass/00004599.jpg,1
data/sorted/glass/00000722.jpg,1
data/sorted/cardboard/00017659.jpg,0
data/sorted/cardboard/00011346.jpg,0
data/sorted/trash/00017355.jpg,5
data/sorted/glass/00012879.jpg,1
data/sorted/paper/00014359.jpg,3
data/sorted/glass/00019070.jpg,1
data/sorted/trash/00024467.jpg,5
data/sorted/cardboard/00003462.jpg,0
data/sorted/paper/00015155.jpg,3
data/sorted/cardboard/00000306.jpg,0
data/sorted/cardboard/00003274.jpg,0
data/sorted/metal/00020849.jpg,2
data/sorted/cardboard/00010682.jpg,0
data/sorted/paper/00014939.jpg,3
data/sorted/metal/00013251.jpg,2
data/sorted/cardboard/00018033.jpg,0
data/sorted/metal/00021370.jpg,2
data/sorted/glass/00012637.jpg,1
data/sorted/paper/00022752.jpg,3
data/sorted/metal/00006460.jpg,2
data/sorted/glass/00011999.jpg,1
data/sorted/glass/00012845.jpg,1
data/sorted/glass/00004090.jpg,1
data/sorted/glass/00018931.jpg,1
data/sorted/metal/00013268.jpg,2
data/sorted/metal/00021382.jpg,2
data/sorted/plastic/00002106.jpg,4
data/sorted/plastic/00002128.jpg,4
data/sorted/paper/00014285.jpg,3
data/sorted/plastic/00023507.jpg,4
data/sorted/metal/00013795.jpg,2
data/sorted/paper/00007699.jpg,3
data/sorted/metal/00000922.jpg,2
data/sorted/metal/00020735.jpg,2
data/sorted/paper/00001708.jpg,3
data/sorted/plastic/00023184.jpg,4
data/sorted/cardboard/00003266.jpg,0
data/sorted/paper/00007649.jpg,3
data/sorted/plastic/00008653.jpg,4
data/sorted/cardboard/00010975.jpg,0
data/sorted/cardboard/00017600.jpg,0
data/sorted/glass/00019973.jpg,1
data/sorted/glass/00004506.jpg,1
data/sorted/glass/00012486.jpg,1
data/sorted/cardboard/00003160.jpg,0
data/sorted/glass/00011903.jpg,1
data/sorted/glass/00019668.jpg,1
data/sorted/plastic/00016533.jpg,4
data/sorted/paper/00007076.jpg,3
data/sorted/metal/00005886.jpg,2
data/sorted/trash/00024873.jpg,5
data/sorted/trash/00002453.jpg,5
data/sorted/cardboard/00018586.jpg,0
data/sorted/cardboard/00018612.jpg,0
data/sorted/cardboard/00010146.jpg,0
data/sorted/paper/00015021.jpg,3
data/sorted/cardboard/00002668.jpg,0
data/sorted/paper/00007015.jpg,3
data/sorted/cardboard/00018516.jpg,0
data/sorted/plastic/00023358.jpg,4
data/sorted/cardboard/00017474.jpg,0
data/sorted/glass/00012992.jpg,1
data/sorted/metal/00020911.jpg,2
data/sorted/plastic/00016367.jpg,4
data/sorted/glass/00012082.jpg,1
data/sorted/plastic/00024045.jpg,4
data/sorted/glass/00004274.jpg,1
data/sorted/plastic/00009049.jpg,4
data/sorted/cardboard/00010011.jpg,0
data/sorted/cardboard/00018665.jpg,0
data/sorted/glass/00012444.jpg,1
data/sorted/paper/00022347.jpg,3
data/sorted/cardboard/00017740.jpg,0
data/sorted/cardboard/00010876.jpg,0
data/sorted/cardboard/00002761.jpg,0
data/sorted/plastic/00008470.jpg,4
data/sorted/glass/00000648.jpg,1
data/sorted/paper/00001672.jpg,3
data/sorted/cardboard/00010047.jpg,0
data/sorted/cardboard/00011021.jpg,0
data/sorted/glass/00020557.jpg,1
data/sorted/cardboard/00003397.jpg,0
data/sorted/glass/00011790.jpg,1
data/sorted/paper/00022028.jpg,3
data/sorted/glass/00020515.jpg,1
data/sorted/glass/00004849.jpg,1
data/sorted/glass/00004636.jpg,1
data/sorted/glass/00019621.jpg,1
data/sorted/metal/00013841.jpg,2
data/sorted/glass/00019361.jpg,1
data/sorted/paper/00014748.jpg,3
data/sorted/paper/00014589.jpg,3
data/sorted/glass/00005364.jpg,1
data/sorted/plastic/00015482.jpg,4
data/sorted/cardboard/00018651.jpg,0
data/sorted/plastic/00023398.jpg,4
data/sorted/trash/00009764.jpg,5
data/sorted/plastic/00009200.jpg,4
data/sorted/paper/00006835.jpg,3
data/sorted/metal/00006130.jpg,2
data/sorted/plastic/00023313.jpg,4
data/sorted/trash/00024820.jpg,5
data/sorted/metal/00005901.jpg,2
data/sorted/paper/00007381.jpg,3
data/sorted/cardboard/00010308.jpg,0
data/sorted/paper/00007743.jpg,3
data/sorted/plastic/00016534.jpg,4
data/sorted/trash/00009703.jpg,5
data/sorted/trash/00009798.jpg,5
data/sorted/paper/00022300.jpg,3
data/sorted/glass/00000519.jpg,1
data/sorted/plastic/00023865.jpg,4
data/sorted/glass/00020370.jpg,1
data/sorted/glass/00020590.jpg,1
data/sorted/cardboard/00010024.jpg,0
data/sorted/glass/00019552.jpg,1
data/sorted/paper/00007081.jpg,3
data/sorted/cardboard/00000378.jpg,0
data/sorted/metal/00021109.jpg,2
data/sorted/cardboard/00003603.jpg,0
data/sorted/metal/00020608.jpg,2
data/sorted/glass/00000716.jpg,1
data/sorted/cardboard/00018862.jpg,0
data/sorted/paper/00014412.jpg,3
data/sorted/paper/00022211.jpg,3
data/sorted/trash/00017306.jpg,5
data/sorted/glass/00005181.jpg,1
data/sorted/paper/00014104.jpg,3
data/sorted/paper/00021995.jpg,3
data/sorted/metal/00006060.jpg,2
data/sorted/plastic/00023147.jpg,4
data/sorted/metal/00013451.jpg,2
data/sorted/paper/00021635.jpg,3
data/sorted/plastic/00022913.jpg,4
data/sorted/metal/00013524.jpg,2
data/sorted/glass/00019249.jpg,1
data/sorted/metal/00001091.jpg,2
data/sorted/trash/00009570.jpg,5
data/sorted/glass/00004690.jpg,1
data/sorted/cardboard/00003425.jpg,0
data/sorted/plastic/00008788.jpg,4
data/sorted/paper/00021793.jpg,3
data/sorted/glass/00005246.jpg,1
data/sorted/glass/00004301.jpg,1
data/sorted/cardboard/00018593.jpg,0
data/sorted/plastic/00009314.jpg,4
data/sorted/glass/00000503.jpg,1
data/sorted/trash/00009774.jpg,5
data/sorted/paper/00014374.jpg,3
data/sorted/metal/00006282.jpg,2
data/sorted/paper/00007662.jpg,3
data/sorted/glass/00005404.jpg,1
data/sorted/paper/00022381.jpg,3
data/sorted/glass/00019284.jpg,1
data/sorted/plastic/00002178.jpg,4
data/sorted/plastic/00009159.jpg,4
data/sorted/glass/00020265.jpg,1
data/sorted/glass/00019534.jpg,1
data/sorted/glass/00005435.jpg,1
data/sorted/cardboard/00000023.jpg,0
data/sorted/glass/00012885.jpg,1
data/sorted/plastic/00016789.jpg,4
data/sorted/paper/00021703.jpg,3
data/sorted/cardboard/00017820.jpg,0
data/sorted/trash/00009609.jpg,5
data/sorted/metal/00006509.jpg,2
data/sorted/trash/00009884.jpg,5
data/sorted/metal/00013935.jpg,2
data/sorted/trash/00009638.jpg,5
data/sorted/cardboard/00010871.jpg,0
data/sorted/glass/00019798.jpg,1
data/sorted/glass/00019501.jpg,1
data/sorted/plastic/00016538.jpg,4
data/sorted/glass/00005379.jpg,1
data/sorted/paper/00007445.jpg,3
data/sorted/glass/00004479.jpg,1
data/sorted/cardboard/00018150.jpg,0
data/sorted/trash/00017434.jpg,5
data/sorted/paper/00022459.jpg,3
data/sorted/paper/00014678.jpg,3
data/sorted/paper/00014949.jpg,3
data/sorted/paper/00007394.jpg,3
data/sorted/paper/00007109.jpg,3
data/sorted/glass/00012905.jpg,1
data/sorted/metal/00013353.jpg,2
data/sorted/paper/00006789.jpg,3
data/sorted/plastic/00002231.jpg,4
data/sorted/plastic/00024182.jpg,4
data/sorted/plastic/00015412.jpg,4
data/sorted/plastic/00015945.jpg,4
data/sorted/glass/00000899.jpg,1
data/sorted/metal/00014038.jpg,2
data/sorted/trash/00009837.jpg,5
data/sorted/cardboard/00010511.jpg,0
data/sorted/paper/00014708.jpg,3
data/sorted/paper/00022200.jpg,3
data/sorted/glass/00011841.jpg,1
data/sorted/plastic/00023898.jpg,4
data/sorted/plastic/00016211.jpg,4
data/sorted/glass/00004427.jpg,1
data/sorted/trash/00002513.jpg,5
data/sorted/paper/00015324.jpg,3
data/sorted/glass/00000765.jpg,1
data/sorted/metal/00013270.jpg,2
data/sorted/plastic/00008464.jpg,4
data/sorted/paper/00001551.jpg,3
data/sorted/trash/00024471.jpg,5
data/sorted/glass/00019238.jpg,1
data/sorted/plastic/00023502.jpg,4
data/sorted/paper/00007477.jpg,3
data/sorted/plastic/00024119.jpg,4
data/sorted/metal/00021359.jpg,2
data/sorted/cardboard/00011251.jpg,0
data/sorted/cardboard/00018640.jpg,0
data/sorted/paper/00014609.jpg,3
data/sorted/cardboard/00003465.jpg,0
data/sorted/glass/00012534.jpg,1
data/sorted/glass/00005157.jpg,1
data/sorted/plastic/00008695.jpg,4
data/sorted/paper/00014411.jpg,3
data/sorted/cardboard/00003574.jpg,0
data/sorted/paper/00022832.jpg,3
data/sorted/glass/00019499.jpg,1
data/sorted/glass/00019186.jpg,1
data/sorted/cardboard/00003807.jpg,0
data/sorted/glass/00020490.jpg,1
data/sorted/plastic/00016275.jpg,4
data/sorted/metal/00021471.jpg,2
data/sorted/cardboard/00002901.jpg,0
data/sorted/plastic/00015525.jpg,4
data/sorted/glass/00004669.jpg,1
data/sorted/trash/00017104.jpg,5
data/sorted/cardboard/00011322.jpg,0
data/sorted/plastic/00016423.jpg,4
data/sorted/cardboard/00003198.jpg,0
data/sorted/glass/00020579.jpg,1
data/sorted/paper/00014792.jpg,3
data/sorted/paper/00015133.jpg,3
data/sorted/paper/00014897.jpg,3
data/sorted/glass/00012523.jpg,1
data/sorted/glass/00012433.jpg,1
data/sorted/plastic/00008844.jpg,4
data/sorted/cardboard/00010708.jpg,0
data/sorted/glass/00000809.jpg,1
data/sorted/metal/00006336.jpg,2
data/sorted/cardboard/00018044.jpg,0
data/sorted/paper/00007539.jpg,3
data/sorted/cardboard/00011302.jpg,0
data/sorted/glass/00012376.jpg,1
data/sorted/metal/00020859.jpg,2
data/sorted/cardboard/00011099.jpg,0
data/sorted/plastic/00008535.jpg,4
data/sorted/metal/00021188.jpg,2
data/sorted/metal/00006121.jpg,2
data/sorted/cardboard/00017869.jpg,0
data/sorted/plastic/00023490.jpg,4
data/sorted/cardboard/00003727.jpg,0
data/sorted/paper/00022186.jpg,3
data/sorted/metal/00020968.jpg,2
data/sorted/cardboard/00010292.jpg,0
data/sorted/cardboard/00017804.jpg,0
data/sorted/glass/00011497.jpg,1
data/sorted/paper/00014463.jpg,3
data/sorted/glass/00000760.jpg,1
data/sorted/metal/00021178.jpg,2
data/sorted/glass/00012533.jpg,1
data/sorted/plastic/00015931.jpg,4
data/sorted/plastic/00015821.jpg,4
data/sorted/paper/00014078.jpg,3
data/sorted/cardboard/00017707.jpg,0
data/sorted/glass/00020329.jpg,1
data/sorted/paper/00022479.jpg,3
data/sorted/plastic/00008001.jpg,4
data/sorted/cardboard/00010312.jpg,0
data/sorted/glass/00012993.jpg,1
data/sorted/metal/00006367.jpg,2
data/sorted/cardboard/00010704.jpg,0
data/sorted/glass/00019173.jpg,1
data/sorted/cardboard/00010172.jpg,0
data/sorted/trash/00009681.jpg,5
data/sorted/glass/00019124.jpg,1
data/sorted/plastic/00008036.jpg,4
data/sorted/glass/00018889.jpg,1
data/sorted/plastic/00023349.jpg,4
data/sorted/metal/00021060.jpg,2
data/sorted/metal/00001237.jpg,2
data/sorted/plastic/00015999.jpg,4
data/sorted/plastic/00023079.jpg,4
data/sorted/plastic/00015597.jpg,4
data/sorted/cardboard/00010224.jpg,0
data/sorted/cardboard/00018018.jpg,0
data/sorted/glass/00019826.jpg,1
data/sorted/plastic/00023908.jpg,4
data/sorted/trash/00024855.jpg,5
data/sorted/glass/00020374.jpg,1
data/sorted/paper/00015320.jpg,3
data/sorted/glass/00019175.jpg,1
data/sorted/cardboard/00002753.jpg,0
data/sorted/plastic/00024018.jpg,4
data/sorted/metal/00013349.jpg,2
data/sorted/paper/00021742.jpg,3
data/sorted/paper/00022040.jpg,3
data/sorted/plastic/00008626.jpg,4
data/sorted/paper/00007915.jpg,3
data/sorted/cardboard/00000313.jpg,0
data/sorted/paper/00022096.jpg,3
data/sorted/metal/00005858.jpg,2
data/sorted/metal/00005970.jpg,2
data/sorted/metal/00006456.jpg,2
data/sorted/plastic/00016894.jpg,4
data/sorted/glass/00005371.jpg,1
data/sorted/cardboard/00003193.jpg,0
data/sorted/plastic/00016127.jpg,4
data/sorted/paper/00022251.jpg,3
data/sorted/cardboard/00010176.jpg,0
data/sorted/paper/00022059.jpg,3
data/sorted/plastic/00016741.jpg,4
data/sorted/metal/00013345.jpg,2
data/sorted/metal/00013807.jpg,2
data/sorted/cardboard/00010235.jpg,0
data/sorted/plastic/00016897.jpg,4
data/sorted/plastic/00016234.jpg,4
data/sorted/metal/00013453.jpg,2
data/sorted/metal/00001072.jpg,2
data/sorted/metal/00005700.jpg,2
data/sorted/plastic/00008093.jpg,4
data/sorted/cardboard/00003722.jpg,0
data/sorted/plastic/00008146.jpg,4
data/sorted/paper/00001400.jpg,3
data/sorted/cardboard/00018088.jpg,0
data/sorted/glass/00020178.jpg,1
data/sorted/metal/00006386.jpg,2
data/sorted/glass/00011441.jpg,1
data/sorted/cardboard/00018061.jpg,0
data/sorted/plastic/00008912.jpg,4
data/sorted/cardboard/00010385.jpg,0
data/sorted/glass/00000787.jpg,1
data/sorted/glass/00005490.jpg,1
data/sorted/glass/00005476.jpg,1
data/sorted/plastic/00015649.jpg,4
data/sorted/cardboard/00010420.jpg,0
data/sorted/cardboard/00000045.jpg,0
data/sorted/metal/00020963.jpg,2
data/sorted/paper/00014771.jpg,3
data/sorted/paper/00007906.jpg,3
data/sorted/plastic/00002254.jpg,4
data/sorted/trash/00017030.jpg,5
data/sorted/glass/00019087.jpg,1
data/sorted/trash/00002525.jpg,5
data/sorted/metal/00000910.jpg,2
data/sorted/plastic/00002172.jpg,4
data/sorted/metal/00013326.jpg,2
data/sorted/trash/00024890.jpg,5
data/sorted/paper/00014288.jpg,3
data/sorted/paper/00021951.jpg,3
data/sorted/plastic/00024192.jpg,4
data/sorted/glass/00020268.jpg,1
data/sorted/glass/00019122.jpg,1
data/sorted/paper/00014363.jpg,3
data/sorted/paper/00001657.jpg,3
data/sorted/cardboard/00000250.jpg,0
data/sorted/glass/00020189.jpg,1
data/sorted/trash/00002433.jpg,5
data/sorted/trash/00024602.jpg,5
data/sorted/paper/00006779.jpg,3
data/sorted/paper/00014624.jpg,3
data/sorted/metal/00001179.jpg,2
data/sorted/plastic/00008705.jpg,4
data/sorted/cardboard/00002879.jpg,0
data/sorted/paper/00014587.jpg,3
data/sorted/trash/00024598.jpg,5
data/sorted/metal/00020637.jpg,2
data/sorted/paper/00022687.jpg,3
data/sorted/glass/00019618.jpg,1
data/sorted/metal/00020835.jpg,2
data/sorted/plastic/00016407.jpg,4
data/sorted/paper/00022512.jpg,3
data/sorted/plastic/00022891.jpg,4
data/sorted/cardboard/00017642.jpg,0
data/sorted/cardboard/00003830.jpg,0
data/sorted/glass/00004831.jpg,1
data/sorted/paper/00021846.jpg,3
data/sorted/glass/00005071.jpg,1
data/sorted/glass/00019446.jpg,1
data/sorted/paper/00001465.jpg,3
data/sorted/trash/00002427.jpg,5
data/sorted/metal/00021260.jpg,2
data/sorted/metal/00005877.jpg,2
data/sorted/paper/00007185.jpg,3
data/sorted/glass/00019952.jpg,1
data/sorted/trash/00024646.jpg,5
data/sorted/glass/00011907.jpg,1
data/sorted/glass/00011797.jpg,1
data/sorted/glass/00019695.jpg,1
data/sorted/glass/00019127.jpg,1
data/sorted/paper/00014922.jpg,3
data/sorted/paper/00015360.jpg,3
data/sorted/cardboard/00010953.jpg,0
data/sorted/paper/00014534.jpg,3
data/sorted/plastic/00008135.jpg,4
data/sorted/plastic/00023968.jpg,4
data/sorted/paper/00014606.jpg,3
data/sorted/cardboard/00017881.jpg,0
data/sorted/paper/00022815.jpg,3
data/sorted/cardboard/00010976.jpg,0
data/sorted/metal/00020790.jpg,2
data/sorted/cardboard/00018801.jpg,0
data/sorted/metal/00013485.jpg,2
data/sorted/paper/00014212.jpg,3
data/sorted/glass/00019643.jpg,1
data/sorted/cardboard/00000017.jpg,0
data/sorted/plastic/00015460.jpg,4
data/sorted/metal/00021041.jpg,2
data/sorted/trash/00024486.jpg,5
data/sorted/metal/00021440.jpg,2
data/sorted/cardboard/00010598.jpg,0
data/sorted/plastic/00016409.jpg,4
data/sorted/glass/00000498.jpg,1
data/sorted/plastic/00016295.jpg,4
data/sorted/plastic/00024250.jpg,4
data/sorted/paper/00015157.jpg,3
data/sorted/paper/00007380.jpg,3
data/sorted/cardboard/00018499.jpg,0
data/sorted/trash/00009829.jpg,5
data/sorted/cardboard/00003539.jpg,0
data/sorted/paper/00007104.jpg,3
data/sorted/paper/00001511.jpg,3
data/sorted/paper/00014830.jpg,3
data/sorted/glass/00019591.jpg,1
data/sorted/paper/00022409.jpg,3
data/sorted/metal/00001198.jpg,2
data/sorted/plastic/00024300.jpg,4
data/sorted/trash/00009760.jpg,5
data/sorted/glass/00020500.jpg,1
data/sorted/plastic/00024397.jpg,4
data/sorted/plastic/00023567.jpg,4
data/sorted/plastic/00016474.jpg,4
data/sorted/paper/00006936.jpg,3
data/sorted/plastic/00023724.jpg,4
data/sorted/plastic/00015472.jpg,4
data/sorted/metal/00021530.jpg,2
data/sorted/plastic/00016341.jpg,4
data/sorted/glass/00004336.jpg,1
data/sorted/plastic/00023118.jpg,4
data/sorted/glass/00012432.jpg,1
data/sorted/glass/00004145.jpg,1
data/sorted/glass/00004807.jpg,1
data/sorted/metal/00000974.jpg,2
data/sorted/glass/00000411.jpg,1
data/sorted/plastic/00009498.jpg,4
data/sorted/paper/00007528.jpg,3
data/sorted/cardboard/00011003.jpg,0
data/sorted/glass/00000808.jpg,1
data/sorted/glass/00012199.jpg,1
data/sorted/paper/00001841.jpg,3
data/sorted/glass/00020463.jpg,1
data/sorted/cardboard/00018813.jpg,0
data/sorted/paper/00014818.jpg,3
data/sorted/trash/00024763.jpg,5
data/sorted/cardboard/00009994.jpg,0
data/sorted/glass/00000856.jpg,1
data/sorted/plastic/00009525.jpg,4
data/sorted/glass/00019444.jpg,1
data/sorted/glass/00005086.jpg,1
data/sorted/plastic/00016486.jpg,4
data/sorted/paper/00014688.jpg,3
data/sorted/glass/00019889.jpg,1
data/sorted/paper/00015007.jpg,3
data/sorted/trash/00017438.jpg,5
data/sorted/cardboard/00010506.jpg,0
data/sorted/paper/00007275.jpg,3
data/sorted/cardboard/00018544.jpg,0
data/sorted/paper/00014468.jpg,3
data/sorted/paper/00015283.jpg,3
data/sorted/glass/00012266.jpg,1
data/sorted/paper/00006989.jpg,3
data/sorted/metal/00001200.jpg,2
data/sorted/cardboard/00011220.jpg,0
data/sorted/paper/00015173.jpg,3
data/sorted/plastic/00008824.jpg,4
data/sorted/glass/00020344.jpg,1
data/sorted/glass/00019780.jpg,1
data/sorted/cardboard/00003447.jpg,0
data/sorted/cardboard/00003003.jpg,0
data/sorted/plastic/00009355.jpg,4
data/sorted/glass/00019150.jpg,1
data/sorted/plastic/00023100.jpg,4
data/sorted/cardboard/00003400.jpg,0
data/sorted/cardboard/00003873.jpg,0
data/sorted/plastic/00002302.jpg,4
data/sorted/glass/00012243.jpg,1
data/sorted/plastic/00008002.jpg,4
data/sorted/glass/00019117.jpg,1
data/sorted/cardboard/00018611.jpg,0
data/sorted/plastic/00002176.jpg,4
data/sorted/paper/00014643.jpg,3
data/sorted/cardboard/00017956.jpg,0
data/sorted/glass/00012388.jpg,1
data/sorted/glass/00005604.jpg,1
data/sorted/paper/00001485.jpg,3
data/sorted/plastic/00008525.jpg,4
data/sorted/paper/00007589.jpg,3
data/sorted/glass/00011432.jpg,1
data/sorted/glass/00011925.jpg,1
data/sorted/paper/00007596.jpg,3
data/sorted/plastic/00016053.jpg,4
data/sorted/glass/00004627.jpg,1
data/sorted/glass/00019531.jpg,1
data/sorted/cardboard/00011048.jpg,0
data/sorted/metal/00020997.jpg,2
data/sorted/plastic/00015954.jpg,4
data/sorted/glass/00012043.jpg,1
data/sorted/metal/00006585.jpg,2
data/sorted/glass/00011452.jpg,1
data/sorted/metal/00020654.jpg,2
data/sorted/metal/00006191.jpg,2
data/sorted/glass/00018945.jpg,1
data/sorted/glass/00013098.jpg,1
data/sorted/metal/00013317.jpg,2
data/sorted/paper/00015288.jpg,3
data/sorted/paper/00021607.jpg,3
data/sorted/metal/00005685.jpg,2
data/sorted/glass/00019058.jpg,1
data/sorted/glass/00003982.jpg,1
data/sorted/paper/00014902.jpg,3
data/sorted/trash/00002517.jpg,5
data/sorted/glass/00004196.jpg,1
data/sorted/plastic/00015446.jpg,4
data/sorted/metal/00000982.jpg,2
data/sorted/paper/00007406.jpg,3
data/sorted/glass/00020170.jpg,1
data/sorted/glass/00020036.jpg,1
data/sorted/paper/00021942.jpg,3
data/sorted/trash/00024601.jpg,5
data/sorted/cardboard/00010519.jpg,0
data/sorted/metal/00005743.jpg,2
data/sorted/cardboard/00003065.jpg,0
data/sorted/metal/00013388.jpg,2
data/sorted/paper/00021640.jpg,3
data/sorted/metal/00021444.jpg,2
data/sorted/plastic/00016024.jpg,4
data/sorted/glass/00019526.jpg,1
data/sorted/paper/00015225.jpg,3
data/sorted/cardboard/00018283.jpg,0
data/sorted/cardboard/00017816.jpg,0
data/sorted/glass/00013047.jpg,1
data/sorted/glass/00005361.jpg,1
data/sorted/plastic/00008303.jpg,4
data/sorted/paper/00014894.jpg,3
data/sorted/metal/00013936.jpg,2
data/sorted/cardboard/00010283.jpg,0
data/sorted/plastic/00002196.jpg,4
data/sorted/paper/00014996.jpg,3
data/sorted/metal/00006067.jpg,2
data/sorted/plastic/00007974.jpg,4
data/sorted/trash/00017219.jpg,5
data/sorted/metal/00013139.jpg,2
data/sorted/trash/00002468.jpg,5
data/sorted/plastic/00023303.jpg,4
data/sorted/trash/00009912.jpg,5
data/sorted/cardboard/00011013.jpg,0
data/sorted/glass/00020309.jpg,1
data/sorted/cardboard/00003420.jpg,0
data/sorted/plastic/00002146.jpg,4
data/sorted/glass/00019784.jpg,1
data/sorted/metal/00005739.jpg,2
data/sorted/plastic/00002378.jpg,4
data/sorted/cardboard/00003041.jpg,0
data/sorted/plastic/00008848.jpg,4
data/sorted/paper/00014646.jpg,3
data/sorted/paper/00001475.jpg,3
data/sorted/cardboard/00010337.jpg,0
data/sorted/plastic/00008507.jpg,4
data/sorted/paper/00007314.jpg,3
data/sorted/paper/00021866.jpg,3
data/sorted/glass/00000659.jpg,1
data/sorted/plastic/00023191.jpg,4
data/sorted/metal/00020632.jpg,2
data/sorted/metal/00001312.jpg,2
data/sorted/glass/00019832.jpg,1
data/sorted/paper/00022613.jpg,3
data/sorted/glass/00004608.jpg,1
data/sorted/glass/00019667.jpg,1
data/sorted/cardboard/00011125.jpg,0
data/sorted/plastic/00009188.jpg,4
data/sorted/cardboard/00003066.jpg,0
data/sorted/glass/00020357.jpg,1
data/sorted/paper/00001615.jpg,3
data/sorted/paper/00022491.jpg,3
data/sorted/cardboard/00003767.jpg,0
data/sorted/cardboard/00018135.jpg,0
data/sorted/paper/00007229.jpg,3
data/sorted/metal/00001267.jpg,2
data/sorted/plastic/00016041.jpg,4
data/sorted/cardboard/00003776.jpg,0
data/sorted/paper/00021795.jpg,3
data/sorted/metal/00006083.jpg,2
data/sorted/plastic/00016209.jpg,4
data/sorted/paper/00014319.jpg,3
data/sorted/plastic/00002116.jpg,4
data/sorted/metal/00013307.jpg,2
data/sorted/paper/00001333.jpg,3
data/sorted/metal/00006273.jpg,2
data/sorted/glass/00004974.jpg,1
data/sorted/cardboard/00000183.jpg,0
data/sorted/cardboard/00010501.jpg,0
data/sorted/plastic/00023460.jpg,4
data/sorted/plastic/00009004.jpg,4
data/sorted/plastic/00008467.jpg,4
data/sorted/paper/00001518.jpg,3
data/sorted/plastic/00002118.jpg,4
data/sorted/plastic/00002004.jpg,4
data/sorted/cardboard/00011294.jpg,0
data/sorted/plastic/00008068.jpg,4
data/sorted/cardboard/00018234.jpg,0
data/sorted/metal/00021283.jpg,2
data/sorted/plastic/00015997.jpg,4
data/sorted/glass/00004229.jpg,1
data/sorted/paper/00022457.jpg,3
data/sorted/glass/00020313.jpg,1
data/sorted/glass/00019575.jpg,1
data/sorted/cardboard/00018692.jpg,0
data/sorted/cardboard/00003874.jpg,0
data/sorted/paper/00014518.jpg,3
data/sorted/cardboard/00003643.jpg,0
data/sorted/plastic/00023584.jpg,4
data/sorted/glass/00020246.jpg,1
data/sorted/paper/00014819.jpg,3
data/sorted/glass/00012566.jpg,1
data/sorted/paper/00007538.jpg,3
data/sorted/cardboard/00010489.jpg,0
data/sorted/glass/00012964.jpg,1
data/sorted/glass/00012252.jpg,1
data/sorted/cardboard/00018194.jpg,0
data/sorted/cardboard/00017982.jpg,0
data/sorted/trash/00017310.jpg,5
data/sorted/plastic/00009512.jpg,4
data/sorted/cardboard/00018776.jpg,0
data/sorted/metal/00021458.jpg,2
data/sorted/glass/00011904.jpg,1
data/sorted/trash/00017218.jpg,5
data/sorted/glass/00005370.jpg,1
data/sorted/cardboard/00011284.jpg,0
data/sorted/paper/00001476.jpg,3
data/sorted/glass/00004089.jpg,1
data/sorted/trash/00024774.jpg,5
data/sorted/trash/00009544.jpg,5
data/sorted/glass/00004130.jpg,1
data/sorted/glass/00011463.jpg,1
data/sorted/plastic/00015569.jpg,4
data/sorted/paper/00001560.jpg,3
data/sorted/glass/00004317.jpg,1
data/sorted/cardboard/00018301.jpg,0
data/sorted/glass/00013004.jpg,1
data/sorted/paper/00021749.jpg,3
data/sorted/glass/00019756.jpg,1
data/sorted/paper/00014875.jpg,3
data/sorted/paper/00015197.jpg,3
data/sorted/glass/00012023.jpg,1
data/sorted/plastic/00016853.jpg,4
data/sorted/trash/00024884.jpg,5
data/sorted/cardboard/00018053.jpg,0
data/sorted/paper/00014482.jpg,3
data/sorted/trash/00009972.jpg,5
data/sorted/glass/00005496.jpg,1
data/sorted/paper/00007512.jpg,3
data/sorted/glass/00011705.jpg,1
data/sorted/metal/00001238.jpg,2
data/sorted/paper/00001645.jpg,3
data/sorted/cardboard/00003157.jpg,0
data/sorted/paper/00014770.jpg,3
data/sorted/cardboard/00010545.jpg,0
data/sorted/cardboard/00003682.jpg,0
data/sorted/paper/00022341.jpg,3
data/sorted/paper/00014775.jpg,3
data/sorted/trash/00009817.jpg,5
data/sorted/metal/00000978.jpg,2
data/sorted/paper/00014726.jpg,3
data/sorted/metal/00013263.jpg,2
data/sorted/plastic/00002197.jpg,4
data/sorted/glass/00004867.jpg,1
data/sorted/glass/00000477.jpg,1
data/sorted/metal/00013272.jpg,2
data/sorted/metal/00013605.jpg,2
data/sorted/paper/00014091.jpg,3
data/sorted/paper/00021659.jpg,3
data/sorted/metal/00021346.jpg,2
data/sorted/plastic/00016356.jpg,4
data/sorted/plastic/00016962.jpg,4
data/sorted/paper/00021941.jpg,3
data/sorted/cardboard/00002738.jpg,0
data/sorted/plastic/00023662.jpg,4
data/sorted/glass/00000717.jpg,1
data/sorted/plastic/00016379.jpg,4
data/sorted/glass/00011518.jpg,1
data/sorted/paper/00021973.jpg,3
data/sorted/cardboard/00002539.jpg,0
data/sorted/metal/00006145.jpg,2
data/sorted/plastic/00015561.jpg,4
data/sorted/paper/00014137.jpg,3
data/sorted/plastic/00016556.jpg,4
data/sorted/metal/00020613.jpg,2
data/sorted/metal/00005815.jpg,2
data/sorted/glass/00012513.jpg,1
data/sorted/glass/00011988.jpg,1
data/sorted/glass/00004844.jpg,1
data/sorted/plastic/00016913.jpg,4
data/sorted/metal/00021377.jpg,2
data/sorted/cardboard/00002642.jpg,0
data/sorted/trash/00017089.jpg,5
data/sorted/plastic/00008517.jpg,4
data/sorted/cardboard/00003591.jpg,0
data/sorted/glass/00019612.jpg,1
data/sorted/cardboard/00017688.jpg,0
data/sorted/paper/00014798.jpg,3
data/sorted/glass/00000862.jpg,1
data/sorted/plastic/00009082.jpg,4
data/sorted/glass/00004698.jpg,1
data/sorted/cardboard/00003019.jpg,0
data/sorted/glass/00004564.jpg,1
data/sorted/glass/00019282.jpg,1
data/sorted/paper/00007280.jpg,3
data/sorted/cardboard/00000230.jpg,0
data/sorted/glass/00019525.jpg,1
data/sorted/paper/00014717.jpg,3
data/sorted/glass/00000789.jpg,1
data/sorted/glass/00011775.jpg,1
data/sorted/plastic/00024310.jpg,4
data/sorted/paper/00014222.jpg,3
data/sorted/plastic/00008873.jpg,4
data/sorted/glass/00020451.jpg,1
data/sorted/cardboard/00018086.jpg,0
data/sorted/glass/00012621.jpg,1
data/sorted/glass/00005113.jpg,1
data/sorted/glass/00005494.jpg,1
data/sorted/trash/00017110.jpg,5
data/sorted/cardboard/00011143.jpg,0
data/sorted/glass/00005437.jpg,1
data/sorted/paper/00022655.jpg,3
data/sorted/metal/00005782.jpg,2
data/sorted/glass/00011414.jpg,1
data/sorted/metal/00021031.jpg,2
data/sorted/glass/00020373.jpg,1
data/sorted/cardboard/00002676.jpg,0
data/sorted/trash/00009714.jpg,5
data/sorted/cardboard/00018010.jpg,0
data/sorted/plastic/00024378.jpg,4
data/sorted/plastic/00016360.jpg,4
data/sorted/cardboard/00000253.jpg,0
data/sorted/cardboard/00003653.jpg,0
data/sorted/glass/00012723.jpg,1
data/sorted/cardboard/00018643.jpg,0
data/sorted/plastic/00023225.jpg,4
data/sorted/plastic/00023462.jpg,4
data/sorted/glass/00005040.jpg,1
data/sorted/plastic/00024299.jpg,4
data/sorted/plastic/00002070.jpg,4
data/sorted/cardboard/00011354.jpg,0
data/sorted/glass/00000753.jpg,1
data/sorted/cardboard/00010671.jpg,0
data/sorted/glass/00005324.jpg,1
data/sorted/glass/00012401.jpg,1
data/sorted/paper/00015017.jpg,3
data/sorted/cardboard/00002947.jpg,0
data/sorted/cardboard/00000049.jpg,0
data/sorted/glass/00019031.jpg,1
data/sorted/glass/00011732.jpg,1
data/sorted/cardboard/00018680.jpg,0
data/sorted/glass/00004890.jpg,1
data/sorted/glass/00012169.jpg,1
data/sorted/metal/00021072.jpg,2
data/sorted/plastic/00023630.jpg,4
data/sorted/cardboard/00018519.jpg,0
data/sorted/cardboard/00018842.jpg,0
data/sorted/paper/00015080.jpg,3
data/sorted/metal/00020709.jpg,2
data/sorted/glass/00000490.jpg,1
data/sorted/glass/00012889.jpg,1
data/sorted/trash/00017133.jpg,5
data/sorted/metal/00006565.jpg,2
data/sorted/plastic/00008471.jpg,4
data/sorted/paper/00006613.jpg,3
data/sorted/metal/00006264.jpg,2
data/sorted/glass/00012794.jpg,1
data/sorted/trash/00009572.jpg,5
data/sorted/plastic/00024180.jpg,4
data/sorted/plastic/00024047.jpg,4
data/sorted/cardboard/00000330.jpg,0
data/sorted/paper/00014854.jpg,3
data/sorted/plastic/00016173.jpg,4
data/sorted/cardboard/00000042.jpg,0
data/sorted/glass/00019635.jpg,1
data/sorted/paper/00015264.jpg,3
data/sorted/cardboard/00000252.jpg,0
data/sorted/metal/00021521.jpg,2
data/sorted/plastic/00024278.jpg,4
data/sorted/metal/00021025.jpg,2
data/sorted/glass/00004918.jpg,1
data/sorted/glass/00018958.jpg,1
data/sorted/trash/00024536.jpg,5
data/sorted/trash/00017340.jpg,5
data/sorted/metal/00006179.jpg,2
data/sorted/metal/00006582.jpg,2
data/sorted/cardboard/00011002.jpg,0
data/sorted/paper/00014562.jpg,3
data/sorted/cardboard/00003081.jpg,0
data/sorted/plastic/00009495.jpg,4
data/sorted/glass/00000600.jpg,1
data/sorted/metal/00005953.jpg,2
data/sorted/metal/00020653.jpg,2
data/sorted/paper/00007566.jpg,3
data/sorted/cardboard/00003129.jpg,0
data/sorted/plastic/00002016.jpg,4
data/sorted/plastic/00008277.jpg,4
data/sorted/plastic/00008339.jpg,4
data/sorted/plastic/00008746.jpg,4
data/sorted/glass/00020191.jpg,1
data/sorted/plastic/00024289.jpg,4
data/sorted/plastic/00015613.jpg,4
data/sorted/cardboard/00018518.jpg,0
data/sorted/plastic/00008976.jpg,4
data/sorted/metal/00006405.jpg,2
data/sorted/trash/00024577.jpg,5
data/sorted/cardboard/00003583.jpg,0
data/sorted/glass/00005633.jpg,1
data/sorted/plastic/00016139.jpg,4
data/sorted/paper/00015325.jpg,3
data/sorted/glass/00019212.jpg,1
data/sorted/paper/00021915.jpg,3
data/sorted/paper/00014882.jpg,3
data/sorted/glass/00020466.jpg,1
data/sorted/cardboard/00010883.jpg,0
data/sorted/plastic/00002122.jpg,4
data/sorted/plastic/00015557.jpg,4
data/sorted/glass/00004545.jpg,1
data/sorted/plastic/00016568.jpg,4
data/sorted/glass/00004596.jpg,1
data/sorted/glass/00012479.jpg,1
data/sorted/glass/00019349.jpg,1
data/sorted/plastic/00016763.jpg,4
data/sorted/cardboard/00003839.jpg,0
data/sorted/plastic/00022949.jpg,4
data/sorted/trash/00009878.jpg,5
data/sorted/metal/00001070.jpg,2
data/sorted/glass/00004843.jpg,1
data/sorted/plastic/00015449.jpg,4
data/sorted/paper/00022315.jpg,3
data/sorted/cardboard/00003334.jpg,0
data/sorted/glass/00000542.jpg,1
data/sorted/paper/00007074.jpg,3
data/sorted/glass/00005003.jpg,1
data/sorted/glass/00019743.jpg,1
data/sorted/paper/00022475.jpg,3
data/sorted/glass/00000556.jpg,1
data/sorted/cardboard/00010154.jpg,0
data/sorted/plastic/00008975.jpg,4
data/sorted/cardboard/00010758.jpg,0
data/sorted/cardboard/00003215.jpg,0
data/sorted/paper/00007740.jpg,3
data/sorted/plastic/00024068.jpg,4
data/sorted/paper/00022831.jpg,3
data/sorted/paper/00007181.jpg,3
data/sorted/glass/00000738.jpg,1
data/sorted/cardboard/00002834.jpg,0
data/sorted/glass/00019032.jpg,1
data/sorted/paper/00014695.jpg,3
data/sorted/trash/00017187.jpg,5
data/sorted/metal/00013343.jpg,2
data/sorted/metal/00013593.jpg,2
data/sorted/glass/00019753.jpg,1
data/sorted/glass/00019663.jpg,1
data/sorted/metal/00000992.jpg,2
data/sorted/plastic/00024197.jpg,4
data/sorted/cardboard/00018583.jpg,0
data/sorted/cardboard/00018669.jpg,0
data/sorted/trash/00024907.jpg,5
data/sorted/metal/00005923.jpg,2
data/sorted/cardboard/00010732.jpg,0
data/sorted/glass/00004593.jpg,1
data/sorted/paper/00001674.jpg,3
data/sorted/cardboard/00002888.jpg,0
data/sorted/glass/00000853.jpg,1
data/sorted/cardboard/00017835.jpg,0
data/sorted/plastic/00022963.jpg,4
data/sorted/paper/00021979.jpg,3
data/sorted/metal/00001295.jpg,2
data/sorted/paper/00014176.jpg,3
data/sorted/paper/00006895.jpg,3
data/sorted/cardboard/00017783.jpg,0
data/sorted/cardboard/00003224.jpg,0
data/sorted/cardboard/00010618.jpg,0
data/sorted/cardboard/00018449.jpg,0
data/sorted/paper/00015158.jpg,3
data/sorted/metal/00013919.jpg,2
data/sorted/cardboard/00010901.jpg,0
data/sorted/glass/00005296.jpg,1
data/sorted/plastic/00008296.jpg,4
data/sorted/paper/00007583.jpg,3
data/sorted/glass/00000441.jpg,1
data/sorted/cardboard/00000157.jpg,0
data/sorted/trash/00024895.jpg,5
data/sorted/cardboard/00010121.jpg,0
data/sorted/plastic/00002162.jpg,4
data/sorted/metal/00005781.jpg,2
data/sorted/plastic/00009394.jpg,4
data/sorted/glass/00019790.jpg,1
data/sorted/trash/00009565.jpg,5
data/sorted/plastic/00023867.jpg,4
data/sorted/glass/00012548.jpg,1
data/sorted/glass/00004733.jpg,1
data/sorted/glass/00000524.jpg,1
data/sorted/glass/00011910.jpg,1
data/sorted/cardboard/00002964.jpg,0
data/sorted/glass/00012944.jpg,1
data/sorted/glass/00011709.jpg,1
data/sorted/paper/00001781.jpg,3
data/sorted/paper/00007789.jpg,3
data/sorted/metal/00020908.jpg,2
data/sorted/glass/00019963.jpg,1
data/sorted/paper/00014575.jpg,3
data/sorted/glass/00020124.jpg,1
data/sorted/glass/00004066.jpg,1
data/sorted/metal/00021042.jpg,2
data/sorted/metal/00021133.jpg,2
data/sorted/paper/00001403.jpg,3
data/sorted/plastic/00015433.jpg,4
data/sorted/paper/00022460.jpg,3
data/sorted/metal/00006337.jpg,2
data/sorted/plastic/00023166.jpg,4
data/sorted/paper/00014572.jpg,3
data/sorted/cardboard/00003618.jpg,0
data/sorted/plastic/00015825.jpg,4
data/sorted/paper/00021965.jpg,3
data/sorted/cardboard/00017912.jpg,0
data/sorted/paper/00015366.jpg,3
data/sorted/glass/00011943.jpg,1
data/sorted/cardboard/00003597.jpg,0
data/sorted/glass/00020198.jpg,1
data/sorted/plastic/00023148.jpg,4
data/sorted/cardboard/00002541.jpg,0
data/sorted/paper/00021621.jpg,3
data/sorted/glass/00000493.jpg,1
data/sorted/plastic/00024352.jpg,4
data/sorted/glass/00000820.jpg,1
data/sorted/paper/00021760.jpg,3
data/sorted/glass/00005013.jpg,1
data/sorted/glass/00011838.jpg,1
data/sorted/paper/00021839.jpg,3
data/sorted/cardboard/00000207.jpg,0
data/sorted/cardboard/00010679.jpg,0
data/sorted/metal/00013503.jpg,2
data/sorted/cardboard/00011208.jpg,0
data/sorted/plastic/00015966.jpg,4
data/sorted/cardboard/00002613.jpg,0
data/sorted/plastic/00002076.jpg,4
data/sorted/paper/00007573.jpg,3
data/sorted/glass/00020362.jpg,1
data/sorted/cardboard/00010240.jpg,0
data/sorted/plastic/00008531.jpg,4
data/sorted/cardboard/00010199.jpg,0
data/sorted/paper/00022354.jpg,3
data/sorted/plastic/00009326.jpg,4
data/sorted/metal/00005978.jpg,2
data/sorted/paper/00001625.jpg,3
data/sorted/plastic/00023926.jpg,4
data/sorted/glass/00004610.jpg,1
data/sorted/plastic/00001924.jpg,4
data/sorted/glass/00020301.jpg,1
data/sorted/cardboard/00010465.jpg,0
data/sorted/plastic/00023396.jpg,4
data/sorted/paper/00022322.jpg,3
data/sorted/metal/00013651.jpg,2
data/sorted/plastic/00009334.jpg,4
data/sorted/cardboard/00018808.jpg,0
data/sorted/plastic/00023078.jpg,4
data/sorted/cardboard/00011033.jpg,0
data/sorted/metal/00021111.jpg,2
data/sorted/trash/00017148.jpg,5
data/sorted/trash/00017391.jpg,5
data/sorted/cardboard/00010341.jpg,0
data/sorted/cardboard/00002920.jpg,0
data/sorted/glass/00005083.jpg,1
data/sorted/trash/00009891.jpg,5
data/sorted/cardboard/00018252.jpg,0
data/sorted/paper/00006881.jpg,3
data/sorted/metal/00005968.jpg,2
data/sorted/cardboard/00010633.jpg,0
data/sorted/glass/00004677.jpg,1
data/sorted/glass/00004603.jpg,1
data/sorted/glass/00011480.jpg,1
data/sorted/glass/00019351.jpg,1
data/sorted/cardboard/00010456.jpg,0
data/sorted/cardboard/00010856.jpg,0
data/sorted/cardboard/00010357.jpg,0
data/sorted/plastic/00015621.jpg,4
data/sorted/plastic/00016752.jpg,4
data/sorted/metal/00021405.jpg,2
data/sorted/paper/00015023.jpg,3
data/sorted/plastic/00023588.jpg,4
data/sorted/metal/00006256.jpg,2
data/sorted/trash/00024651.jpg,5
data/sorted/plastic/00009137.jpg,4
data/sorted/paper/00021903.jpg,3
data/sorted/paper/00007020.jpg,3
data/sorted/cardboard/00003800.jpg,0
data/sorted/cardboard/00010413.jpg,0
data/sorted/glass/00019324.jpg,1
data/sorted/paper/00015291.jpg,3
data/sorted/glass/00018985.jpg,1
data/sorted/plastic/00009453.jpg,4
data/sorted/cardboard/00017822.jpg,0
data/sorted/metal/00005946.jpg,2
data/sorted/cardboard/00000165.jpg,0
data/sorted/cardboard/00011301.jpg,0
data/sorted/plastic/00008272.jpg,4
data/sorted/plastic/00016980.jpg,4
data/sorted/plastic/00002376.jpg,4
data/sorted/paper/00007751.jpg,3
data/sorted/plastic/00008877.jpg,4
data/sorted/glass/00012152.jpg,1
data/sorted/trash/00009651.jpg,5
data/sorted/paper/00007082.jpg,3
data/sorted/cardboard/00003882.jpg,0
data/sorted/trash/00009686.jpg,5
data/sorted/plastic/00023882.jpg,4
data/sorted/paper/00006667.jpg,3
data/sorted/plastic/00008614.jpg,4
data/sorted/plastic/00024338.jpg,4
data/sorted/plastic/00023477.jpg,4
data/sorted/glass/00005101.jpg,1
data/sorted/paper/00022495.jpg,3
data/sorted/cardboard/00003190.jpg,0
data/sorted/glass/00012919.jpg,1
data/sorted/cardboard/00010960.jpg,0
data/sorted/metal/00005707.jpg,2
data/sorted/plastic/00023614.jpg,4
data/sorted/paper/00006682.jpg,3
data/sorted/plastic/00016101.jpg,4
data/sorted/paper/00007098.jpg,3
data/sorted/paper/00015300.jpg,3
data/sorted/paper/00022651.jpg,3
data/sorted/paper/00014816.jpg,3
data/sorted/cardboard/00003799.jpg,0
data/sorted/paper/00001577.jpg,3
data/sorted/metal/00005869.jpg,2
data/sorted/cardboard/00010318.jpg,0
data/sorted/cardboard/00018380.jpg,0
data/sorted/cardboard/00010179.jpg,0
data/sorted/plastic/00023681.jpg,4
data/sorted/trash/00024606.jpg,5
data/sorted/glass/00004450.jpg,1
data/sorted/glass/00004902.jpg,1
data/sorted/glass/00012489.jpg,1
data/sorted/paper/00022768.jpg,3
data/sorted/cardboard/00003235.jpg,0
data/sorted/plastic/00024345.jpg,4
data/sorted/cardboard/00017883.jpg,0
data/sorted/plastic/00016398.jpg,4
data/sorted/plastic/00009502.jpg,4
data/sorted/cardboard/00011109.jpg,0
data/sorted/plastic/00015645.jpg,4
data/sorted/plastic/00002056.jpg,4
data/sorted/paper/00001456.jpg,3
data/sorted/paper/00014978.jpg,3
data/sorted/metal/00006356.jpg,2
data/sorted/metal/00021093.jpg,2
data/sorted/plastic/00015453.jpg,4
data/sorted/paper/00021610.jpg,3
data/sorted/cardboard/00003123.jpg,0
data/sorted/cardboard/00003519.jpg,0
data/sorted/paper/00015218.jpg,3
data/sorted/plastic/00023995.jpg,4
data/sorted/trash/00009659.jpg,5
data/sorted/metal/00000997.jpg,2
data/sorted/plastic/00015496.jpg,4
data/sorted/cardboard/00003860.jpg,0
data/sorted/cardboard/00010546.jpg,0
data/sorted/cardboard/00003636.jpg,0
data/sorted/paper/00022385.jpg,3
data/sorted/glass/00019795.jpg,1
data/sorted/trash/00024582.jpg,5
data/sorted/metal/00013875.jpg,2
data/sorted/metal/00020978.jpg,2
data/sorted/metal/00005930.jpg,2
data/sorted/metal/00013779.jpg,2
data/sorted/cardboard/00000233.jpg,0
data/sorted/plastic/00023269.jpg,4
data/sorted/glass/00020083.jpg,1
data/sorted/paper/00022396.jpg,3
data/sorted/glass/00011863.jpg,1
data/sorted/plastic/00023495.jpg,4
data/sorted/trash/00024829.jpg,5
data/sorted/paper/00014900.jpg,3
data/sorted/glass/00013096.jpg,1
data/sorted/glass/00019714.jpg,1
data/sorted/metal/00021461.jpg,2
data/sorted/glass/00005193.jpg,1
data/sorted/cardboard/00011177.jpg,0
data/sorted/glass/00003940.jpg,1
data/sorted/cardboard/00003109.jpg,0
data/sorted/metal/00006232.jpg,2
data/sorted/plastic/00009535.jpg,4
data/sorted/trash/00002508.jpg,5
data/sorted/glass/00012115.jpg,1
data/sorted/paper/00022698.jpg,3
data/sorted/plastic/00023952.jpg,4
data/sorted/metal/00006479.jpg,2
data/sorted/plastic/00015799.jpg,4
data/sorted/glass/00012565.jpg,1
data/sorted/paper/00014594.jpg,3
data/sorted/metal/00013372.jpg,2
data/sorted/plastic/00024445.jpg,4
data/sorted/metal/00021102.jpg,2
data/sorted/metal/00005951.jpg,2
data/sorted/metal/00013969.jpg,2
data/sorted/plastic/00023720.jpg,4
data/sorted/trash/00017107.jpg,5
data/sorted/paper/00001439.jpg,3
data/sorted/glass/00004541.jpg,1
data/sorted/paper/00022633.jpg,3
data/sorted/paper/00007774.jpg,3
data/sorted/glass/00005383.jpg,1
data/sorted/paper/00014155.jpg,3
data/sorted/metal/00005932.jpg,2
data/sorted/paper/00021618.jpg,3
data/sorted/glass/00012610.jpg,1
data/sorted/plastic/00001992.jpg,4
data/sorted/glass/00004448.jpg,1
data/sorted/paper/00001611.jpg,3
data/sorted/metal/00013507.jpg,2
data/sorted/metal/00013405.jpg,2
data/sorted/trash/00002413.jpg,5
data/sorted/paper/00001850.jpg,3
data/sorted/plastic/00016893.jpg,4
data/sorted/cardboard/00011087.jpg,0
data/sorted/glass/00004098.jpg,1
data/sorted/metal/00013921.jpg,2
data/sorted/cardboard/00002972.jpg,0
data/sorted/paper/00001853.jpg,3
data/sorted/plastic/00008762.jpg,4
data/sorted/plastic/00016790.jpg,4
data/sorted/trash/00009987.jpg,5
data/sorted/plastic/00008986.jpg,4
data/sorted/paper/00014705.jpg,3
data/sorted/plastic/00022901.jpg,4
data/sorted/cardboard/00003342.jpg,0
data/sorted/cardboard/00003675.jpg,0
data/sorted/glass/00011756.jpg,1
data/sorted/paper/00001513.jpg,3
data/sorted/plastic/00009192.jpg,4
data/sorted/glass/00005662.jpg,1
data/sorted/trash/00009778.jpg,5
data/sorted/glass/00004404.jpg,1
data/sorted/paper/00001460.jpg,3
data/sorted/paper/00007492.jpg,3
data/sorted/metal/00006363.jpg,2
data/sorted/paper/00001392.jpg,3
data/sorted/paper/00007732.jpg,3
data/sorted/cardboard/00010973.jpg,0
data/sorted/glass/00020446.jpg,1
data/sorted/metal/00013553.jpg,2
data/sorted/plastic/00008546.jpg,4
data/sorted/glass/00020064.jpg,1
data/sorted/plastic/00008939.jpg,4
data/sorted/metal/00021433.jpg,2
data/sorted/plastic/00015907.jpg,4
data/sorted/metal/00006538.jpg,2
data/sorted/paper/00006609.jpg,3
data/sorted/metal/00000980.jpg,2
data/sorted/metal/00013149.jpg,2
data/sorted/plastic/00024267.jpg,4
data/sorted/glass/00019029.jpg,1
data/sorted/glass/00004254.jpg,1
data/sorted/glass/00004073.jpg,1
data/sorted/cardboard/00002617.jpg,0
data/sorted/cardboard/00017880.jpg,0
data/sorted/cardboard/00011330.jpg,0
data/sorted/plastic/00002123.jpg,4
data/sorted/plastic/00016604.jpg,4
data/sorted/plastic/00016783.jpg,4
data/sorted/cardboard/00003161.jpg,0
data/sorted/paper/00022461.jpg,3
data/sorted/plastic/00016891.jpg,4
data/sorted/paper/00015117.jpg,3
data/sorted/glass/00012255.jpg,1
data/sorted/glass/00004699.jpg,1
data/sorted/glass/00000514.jpg,1
data/sorted/plastic/00023917.jpg,4
data/sorted/glass/00005200.jpg,1
data/sorted/cardboard/00017929.jpg,0
data/sorted/metal/00000934.jpg,2
data/sorted/cardboard/00010857.jpg,0
data/sorted/plastic/00008921.jpg,4
data/sorted/paper/00014306.jpg,3
data/sorted/glass/00000528.jpg,1
data/sorted/plastic/00016005.jpg,4
data/sorted/metal/00021261.jpg,2
data/sorted/glass/00012399.jpg,1
data/sorted/glass/00005599.jpg,1
data/sorted/paper/00014368.jpg,3
data/sorted/plastic/00024375.jpg,4
data/sorted/glass/00012400.jpg,1
data/sorted/plastic/00007943.jpg,4
data/sorted/cardboard/00000389.jpg,0
data/sorted/metal/00013584.jpg,2
data/sorted/plastic/00008589.jpg,4
data/sorted/cardboard/00002903.jpg,0
data/sorted/plastic/00002234.jpg,4
data/sorted/cardboard/00018169.jpg,0
data/sorted/glass/00000560.jpg,1
data/sorted/glass/00019662.jpg,1
data/sorted/paper/00001774.jpg,3
data/sorted/plastic/00002313.jpg,4
data/sorted/metal/00013669.jpg,2
data/sorted/paper/00014738.jpg,3
data/sorted/plastic/00008667.jpg,4
data/sorted/glass/00012439.jpg,1
data/sorted/cardboard/00002622.jpg,0
data/sorted/paper/00007003.jpg,3
data/sorted/plastic/00015576.jpg,4
data/sorted/plastic/00022977.jpg,4
data/sorted/glass/00005539.jpg,1
data/sorted/plastic/00008815.jpg,4
data/sorted/glass/00005461.jpg,1
data/sorted/metal/00020780.jpg,2
data/sorted/plastic/00002314.jpg,4
data/sorted/glass/00019357.jpg,1
data/sorted/metal/00013694.jpg,2
data/sorted/glass/00018879.jpg,1
data/sorted/metal/00013412.jpg,2
data/sorted/metal/00013182.jpg,2
data/sorted/paper/00015402.jpg,3
data/sorted/metal/00020621.jpg,2
data/sorted/trash/00024892.jpg,5
data/sorted/paper/00022374.jpg,3
data/sorted/plastic/00008978.jpg,4
data/sorted/glass/00012684.jpg,1
data/sorted/cardboard/00011383.jpg,0
data/sorted/metal/00020618.jpg,2
data/sorted/plastic/00023741.jpg,4
data/sorted/paper/00015322.jpg,3
data/sorted/cardboard/00018331.jpg,0
data/sorted/cardboard/00002849.jpg,0
data/sorted/cardboard/00010138.jpg,0
data/sorted/metal/00005802.jpg,2
data/sorted/paper/00022533.jpg,3
data/sorted/glass/00019149.jpg,1
data/sorted/glass/00012268.jpg,1
data/sorted/plastic/00016126.jpg,4
data/sorted/paper/00007249.jpg,3
data/sorted/trash/00017352.jpg,5
data/sorted/plastic/00024014.jpg,4
data/sorted/plastic/00009493.jpg,4
data/sorted/paper/00007729.jpg,3
data/sorted/cardboard/00002894.jpg,0
data/sorted/plastic/00015443.jpg,4
data/sorted/metal/00005985.jpg,2
data/sorted/cardboard/00018391.jpg,0
data/sorted/trash/00017078.jpg,5
data/sorted/plastic/00023171.jpg,4
data/sorted/paper/00007685.jpg,3
data/sorted/plastic/00009256.jpg,4
data/sorted/glass/00020114.jpg,1
data/sorted/paper/00007284.jpg,3
data/sorted/cardboard/00010448.jpg,0
data/sorted/paper/00022256.jpg,3
data/sorted/cardboard/00017560.jpg,0
data/sorted/paper/00022109.jpg,3
data/sorted/glass/00000708.jpg,1
data/sorted/plastic/00023248.jpg,4
data/sorted/metal/00021421.jpg,2
data/sorted/glass/00004342.jpg,1
data/sorted/glass/00012948.jpg,1
data/sorted/plastic/00009537.jpg,4
data/sorted/paper/00022827.jpg,3
data/sorted/glass/00012799.jpg,1
data/sorted/plastic/00023690.jpg,4
data/sorted/paper/00001348.jpg,3
data/sorted/cardboard/00018260.jpg,0
data/sorted/plastic/00002194.jpg,4
data/sorted/cardboard/00018185.jpg,0
data/sorted/metal/00006193.jpg,2
data/sorted/metal/00006127.jpg,2
data/sorted/cardboard/00010582.jpg,0
data/sorted/cardboard/00017794.jpg,0
data/sorted/paper/00007929.jpg,3
data/sorted/plastic/00016887.jpg,4
data/sorted/cardboard/00017624.jpg,0
data/sorted/paper/00007079.jpg,3
data/sorted/metal/00013308.jpg,2
data/sorted/glass/00020204.jpg,1
data/sorted/cardboard/00003478.jpg,0
data/sorted/glass/00004447.jpg,1
data/sorted/metal/00013246.jpg,2
data/sorted/plastic/00016146.jpg,4
data/sorted/glass/00012994.jpg,1
data/sorted/metal/00006526.jpg,2
data/sorted/cardboard/00003538.jpg,0
data/sorted/plastic/00016094.jpg,4
data/sorted/plastic/00016038.jpg,4
data/sorted/cardboard/00010730.jpg,0
data/sorted/plastic/00023827.jpg,4
data/sorted/cardboard/00011174.jpg,0
data/sorted/plastic/00023236.jpg,4
data/sorted/cardboard/00003232.jpg,0
data/sorted/glass/00004415.jpg,1
data/sorted/glass/00004398.jpg,1
data/sorted/metal/00013519.jpg,2
data/sorted/metal/00013261.jpg,2
data/sorted/glass/00012956.jpg,1
data/sorted/trash/00017348.jpg,5
data/sorted/plastic/00015505.jpg,4
data/sorted/metal/00001254.jpg,2
data/sorted/cardboard/00003803.jpg,0
data/sorted/cardboard/00003270.jpg,0
data/sorted/plastic/00008143.jpg,4
data/sorted/metal/00005833.jpg,2
data/sorted/cardboard/00018697.jpg,0
data/sorted/plastic/00002278.jpg,4
data/sorted/trash/00017330.jpg,5
data/sorted/paper/00007694.jpg,3
data/sorted/cardboard/00017647.jpg,0
data/sorted/paper/00006862.jpg,3
data/sorted/plastic/00016458.jpg,4
data/sorted/paper/00014166.jpg,3
data/sorted/plastic/00009505.jpg,4
data/sorted/plastic/00022995.jpg,4
data/sorted/cardboard/00010740.jpg,0
data/sorted/glass/00004005.jpg,1
data/sorted/cardboard/00018529.jpg,0
data/sorted/trash/00009816.jpg,5
data/sorted/paper/00022582.jpg,3
data/sorted/paper/00001346.jpg,3
data/sorted/glass/00012447.jpg,1
data/sorted/paper/00014751.jpg,3
data/sorted/metal/00020767.jpg,2
data/sorted/plastic/00016396.jpg,4
data/sorted/cardboard/00002531.jpg,0
data/sorted/metal/00013752.jpg,2
data/sorted/plastic/00002233.jpg,4
data/sorted/trash/00024848.jpg,5
data/sorted/plastic/00002024.jpg,4
data/sorted/paper/00022236.jpg,3
data/sorted/plastic/00008337.jpg,4
data/sorted/plastic/00008777.jpg,4
data/sorted/plastic/00016796.jpg,4
data/sorted/glass/00004298.jpg,1
data/sorted/paper/00015116.jpg,3
data/sorted/trash/00017363.jpg,5
data/sorted/metal/00001042.jpg,2
data/sorted/metal/00006015.jpg,2
data/sorted/paper/00014133.jpg,3
data/sorted/cardboard/00010045.jpg,0
data/sorted/glass/00005573.jpg,1
data/sorted/trash/00017067.jpg,5
data/sorted/plastic/00023572.jpg,4
data/sorted/paper/00007105.jpg,3
data/sorted/metal/00021286.jpg,2
data/sorted/plastic/00009001.jpg,4
data/sorted/glass/00005630.jpg,1
data/sorted/plastic/00008607.jpg,4
data/sorted/glass/00019101.jpg,1
data/sorted/paper/00014570.jpg,3
data/sorted/paper/00007112.jpg,3
data/sorted/cardboard/00003893.jpg,0
data/sorted/metal/00006290.jpg,2
data/sorted/glass/00012714.jpg,1
data/sorted/glass/00004978.jpg,1
data/sorted/metal/00021173.jpg,2
data/sorted/glass/00004111.jpg,1
data/sorted/glass/00004052.jpg,1
data/sorted/plastic/00016793.jpg,4
data/sorted/plastic/00016618.jpg,4
data/sorted/cardboard/00018517.jpg,0
data/sorted/plastic/00009172.jpg,4
data/sorted/plastic/00008414.jpg,4
data/sorted/cardboard/00018460.jpg,0
data/sorted/cardboard/00010743.jpg,0
data/sorted/paper/00014247.jpg,3
data/sorted/plastic/00009323.jpg,4
data/sorted/paper/00014406.jpg,3
data/sorted/paper/00007676.jpg,3
data/sorted/glass/00019307.jpg,1
data/sorted/metal/00013250.jpg,2
data/sorted/cardboard/00011396.jpg,0
data/sorted/glass/00019436.jpg,1
data/sorted/glass/00012938.jpg,1
data/sorted/plastic/00023821.jpg,4
data/sorted/paper/00014417.jpg,3
data/sorted/cardboard/00010120.jpg,0
data/sorted/plastic/00009273.jpg,4
data/sorted/glass/00020595.jpg,1
data/sorted/cardboard/00018681.jpg,0
data/sorted/plastic/00023385.jpg,4
data/sorted/plastic/00023133.jpg,4
data/sorted/plastic/00015909.jpg,4
data/sorted/cardboard/00017537.jpg,0
data/sorted/cardboard/00017489.jpg,0
data/sorted/paper/00022328.jpg,3
data/sorted/trash/00017087.jpg,5
data/sorted/glass/00012233.jpg,1
data/sorted/plastic/00015828.jpg,4
data/sorted/paper/00001559.jpg,3
data/sorted/paper/00001812.jpg,3
data/sorted/paper/00022229.jpg,3
data/sorted/plastic/00008005.jpg,4
data/sorted/cardboard/00010549.jpg,0
data/sorted/glass/00011535.jpg,1
data/sorted/trash/00024535.jpg,5
data/sorted/cardboard/00003182.jpg,0
data/sorted/glass/00012391.jpg,1
data/sorted/trash/00024477.jpg,5
data/sorted/metal/00001008.jpg,2
data/sorted/cardboard/00011172.jpg,0
data/sorted/trash/00024511.jpg,5
data/sorted/trash/00009767.jpg,5
data/sorted/cardboard/00011085.jpg,0
data/sorted/paper/00001692.jpg,3
data/sorted/trash/00017188.jpg,5
data/sorted/paper/00001811.jpg,3
data/sorted/glass/00004832.jpg,1
data/sorted/cardboard/00010074.jpg,0
data/sorted/plastic/00016325.jpg,4
data/sorted/paper/00007455.jpg,3
data/sorted/paper/00014200.jpg,3
data/sorted/metal/00021322.jpg,2
data/sorted/glass/00004156.jpg,1
data/sorted/paper/00021899.jpg,3
data/sorted/metal/00001216.jpg,2
data/sorted/metal/00001097.jpg,2
data/sorted/glass/00019278.jpg,1
data/sorted/glass/00012973.jpg,1
data/sorted/glass/00005634.jpg,1
data/sorted/plastic/00023161.jpg,4
data/sorted/cardboard/00010455.jpg,0
data/sorted/trash/00009834.jpg,5
data/sorted/glass/00004888.jpg,1
data/sorted/plastic/00015965.jpg,4
data/sorted/paper/00014986.jpg,3
data/sorted/trash/00017086.jpg,5
data/sorted/cardboard/00003309.jpg,0
data/sorted/cardboard/00003169.jpg,0
data/sorted/glass/00005047.jpg,1
data/sorted/metal/00020946.jpg,2
data/sorted/plastic/00016719.jpg,4
data/sorted/glass/00004720.jpg,1
data/sorted/paper/00001807.jpg,3
data/sorted/plastic/00016798.jpg,4
data/sorted/plastic/00024019.jpg,4
data/sorted/glass/00019024.jpg,1
data/sorted/paper/00001536.jpg,3
data/sorted/cardboard/00010994.jpg,0
data/sorted/paper/00022445.jpg,3
data/sorted/plastic/00016386.jpg,4
data/sorted/metal/00013904.jpg,2
data/sorted/cardboard/00018392.jpg,0
data/sorted/cardboard/00003006.jpg,0
data/sorted/glass/00013065.jpg,1
data/sorted/paper/00014896.jpg,3
data/sorted/plastic/00002026.jpg,4
data/sorted/trash/00017279.jpg,5
data/sorted/glass/00012911.jpg,1
data/sorted/plastic/00022900.jpg,4
data/sorted/plastic/00009425.jpg,4
data/sorted/glass/00013084.jpg,1
data/sorted/metal/00001213.jpg,2
data/sorted/trash/00017064.jpg,5
data/sorted/cardboard/00002623.jpg,0
data/sorted/plastic/00022925.jpg,4
data/sorted/metal/00001294.jpg,2
data/sorted/plastic/00023259.jpg,4
data/sorted/plastic/00008280.jpg,4
data/sorted/cardboard/00010948.jpg,0
data/sorted/paper/00014232.jpg,3
data/sorted/paper/00021864.jpg,3
data/sorted/trash/00017350.jpg,5
data/sorted/paper/00007928.jpg,3
data/sorted/cardboard/00010964.jpg,0
data/sorted/metal/00013392.jpg,2
data/sorted/metal/00014053.jpg,2
data/sorted/paper/00007637.jpg,3
data/sorted/plastic/00002277.jpg,4
data/sorted/glass/00004083.jpg,1
data/sorted/metal/00021399.jpg,2
data/sorted/plastic/00008741.jpg,4
data/sorted/plastic/00024290.jpg,4
data/sorted/glass/00012841.jpg,1
data/sorted/plastic/00024333.jpg,4
data/sorted/glass/00012044.jpg,1
data/sorted/glass/00019846.jpg,1
data/sorted/paper/00022590.jpg,3
data/sorted/cardboard/00017670.jpg,0
data/sorted/glass/00004068.jpg,1
data/sorted/glass/00020038.jpg,1
data/sorted/cardboard/00011366.jpg,0
data/sorted/plastic/00015729.jpg,4
data/sorted/metal/00021267.jpg,2
data/sorted/cardboard/00002863.jpg,0
data/sorted/cardboard/00010803.jpg,0
data/sorted/cardboard/00002687.jpg,0
data/sorted/glass/00019129.jpg,1
data/sorted/glass/00012769.jpg,1
data/sorted/glass/00004710.jpg,1
data/sorted/cardboard/00017602.jpg,0
data/sorted/plastic/00009340.jpg,4
data/sorted/plastic/00008500.jpg,4
data/sorted/glass/00000849.jpg,1
data/sorted/plastic/00008511.jpg,4
data/sorted/metal/00005817.jpg,2
data/sorted/paper/00022676.jpg,3
data/sorted/glass/00004512.jpg,1
data/sorted/paper/00015316.jpg,3
data/sorted/cardboard/00003681.jpg,0
data/sorted/plastic/00023513.jpg,4
data/sorted/paper/00001533.jpg,3
data/sorted/trash/00009640.jpg,5
data/sorted/glass/00000436.jpg,1
data/sorted/glass/00011514.jpg,1
data/sorted/plastic/00024011.jpg,4
data/sorted/plastic/00016452.jpg,4
data/sorted/glass/00004774.jpg,1
data/sorted/plastic/00009395.jpg,4
data/sorted/paper/00014639.jpg,3
data/sorted/glass/00005002.jpg,1
data/sorted/metal/00021280.jpg,2
data/sorted/plastic/00009239.jpg,4
data/sorted/cardboard/00010875.jpg,0
data/sorted/glass/00012966.jpg,1
data/sorted/plastic/00008706.jpg,4
data/sorted/plastic/00023841.jpg,4
data/sorted/cardboard/00003436.jpg,0
data/sorted/glass/00019673.jpg,1
data/sorted/paper/00021666.jpg,3
data/sorted/glass/00019786.jpg,1
data/sorted/glass/00000537.jpg,1
data/sorted/glass/00019086.jpg,1
data/sorted/cardboard/00011071.jpg,0
data/sorted/paper/00014385.jpg,3
data/sorted/metal/00005741.jpg,2
data/sorted/glass/00012143.jpg,1
data/sorted/plastic/00016096.jpg,4
data/sorted/metal/00005891.jpg,2
data/sorted/glass/00000851.jpg,1
data/sorted/cardboard/00011388.jpg,0
data/sorted/plastic/00023479.jpg,4
data/sorted/cardboard/00010577.jpg,0
data/sorted/cardboard/00010869.jpg,0
data/sorted/plastic/00002138.jpg,4
data/sorted/glass/00004174.jpg,1
data/sorted/glass/00012620.jpg,1
data/sorted/glass/00020215.jpg,1
data/sorted/glass/00020365.jpg,1
data/sorted/paper/00001737.jpg,3
data/sorted/cardboard/00010970.jpg,0
data/sorted/plastic/00016014.jpg,4
data/sorted/plastic/00016979.jpg,4
data/sorted/metal/00006059.jpg,2
data/sorted/cardboard/00017923.jpg,0
data/sorted/plastic/00016601.jpg,4
data/sorted/paper/00007594.jpg,3
data/sorted/metal/00021292.jpg,2
data/sorted/metal/00005829.jpg,2
data/sorted/cardboard/00010738.jpg,0
data/sorted/metal/00013918.jpg,2
data/sorted/glass/00005212.jpg,1
data/sorted/metal/00020979.jpg,2
data/sorted/cardboard/00002999.jpg,0
data/sorted/cardboard/00010135.jpg,0
data/sorted/glass/00004814.jpg,1
data/sorted/cardboard/00003286.jpg,0
data/sorted/plastic/00023883.jpg,4
data/sorted/cardboard/00017798.jpg,0
data/sorted/trash/00017093.jpg,5
data/sorted/paper/00007651.jpg,3
data/sorted/plastic/00009403.jpg,4
data/sorted/paper/00007569.jpg,3
data/sorted/paper/00007042.jpg,3
data/sorted/metal/00020742.jpg,2
data/sorted/cardboard/00002776.jpg,0
data/sorted/glass/00004993.jpg,1
data/sorted/metal/00013383.jpg,2
data/sorted/cardboard/00000292.jpg,0
data/sorted/trash/00024698.jpg,5
data/sorted/plastic/00015497.jpg,4
data/sorted/cardboard/00000366.jpg,0
data/sorted/glass/00004275.jpg,1
data/sorted/glass/00020438.jpg,1
data/sorted/trash/00024875.jpg,5
data/sorted/paper/00014423.jpg,3
data/sorted/cardboard/00000278.jpg,0
data/sorted/paper/00014574.jpg,3
data/sorted/plastic/00023604.jpg,4
data/sorted/plastic/00016537.jpg,4
data/sorted/plastic/00008086.jpg,4
data/sorted/cardboard/00002682.jpg,0
data/sorted/metal/00013197.jpg,2
data/sorted/glass/00004632.jpg,1
data/sorted/plastic/00016833.jpg,4
data/sorted/metal/00001088.jpg,2
data/sorted/glass/00005661.jpg,1
data/sorted/metal/00001277.jpg,2
data/sorted/glass/00012512.jpg,1
data/sorted/metal/00020639.jpg,2
data/sorted/glass/00019504.jpg,1
data/sorted/metal/00001137.jpg,2
data/sorted/cardboard/00000008.jpg,0
data/sorted/cardboard/00000195.jpg,0
data/sorted/glass/00000568.jpg,1
data/sorted/paper/00006751.jpg,3
data/sorted/glass/00018891.jpg,1
data/sorted/glass/00004361.jpg,1
data/sorted/plastic/00016040.jpg,4
data/sorted/cardboard/00010393.jpg,0
data/sorted/plastic/00008368.jpg,4
data/sorted/glass/00005385.jpg,1
data/sorted/plastic/00008321.jpg,4
data/sorted/cardboard/00002749.jpg,0
data/sorted/glass/00020245.jpg,1
data/sorted/glass/00004761.jpg,1
data/sorted/plastic/00023984.jpg,4
data/sorted/glass/00004390.jpg,1
data/sorted/cardboard/00000260.jpg,0
data/sorted/plastic/00023551.jpg,4
data/sorted/cardboard/00017998.jpg,0
data/sorted/metal/00006595.jpg,2
data/sorted/paper/00022281.jpg,3
data/sorted/metal/00013986.jpg,2
data/sorted/cardboard/00003649.jpg,0
data/sorted/trash/00002446.jpg,5
data/sorted/cardboard/00018472.jpg,0
data/sorted/paper/00014127.jpg,3
data/sorted/metal/00005980.jpg,2
data/sorted/paper/00007563.jpg,3
data/sorted/metal/00005844.jpg,2
data/sorted/trash/00017182.jpg,5
data/sorted/paper/00021644.jpg,3
data/sorted/plastic/00015975.jpg,4
data/sorted/cardboard/00010257.jpg,0
data/sorted/glass/00019280.jpg,1
data/sorted/cardboard/00010266.jpg,0
data/sorted/cardboard/00017905.jpg,0
data/sorted/plastic/00016869.jpg,4
data/sorted/plastic/00016438.jpg,4
data/sorted/paper/00015224.jpg,3
data/sorted/cardboard/00010654.jpg,0
data/sorted/glass/00011704.jpg,1
data/sorted/glass/00005668.jpg,1
data/sorted/glass/00012500.jpg,1
data/sorted/plastic/00008027.jpg,4
data/sorted/plastic/00016801.jpg,4
data/sorted/paper/00022180.jpg,3
data/sorted/glass/00019684.jpg,1
data/sorted/cardboard/00002677.jpg,0
data/sorted/paper/00006799.jpg,3
data/sorted/glass/00019151.jpg,1
data/sorted/cardboard/00017557.jpg,0
data/sorted/paper/00007001.jpg,3
data/sorted/paper/00022632.jpg,3
data/sorted/plastic/00023958.jpg,4
data/sorted/paper/00006857.jpg,3
data/sorted/paper/00007173.jpg,3
data/sorted/paper/00007251.jpg,3
data/sorted/paper/00021853.jpg,3
data/sorted/paper/00007475.jpg,3
data/sorted/metal/00020967.jpg,2
data/sorted/glass/00019095.jpg,1
data/sorted/cardboard/00011375.jpg,0
data/sorted/glass/00005411.jpg,1
data/sorted/cardboard/00010064.jpg,0
data/sorted/paper/00001814.jpg,3
data/sorted/glass/00004600.jpg,1
data/sorted/plastic/00015558.jpg,4
data/sorted/glass/00012748.jpg,1
data/sorted/plastic/00016093.jpg,4
data/sorted/glass/00012079.jpg,1
data/sorted/glass/00004683.jpg,1
data/sorted/glass/00005000.jpg,1
data/sorted/cardboard/00010777.jpg,0
data/sorted/cardboard/00017542.jpg,0
data/sorted/trash/00017242.jpg,5
data/sorted/trash/00024642.jpg,5
data/sorted/paper/00015174.jpg,3
data/sorted/glass/00020305.jpg,1
data/sorted/glass/00019911.jpg,1
data/sorted/plastic/00016729.jpg,4
data/sorted/glass/00019615.jpg,1
data/sorted/paper/00007230.jpg,3
data/sorted/paper/00007119.jpg,3
data/sorted/metal/00006224.jpg,2
data/sorted/paper/00022476.jpg,3
data/sorted/cardboard/00010965.jpg,0
data/sorted/glass/00004611.jpg,1
data/sorted/plastic/00023473.jpg,4
data/sorted/plastic/00023388.jpg,4
data/sorted/glass/00005147.jpg,1
data/sorted/paper/00007838.jpg,3
data/sorted/plastic/00009278.jpg,4
data/sorted/cardboard/00018329.jpg,0
data/sorted/plastic/00009378.jpg,4
data/sorted/paper/00022527.jpg,3
data/sorted/cardboard/00011217.jpg,0
data/sorted/glass/00004753.jpg,1
data/sorted/paper/00015109.jpg,3
data/sorted/glass/00005175.jpg,1
data/sorted/paper/00021652.jpg,3
data/sorted/paper/00001498.jpg,3
data/sorted/metal/00000923.jpg,2
data/sorted/plastic/00009328.jpg,4
data/sorted/metal/00021328.jpg,2
data/sorted/paper/00007570.jpg,3
data/sorted/plastic/00022924.jpg,4
data/sorted/glass/00019203.jpg,1
data/sorted/plastic/00015976.jpg,4
data/sorted/cardboard/00003557.jpg,0
data/sorted/glass/00012090.jpg,1
data/sorted/trash/00002459.jpg,5
data/sorted/glass/00019838.jpg,1
data/sorted/glass/00005030.jpg,1
data/sorted/paper/00014493.jpg,3
data/sorted/cardboard/00010929.jpg,0
data/sorted/metal/00020886.jpg,2
data/sorted/plastic/00016443.jpg,4
data/sorted/glass/00019253.jpg,1
data/sorted/glass/00019882.jpg,1
data/sorted/trash/00017195.jpg,5
data/sorted/plastic/00016973.jpg,4
data/sorted/cardboard/00017845.jpg,0
data/sorted/plastic/00016596.jpg,4
data/sorted/cardboard/00003737.jpg,0
data/sorted/glass/00019559.jpg,1
data/sorted/trash/00009921.jpg,5
data/sorted/paper/00007291.jpg,3
data/sorted/cardboard/00018848.jpg,0
data/sorted/cardboard/00003406.jpg,0
data/sorted/cardboard/00000153.jpg,0
data/sorted/paper/00007889.jpg,3
data/sorted/glass/00013077.jpg,1
data/sorted/glass/00019110.jpg,1
data/sorted/cardboard/00011060.jpg,0
data/sorted/cardboard/00010635.jpg,0
data/sorted/paper/00007399.jpg,3
data/sorted/glass/00005618.jpg,1
data/sorted/plastic/00008422.jpg,4
data/sorted/cardboard/00003461.jpg,0
data/sorted/glass/00012550.jpg,1
data/sorted/cardboard/00018343.jpg,0
data/sorted/plastic/00008925.jpg,4
data/sorted/glass/00004845.jpg,1
data/sorted/glass/00019023.jpg,1
data/sorted/trash/00024488.jpg,5
data/sorted/glass/00019069.jpg,1
data/sorted/cardboard/00003768.jpg,0
data/sorted/cardboard/00002973.jpg,0
data/sorted/cardboard/00017764.jpg,0
data/sorted/paper/00014845.jpg,3
data/sorted/glass/00005558.jpg,1
data/sorted/glass/00019160.jpg,1
data/sorted/glass/00012817.jpg,1
data/sorted/plastic/00023420.jpg,4
data/sorted/trash/00017216.jpg,5
data/sorted/cardboard/00002650.jpg,0
data/sorted/metal/00013833.jpg,2
data/sorted/cardboard/00000106.jpg,0
data/sorted/plastic/00024316.jpg,4
data/sorted/cardboard/00003802.jpg,0
data/sorted/paper/00021963.jpg,3
data/sorted/glass/00005266.jpg,1
data/sorted/cardboard/00003272.jpg,0
data/sorted/glass/00004640.jpg,1
data/sorted/cardboard/00018630.jpg,0
data/sorted/plastic/00024032.jpg,4
data/sorted/glass/00005049.jpg,1
data/sorted/paper/00007905.jpg,3
data/sorted/plastic/00009090.jpg,4
data/sorted/paper/00014946.jpg,3
data/sorted/metal/00013158.jpg,2
data/sorted/metal/00001083.jpg,2
data/sorted/plastic/00016112.jpg,4
data/sorted/plastic/00009517.jpg,4
data/sorted/paper/00015400.jpg,3
data/sorted/cardboard/00010716.jpg,0
data/sorted/glass/00005555.jpg,1
data/sorted/metal/00001146.jpg,2
data/sorted/glass/00020238.jpg,1
data/sorted/glass/00004023.jpg,1
data/sorted/cardboard/00011281.jpg,0
data/sorted/plastic/00023478.jpg,4
data/sorted/cardboard/00010431.jpg,0
data/sorted/plastic/00016609.jpg,4
data/sorted/glass/00012405.jpg,1
data/sorted/plastic/00016321.jpg,4
data/sorted/paper/00001318.jpg,3
data/sorted/glass/00011788.jpg,1
data/sorted/paper/00015106.jpg,3
data/sorted/trash/00009696.jpg,5
data/sorted/glass/00004751.jpg,1
data/sorted/plastic/00015935.jpg,4
data/sorted/metal/00006288.jpg,2
data/sorted/cardboard/00017953.jpg,0
data/sorted/cardboard/00010972.jpg,0
data/sorted/plastic/00022950.jpg,4
data/sorted/paper/00021604.jpg,3
data/sorted/plastic/00008521.jpg,4
data/sorted/cardboard/00003528.jpg,0
data/sorted/paper/00007150.jpg,3
data/sorted/paper/00022700.jpg,3
data/sorted/plastic/00002081.jpg,4
data/sorted/metal/00021525.jpg,2
data/sorted/plastic/00024128.jpg,4
data/sorted/plastic/00002229.jpg,4
data/sorted/cardboard/00002706.jpg,0
data/sorted/cardboard/00010640.jpg,0
data/sorted/paper/00007191.jpg,3
data/sorted/paper/00022390.jpg,3
data/sorted/cardboard/00002842.jpg,0
data/sorted/glass/00004316.jpg,1
data/sorted/cardboard/00003284.jpg,0
data/sorted/plastic/00015432.jpg,4
data/sorted/cardboard/00003736.jpg,0
data/sorted/glass/00012636.jpg,1
data/sorted/glass/00011409.jpg,1
data/sorted/paper/00006943.jpg,3
data/sorted/cardboard/00010693.jpg,0
data/sorted/metal/00005708.jpg,2
data/sorted/glass/00004028.jpg,1
data/sorted/metal/00006160.jpg,2
data/sorted/paper/00021829.jpg,3
data/sorted/plastic/00016540.jpg,4
data/sorted/glass/00020055.jpg,1
data/sorted/cardboard/00003344.jpg,0
data/sorted/glass/00004676.jpg,1
data/sorted/metal/00013517.jpg,2
data/sorted/paper/00014945.jpg,3
data/sorted/paper/00001343.jpg,3
data/sorted/trash/00017102.jpg,5
data/sorted/glass/00005169.jpg,1
data/sorted/cardboard/00018315.jpg,0
data/sorted/metal/00021028.jpg,2
data/sorted/glass/00000449.jpg,1
data/sorted/paper/00021588.jpg,3
data/sorted/trash/00009592.jpg,5
data/sorted/plastic/00002208.jpg,4
data/sorted/paper/00006903.jpg,3
data/sorted/plastic/00002049.jpg,4
data/sorted/cardboard/00010797.jpg,0
data/sorted/glass/00011566.jpg,1
data/sorted/paper/00022017.jpg,3
data/sorted/plastic/00002046.jpg,4
data/sorted/glass/00012119.jpg,1
data/sorted/paper/00014096.jpg,3
data/sorted/paper/00007057.jpg,3
data/sorted/metal/00021236.jpg,2
data/sorted/cardboard/00018352.jpg,0
data/sorted/glass/00020310.jpg,1
data/sorted/paper/00022754.jpg,3
data/sorted/metal/00006107.jpg,2
data/sorted/cardboard/00011278.jpg,0
data/sorted/plastic/00008265.jpg,4
data/sorted/metal/00013811.jpg,2
data/sorted/glass/00020455.jpg,1
data/sorted/metal/00013867.jpg,2
data/sorted/cardboard/00002790.jpg,0
data/sorted/trash/00009922.jpg,5
data/sorted/paper/00014452.jpg,3
data/sorted/plastic/00016395.jpg,4
data/sorted/cardboard/00003525.jpg,0
data/sorted/metal/00013920.jpg,2
data/sorted/glass/00020201.jpg,1
data/sorted/metal/00005732.jpg,2
data/sorted/metal/00006182.jpg,2
data/sorted/glass/00005498.jpg,1
data/sorted/glass/00004367.jpg,1
data/sorted/plastic/00008083.jpg,4
data/sorted/cardboard/00018592.jpg,0
data/sorted/paper/00006955.jpg,3
data/sorted/metal/00005822.jpg,2
data/sorted/cardboard/00011140.jpg,0
data/sorted/cardboard/00002839.jpg,0
data/sorted/paper/00014832.jpg,3
data/sorted/paper/00021930.jpg,3
data/sorted/cardboard/00003115.jpg,0
data/sorted/metal/00001217.jpg,2
data/sorted/metal/00021379.jpg,2
data/sorted/cardboard/00003034.jpg,0
data/sorted/glass/00012808.jpg,1
data/sorted/paper/00021585.jpg,3
data/sorted/glass/00005205.jpg,1
data/sorted/trash/00024736.jpg,5
data/sorted/paper/00007253.jpg,3
data/sorted/cardboard/00002801.jpg,0
data/sorted/cardboard/00010099.jpg,0
data/sorted/metal/00013796.jpg,2
data/sorted/glass/00011774.jpg,1
data/sorted/glass/00012681.jpg,1
data/sorted/trash/00017398.jpg,5
data/sorted/paper/00021936.jpg,3
data/sorted/trash/00024645.jpg,5
data/sorted/cardboard/00010677.jpg,0
data/sorted/trash/00017183.jpg,5
data/sorted/plastic/00002062.jpg,4
data/sorted/metal/00013449.jpg,2
data/sorted/paper/00021956.jpg,3
data/sorted/metal/00001028.jpg,2
data/sorted/glass/00019579.jpg,1
data/sorted/cardboard/00010707.jpg,0
data/sorted/plastic/00023592.jpg,4
data/sorted/paper/00021872.jpg,3
data/sorted/glass/00011416.jpg,1
data/sorted/cardboard/00002844.jpg,0
data/sorted/paper/00001425.jpg,3
data/sorted/cardboard/00018280.jpg,0
data/sorted/cardboard/00017938.jpg,0
data/sorted/metal/00020627.jpg,2
data/sorted/paper/00006876.jpg,3
data/sorted/cardboard/00010004.jpg,0
data/sorted/paper/00001525.jpg,3
data/sorted/cardboard/00018483.jpg,0
data/sorted/cardboard/00018027.jpg,0
data/sorted/glass/00005337.jpg,1
data/sorted/cardboard/00018037.jpg,0
data/sorted/cardboard/00002587.jpg,0
data/sorted/metal/00006475.jpg,2
data/sorted/glass/00004425.jpg,1
data/sorted/metal/00005890.jpg,2
data/sorted/plastic/00015924.jpg,4
data/sorted/plastic/00024417.jpg,4
data/sorted/metal/00013143.jpg,2
data/sorted/plastic/00016237.jpg,4
data/sorted/cardboard/00000192.jpg,0
data/sorted/glass/00011958.jpg,1
data/sorted/paper/00015212.jpg,3
data/sorted/paper/00014878.jpg,3
data/sorted/glass/00004842.jpg,1
data/sorted/paper/00022852.jpg,3
data/sorted/paper/00001349.jpg,3
data/sorted/cardboard/00003421.jpg,0
data/sorted/trash/00002415.jpg,5
data/sorted/paper/00014652.jpg,3
data/sorted/paper/00007647.jpg,3
data/sorted/metal/00006328.jpg,2
data/sorted/paper/00022225.jpg,3
data/sorted/cardboard/00010399.jpg,0
data/sorted/metal/00013995.jpg,2
data/sorted/glass/00011692.jpg,1
data/sorted/cardboard/00010943.jpg,0
data/sorted/glass/00004982.jpg,1
data/sorted/glass/00019546.jpg,1
data/sorted/plastic/00023430.jpg,4
data/sorted/metal/00013232.jpg,2
data/sorted/glass/00005207.jpg,1
data/sorted/cardboard/00018852.jpg,0
data/sorted/paper/00007309.jpg,3
data/sorted/plastic/00016782.jpg,4
data/sorted/plastic/00008903.jpg,4
data/sorted/glass/00019221.jpg,1
data/sorted/cardboard/00018799.jpg,0
data/sorted/paper/00007681.jpg,3
data/sorted/metal/00021524.jpg,2
data/sorted/paper/00015094.jpg,3
data/sorted/cardboard/00010350.jpg,0
data/sorted/glass/00004468.jpg,1
data/sorted/plastic/00008395.jpg,4
data/sorted/paper/00007453.jpg,3
data/sorted/plastic/00015901.jpg,4
data/sorted/cardboard/00010995.jpg,0
data/sorted/glass/00000669.jpg,1
data/sorted/plastic/00009174.jpg,4
data/sorted/plastic/00023563.jpg,4
data/sorted/plastic/00016334.jpg,4
data/sorted/trash/00024699.jpg,5
data/sorted/glass/00005307.jpg,1
data/sorted/plastic/00023731.jpg,4
data/sorted/trash/00009779.jpg,5
data/sorted/metal/00013665.jpg,2
data/sorted/glass/00012665.jpg,1
data/sorted/paper/00022370.jpg,3
data/sorted/plastic/00009426.jpg,4
data/sorted/cardboard/00003835.jpg,0
data/sorted/metal/00013179.jpg,2
data/sorted/glass/00019327.jpg,1
data/sorted/glass/00012477.jpg,1
data/sorted/cardboard/00018350.jpg,0
data/sorted/metal/00005712.jpg,2
data/sorted/glass/00004148.jpg,1
data/sorted/cardboard/00003751.jpg,0
data/sorted/plastic/00008282.jpg,4
data/sorted/plastic/00016623.jpg,4
data/sorted/plastic/00009112.jpg,4
data/sorted/metal/00005885.jpg,2
data/sorted/glass/00019158.jpg,1
data/sorted/cardboard/00002874.jpg,0
data/sorted/glass/00020564.jpg,1
data/sorted/glass/00019469.jpg,1
data/sorted/plastic/00009255.jpg,4
data/sorted/plastic/00015808.jpg,4
data/sorted/plastic/00015512.jpg,4
data/sorted/paper/00001580.jpg,3
data/sorted/glass/00011572.jpg,1
data/sorted/paper/00006684.jpg,3
data/sorted/metal/00006444.jpg,2
data/sorted/plastic/00016099.jpg,4
data/sorted/metal/00021116.jpg,2
data/sorted/cardboard/00017573.jpg,0
data/sorted/paper/00007747.jpg,3
data/sorted/metal/00006499.jpg,2
data/sorted/plastic/00009238.jpg,4
data/sorted/metal/00006508.jpg,2
data/sorted/glass/00000848.jpg,1
data/sorted/plastic/00023415.jpg,4
data/sorted/cardboard/00003351.jpg,0
data/sorted/metal/00013177.jpg,2
data/sorted/glass/00012867.jpg,1
data/sorted/metal/00013816.jpg,2
data/sorted/paper/00007055.jpg,3
data/sorted/cardboard/00002678.jpg,0
data/sorted/paper/00015179.jpg,3
data/sorted/cardboard/00003872.jpg,0
data/sorted/glass/00004134.jpg,1
data/sorted/metal/00020828.jpg,2
data/sorted/metal/00006528.jpg,2
data/sorted/cardboard/00010751.jpg,0
data/sorted/glass/00012923.jpg,1
data/sorted/trash/00009635.jpg,5
data/sorted/metal/00001220.jpg,2
data/sorted/paper/00001880.jpg,3
data/sorted/trash/00009815.jpg,5
data/sorted/paper/00007415.jpg,3
data/sorted/cardboard/00003856.jpg,0
data/sorted/metal/00001163.jpg,2
data/sorted/cardboard/00017991.jpg,0
data/sorted/cardboard/00018693.jpg,0
data/sorted/plastic/00016306.jpg,4
data/sorted/trash/00002486.jpg,5
data/sorted/plastic/00016581.jpg,4
data/sorted/cardboard/00018598.jpg,0
data/sorted/glass/00005308.jpg,1
data/sorted/glass/00000833.jpg,1
data/sorted/paper/00022554.jpg,3
data/sorted/plastic/00001951.jpg,4
data/sorted/glass/00000786.jpg,1
data/sorted/glass/00020071.jpg,1
data/sorted/paper/00007016.jpg,3
data/sorted/glass/00011746.jpg,1
data/sorted/glass/00020433.jpg,1
data/sorted/cardboard/00003401.jpg,0
data/sorted/paper/00014469.jpg,3
data/sorted/plastic/00002221.jpg,4
data/sorted/cardboard/00018196.jpg,0
data/sorted/cardboard/00010124.jpg,0
data/sorted/plastic/00002362.jpg,4
data/sorted/cardboard/00011215.jpg,0
data/sorted/trash/00024573.jpg,5
data/sorted/plastic/00015462.jpg,4
data/sorted/cardboard/00010846.jpg,0
data/sorted/glass/00012719.jpg,1
data/sorted/glass/00012163.jpg,1
data/sorted/cardboard/00010626.jpg,0
data/sorted/cardboard/00010752.jpg,0
data/sorted/plastic/00023539.jpg,4
data/sorted/trash/00017129.jpg,5
data/sorted/paper/00006916.jpg,3
data/sorted/metal/00006165.jpg,2
data/sorted/cardboard/00003709.jpg,0
data/sorted/cardboard/00002962.jpg,0
data/sorted/paper/00014352.jpg,3
data/sorted/plastic/00008502.jpg,4
data/sorted/metal/00001121.jpg,2
data/sorted/paper/00007437.jpg,3
data/sorted/paper/00022540.jpg,3
data/sorted/glass/00019259.jpg,1
data/sorted/plastic/00015732.jpg,4
data/sorted/trash/00024516.jpg,5
data/sorted/paper/00014375.jpg,3
data/sorted/plastic/00023042.jpg,4
data/sorted/glass/00012820.jpg,1
data/sorted/plastic/00016566.jpg,4
data/sorted/trash/00002440.jpg,5
data/sorted/paper/00022351.jpg,3
data/sorted/plastic/00015638.jpg,4
data/sorted/glass/00011565.jpg,1
data/sorted/paper/00001327.jpg,3
data/sorted/paper/00014502.jpg,3
data/sorted/plastic/00023414.jpg,4
data/sorted/plastic/00015592.jpg,4
data/sorted/plastic/00009518.jpg,4
data/sorted/plastic/00016449.jpg,4
data/sorted/glass/00005305.jpg,1
data/sorted/paper/00015204.jpg,3
data/sorted/plastic/00022905.jpg,4
data/sorted/glass/00004913.jpg,1
data/sorted/plastic/00008577.jpg,4
data/sorted/metal/00005818.jpg,2
data/sorted/paper/00022465.jpg,3
data/sorted/glass/00005222.jpg,1
data/sorted/plastic/00023806.jpg,4
data/sorted/trash/00024765.jpg,5
data/sorted/plastic/00015568.jpg,4
data/sorted/glass/00020484.jpg,1
data/sorted/paper/00014297.jpg,3
data/sorted/paper/00014623.jpg,3
data/sorted/glass/00012524.jpg,1
data/sorted/plastic/00023526.jpg,4
data/sorted/glass/00013085.jpg,1
data/sorted/glass/00011842.jpg,1
data/sorted/cardboard/00010783.jpg,0
data/sorted/metal/00020792.jpg,2
data/sorted/cardboard/00018268.jpg,0
data/sorted/paper/00014414.jpg,3
data/sorted/glass/00005513.jpg,1
data/sorted/glass/00019914.jpg,1
data/sorted/plastic/00016743.jpg,4
data/sorted/paper/00022720.jpg,3
data/sorted/metal/00021282.jpg,2
data/sorted/paper/00001428.jpg,3
data/sorted/paper/00015183.jpg,3
data/sorted/glass/00004607.jpg,1
data/sorted/glass/00005392.jpg,1
data/sorted/paper/00014908.jpg,3
data/sorted/paper/00021570.jpg,3
data/sorted/cardboard/00018218.jpg,0
data/sorted/plastic/00023627.jpg,4
data/sorted/plastic/00024108.jpg,4
data/sorted/metal/00013753.jpg,2
data/sorted/paper/00021627.jpg,3
data/sorted/paper/00022500.jpg,3
data/sorted/plastic/00023088.jpg,4
data/sorted/plastic/00009464.jpg,4
data/sorted/plastic/00023450.jpg,4
data/sorted/paper/00007335.jpg,3
data/sorted/cardboard/00018668.jpg,0
data/sorted/cardboard/00010428.jpg,0
data/sorted/paper/00007435.jpg,3
data/sorted/paper/00007759.jpg,3
data/sorted/trash/00024603.jpg,5
data/sorted/metal/00013338.jpg,2
data/sorted/paper/00021978.jpg,3
data/sorted/paper/00001671.jpg,3
data/sorted/paper/00007451.jpg,3
data/sorted/cardboard/00018718.jpg,0
data/sorted/paper/00007086.jpg,3
data/sorted/glass/00020287.jpg,1
data/sorted/cardboard/00018261.jpg,0
data/sorted/paper/00014778.jpg,3
data/sorted/plastic/00015963.jpg,4
data/sorted/paper/00015170.jpg,3
data/sorted/glass/00000459.jpg,1
data/sorted/plastic/00024118.jpg,4
data/sorted/glass/00019379.jpg,1
data/sorted/glass/00020256.jpg,1
data/sorted/trash/00009842.jpg,5
data/sorted/paper/00007067.jpg,3
data/sorted/cardboard/00000145.jpg,0
data/sorted/paper/00006657.jpg,3
data/sorted/glass/00011792.jpg,1
data/sorted/plastic/00009480.jpg,4
data/sorted/metal/00001133.jpg,2
data/sorted/plastic/00009297.jpg,4
data/sorted/glass/00013089.jpg,1
data/sorted/glass/00012854.jpg,1
data/sorted/plastic/00016559.jpg,4
data/sorted/cardboard/00003483.jpg,0
data/sorted/paper/00022442.jpg,3
data/sorted/metal/00013534.jpg,2
data/sorted/glass/00012271.jpg,1
data/sorted/plastic/00016480.jpg,4
data/sorted/paper/00001337.jpg,3
data/sorted/plastic/00023448.jpg,4
data/sorted/glass/00012501.jpg,1
data/sorted/metal/00021115.jpg,2
data/sorted/cardboard/00010398.jpg,0
data/sorted/cardboard/00018619.jpg,0
data/sorted/plastic/00023872.jpg,4
data/sorted/metal/00005871.jpg,2
data/sorted/plastic/00009350.jpg,4
data/sorted/cardboard/00010945.jpg,0
data/sorted/metal/00001262.jpg,2
data/sorted/paper/00014376.jpg,3
data/sorted/trash/00017307.jpg,5
data/sorted/plastic/00023896.jpg,4
data/sorted/glass/00020150.jpg,1
data/sorted/glass/00004802.jpg,1
data/sorted/glass/00004989.jpg,1
data/sorted/cardboard/00003416.jpg,0
data/sorted/cardboard/00011247.jpg,0
data/sorted/metal/00013531.jpg,2
data/sorted/plastic/00016228.jpg,4
data/sorted/glass/00000488.jpg,1
data/sorted/plastic/00023807.jpg,4
data/sorted/trash/00017407.jpg,5
data/sorted/glass/00004165.jpg,1
data/sorted/glass/00020230.jpg,1
data/sorted/cardboard/00010091.jpg,0
data/sorted/glass/00003944.jpg,1
data/sorted/metal/00021482.jpg,2
data/sorted/plastic/00023442.jpg,4
data/sorted/plastic/00023170.jpg,4
data/sorted/paper/00022177.jpg,3
data/sorted/plastic/00008890.jpg,4
data/sorted/trash/00017163.jpg,5
data/sorted/glass/00000432.jpg,1
data/sorted/cardboard/00010259.jpg,0
data/sorted/glass/00004037.jpg,1
data/sorted/cardboard/00010892.jpg,0
data/sorted/metal/00020642.jpg,2
data/sorted/paper/00022780.jpg,3
data/sorted/plastic/00016259.jpg,4
data/sorted/glass/00003951.jpg,1
data/sorted/plastic/00016147.jpg,4
data/sorted/glass/00004518.jpg,1
data/sorted/plastic/00009397.jpg,4
data/sorted/paper/00021892.jpg,3
data/sorted/metal/00013869.jpg,2
data/sorted/cardboard/00010268.jpg,0
data/sorted/glass/00004701.jpg,1
data/sorted/metal/00006291.jpg,2
data/sorted/plastic/00016624.jpg,4
data/sorted/glass/00004816.jpg,1
data/sorted/glass/00005244.jpg,1
data/sorted/cardboard/00003488.jpg,0
data/sorted/paper/00014235.jpg,3
data/sorted/glass/00011571.jpg,1
data/sorted/metal/00013493.jpg,2
data/sorted/metal/00020769.jpg,2
data/sorted/trash/00017144.jpg,5
data/sorted/plastic/00008079.jpg,4
data/sorted/glass/00004951.jpg,1
data/sorted/paper/00001510.jpg,3
data/sorted/paper/00021792.jpg,3
data/sorted/glass/00012367.jpg,1
data/sorted/cardboard/00003523.jpg,0
data/sorted/paper/00021678.jpg,3
data/sorted/paper/00014773.jpg,3
data/sorted/paper/00006975.jpg,3
data/sorted/plastic/00009450.jpg,4
data/sorted/glass/00003994.jpg,1
data/sorted/paper/00022230.jpg,3
data/sorted/paper/00006793.jpg,3
data/sorted/cardboard/00010773.jpg,0
data/sorted/plastic/00008702.jpg,4
data/sorted/metal/00021347.jpg,2
data/sorted/paper/00001548.jpg,3
data/sorted/paper/00022170.jpg,3
data/sorted/cardboard/00017974.jpg,0
data/sorted/cardboard/00010504.jpg,0
data/sorted/metal/00006556.jpg,2
data/sorted/plastic/00022968.jpg,4
data/sorted/plastic/00023789.jpg,4
data/sorted/glass/00012285.jpg,1
data/sorted/glass/00011689.jpg,1
data/sorted/trash/00009828.jpg,5
data/sorted/metal/00013146.jpg,2
data/sorted/plastic/00008148.jpg,4
data/sorted/glass/00004617.jpg,1
data/sorted/glass/00012364.jpg,1
data/sorted/glass/00012876.jpg,1
data/sorted/trash/00017180.jpg,5
data/sorted/trash/00002450.jpg,5
data/sorted/glass/00004133.jpg,1
data/sorted/plastic/00024057.jpg,4
data/sorted/plastic/00023496.jpg,4
data/sorted/cardboard/00018528.jpg,0
data/sorted/cardboard/00017939.jpg,0
data/sorted/plastic/00009291.jpg,4
data/sorted/metal/00021165.jpg,2
data/sorted/metal/00021053.jpg,2
data/sorted/metal/00021506.jpg,2
data/sorted/paper/00015010.jpg,3
data/sorted/paper/00022716.jpg,3
data/sorted/plastic/00016391.jpg,4
data/sorted/metal/00013231.jpg,2
data/sorted/trash/00024735.jpg,5
data/sorted/metal/00013974.jpg,2
data/sorted/cardboard/00018445.jpg,0
data/sorted/glass/00000433.jpg,1
data/sorted/glass/00011888.jpg,1
data/sorted/cardboard/00017787.jpg,0
data/sorted/metal/00014067.jpg,2
data/sorted/paper/00007083.jpg,3
data/sorted/plastic/00024256.jpg,4
data/sorted/cardboard/00017594.jpg,0
data/sorted/glass/00020005.jpg,1
data/sorted/glass/00011915.jpg,1
data/sorted/glass/00018888.jpg,1
data/sorted/paper/00007661.jpg,3
data/sorted/glass/00005402.jpg,1
data/sorted/glass/00019348.jpg,1
data/sorted/plastic/00023753.jpg,4
data/sorted/metal/00013211.jpg,2
data/sorted/cardboard/00003295.jpg,0
data/sorted/paper/00006623.jpg,3
data/sorted/plastic/00008070.jpg,4
data/sorted/metal/00006176.jpg,2
data/sorted/glass/00004268.jpg,1
data/sorted/paper/00021660.jpg,3
data/sorted/glass/00012218.jpg,1
data/sorted/plastic/00024444.jpg,4
data/sorted/metal/00006276.jpg,2
data/sorted/glass/00011576.jpg,1
data/sorted/plastic/00024329.jpg,4
data/sorted/metal/00020862.jpg,2
data/sorted/paper/00022294.jpg,3
data/sorted/plastic/00015967.jpg,4
data/sorted/paper/00022197.jpg,3
data/sorted/plastic/00008996.jpg,4
data/sorted/cardboard/00010072.jpg,0
data/sorted/metal/00013174.jpg,2
data/sorted/cardboard/00017692.jpg,0
data/sorted/glass/00004312.jpg,1
data/sorted/glass/00012404.jpg,1
data/sorted/cardboard/00018458.jpg,0
data/sorted/plastic/00008650.jpg,4
data/sorted/metal/00020752.jpg,2
data/sorted/plastic/00023002.jpg,4
data/sorted/cardboard/00017779.jpg,0
data/sorted/plastic/00023715.jpg,4
data/sorted/plastic/00016004.jpg,4
data/sorted/cardboard/00002576.jpg,0
data/sorted/paper/00015230.jpg,3
data/sorted/plastic/00023232.jpg,4
data/sorted/plastic/00023418.jpg,4
data/sorted/plastic/00002320.jpg,4
data/sorted/glass/00018971.jpg,1
data/sorted/plastic/00016134.jpg,4
data/sorted/metal/00013464.jpg,2
data/sorted/cardboard/00000000.jpg,0
data/sorted/paper/00014335.jpg,3
data/sorted/glass/00013087.jpg,1
data/sorted/paper/00007357.jpg,3
data/sorted/paper/00021980.jpg,3
data/sorted/plastic/00016862.jpg,4
data/sorted/plastic/00015815.jpg,4
data/sorted/cardboard/00003749.jpg,0
data/sorted/plastic/00008216.jpg,4
data/sorted/cardboard/00010762.jpg,0
data/sorted/glass/00019172.jpg,1
data/sorted/metal/00001063.jpg,2
data/sorted/cardboard/00000397.jpg,0
data/sorted/paper/00014215.jpg,3
data/sorted/glass/00019439.jpg,1
data/sorted/plastic/00008319.jpg,4
data/sorted/glass/00019050.jpg,1
data/sorted/paper/00015132.jpg,3
data/sorted/metal/00021257.jpg,2
data/sorted/paper/00006658.jpg,3
data/sorted/glass/00019574.jpg,1
data/sorted/glass/00005218.jpg,1
data/sorted/metal/00005958.jpg,2
data/sorted/plastic/00002355.jpg,4
data/sorted/paper/00014979.jpg,3
data/sorted/glass/00020290.jpg,1
data/sorted/cardboard/00010202.jpg,0
data/sorted/plastic/00001989.jpg,4
data/sorted/glass/00019387.jpg,1
data/sorted/plastic/00016583.jpg,4
data/sorted/plastic/00022871.jpg,4
data/sorted/cardboard/00011387.jpg,0
data/sorted/plastic/00002279.jpg,4
data/sorted/metal/00013852.jpg,2
data/sorted/paper/00001565.jpg,3
data/sorted/metal/00013253.jpg,2
data/sorted/plastic/00024201.jpg,4
data/sorted/glass/00003949.jpg,1
data/sorted/cardboard/00003337.jpg,0
data/sorted/glass/00000881.jpg,1
data/sorted/metal/00013658.jpg,2
data/sorted/plastic/00016901.jpg,4
data/sorted/trash/00017267.jpg,5
data/sorted/glass/00004395.jpg,1
data/sorted/paper/00007093.jpg,3
data/sorted/paper/00006736.jpg,3
data/sorted/plastic/00016828.jpg,4
data/sorted/paper/00014780.jpg,3
data/sorted/paper/00007808.jpg,3
data/sorted/trash/00002479.jpg,5
data/sorted/cardboard/00010701.jpg,0
data/sorted/glass/00005194.jpg,1
data/sorted/metal/00013325.jpg,2
data/sorted/metal/00001016.jpg,2
data/sorted/metal/00005973.jpg,2
data/sorted/glass/00012940.jpg,1
data/sorted/paper/00022686.jpg,3
data/sorted/plastic/00008845.jpg,4
data/sorted/metal/00020785.jpg,2
data/sorted/glass/00004630.jpg,1
data/sorted/paper/00006829.jpg,3
data/sorted/metal/00005896.jpg,2
data/sorted/plastic/00016424.jpg,4
data/sorted/cardboard/00010837.jpg,0
data/sorted/paper/00007814.jpg,3
data/sorted/paper/00006763.jpg,3
data/sorted/metal/00013429.jpg,2
data/sorted/glass/00012894.jpg,1
data/sorted/plastic/00022937.jpg,4
data/sorted/glass/00013002.jpg,1
data/sorted/plastic/00008213.jpg,4
data/sorted/paper/00001821.jpg,3
data/sorted/plastic/00008630.jpg,4
data/sorted/cardboard/00000255.jpg,0
data/sorted/cardboard/00011124.jpg,0
data/sorted/cardboard/00003842.jpg,0
data/sorted/plastic/00022976.jpg,4
data/sorted/paper/00007806.jpg,3
data/sorted/glass/00012248.jpg,1
data/sorted/trash/00017301.jpg,5
data/sorted/paper/00006885.jpg,3
data/sorted/cardboard/00018514.jpg,0
data/sorted/trash/00017025.jpg,5
data/sorted/plastic/00023822.jpg,4
data/sorted/plastic/00016558.jpg,4
data/sorted/paper/00007323.jpg,3
data/sorted/paper/00022010.jpg,3
data/sorted/plastic/00008443.jpg,4
data/sorted/cardboard/00002917.jpg,0
data/sorted/cardboard/00010016.jpg,0
data/sorted/glass/00019629.jpg,1
data/sorted/plastic/00016857.jpg,4
data/sorted/plastic/00023795.jpg,4
data/sorted/metal/00013773.jpg,2
data/sorted/plastic/00023307.jpg,4
data/sorted/metal/00006105.jpg,2
data/sorted/cardboard/00002684.jpg,0
data/sorted/plastic/00016991.jpg,4
data/sorted/cardboard/00003289.jpg,0
data/sorted/glass/00012624.jpg,1
data/sorted/trash/00017384.jpg,5
data/sorted/cardboard/00003370.jpg,0
data/sorted/metal/00013442.jpg,2
data/sorted/metal/00006507.jpg,2
data/sorted/glass/00018991.jpg,1
data/sorted/paper/00001607.jpg,3
data/sorted/paper/00022102.jpg,3
data/sorted/paper/00015369.jpg,3
data/sorted/glass/00019799.jpg,1
data/sorted/plastic/00024175.jpg,4
data/sorted/glass/00004648.jpg,1
data/sorted/paper/00022824.jpg,3
data/sorted/glass/00005636.jpg,1
data/sorted/metal/00013284.jpg,2
data/sorted/paper/00021804.jpg,3
data/sorted/trash/00024609.jpg,5
data/sorted/paper/00001352.jpg,3
data/sorted/plastic/00009413.jpg,4
data/sorted/cardboard/00010568.jpg,0
data/sorted/plastic/00002048.jpg,4
data/sorted/trash/00024564.jpg,5
data/sorted/paper/00022077.jpg,3
data/sorted/plastic/00008351.jpg,4
data/sorted/trash/00009631.jpg,5
data/sorted/cardboard/00011359.jpg,0
data/sorted/metal/00013630.jpg,2
data/sorted/metal/00006114.jpg,2
data/sorted/plastic/00009415.jpg,4
data/sorted/paper/00001350.jpg,3
data/sorted/paper/00015065.jpg,3
data/sorted/metal/00020696.jpg,2
data/sorted/paper/00006701.jpg,3
data/sorted/cardboard/00010217.jpg,0
data/sorted/metal/00000936.jpg,2
data/sorted/cardboard/00010588.jpg,0
data/sorted/cardboard/00011282.jpg,0
data/sorted/cardboard/00000208.jpg,0
data/sorted/cardboard/00010487.jpg,0
data/sorted/glass/00019197.jpg,1
data/sorted/plastic/00009483.jpg,4
data/sorted/plastic/00009098.jpg,4
data/sorted/glass/00012132.jpg,1
data/sorted/glass/00013102.jpg,1
data/sorted/paper/00021674.jpg,3
data/sorted/plastic/00016814.jpg,4
data/sorted/cardboard/00002565.jpg,0
data/sorted/glass/00019216.jpg,1
data/sorted/plastic/00016000.jpg,4
data/sorted/cardboard/00010667.jpg,0
data/sorted/glass/00004871.jpg,1
data/sorted/cardboard/00003561.jpg,0
data/sorted/plastic/00016930.jpg,4
data/sorted/glass/00019844.jpg,1
data/sorted/glass/00018970.jpg,1
data/sorted/paper/00021606.jpg,3
data/sorted/metal/00006021.jpg,2
data/sorted/cardboard/00017635.jpg,0
data/sorted/metal/00006493.jpg,2
data/sorted/glass/00000824.jpg,1
data/sorted/cardboard/00002741.jpg,0
data/sorted/plastic/00002051.jpg,4
data/sorted/paper/00022681.jpg,3
data/sorted/metal/00021343.jpg,2
data/sorted/paper/00001492.jpg,3
data/sorted/cardboard/00010508.jpg,0
data/sorted/metal/00005849.jpg,2
data/sorted/glass/00012859.jpg,1
data/sorted/plastic/00009379.jpg,4
data/sorted/metal/00005990.jpg,2
data/sorted/plastic/00022987.jpg,4
data/sorted/paper/00007703.jpg,3
data/sorted/trash/00017362.jpg,5
data/sorted/paper/00021683.jpg,3
data/sorted/glass/00019343.jpg,1
data/sorted/metal/00006591.jpg,2
data/sorted/plastic/00002215.jpg,4
data/sorted/plastic/00024024.jpg,4
data/sorted/glass/00004886.jpg,1
data/sorted/metal/00000953.jpg,2
data/sorted/paper/00001899.jpg,3
data/sorted/paper/00006664.jpg,3
data/sorted/glass/00005458.jpg,1
data/sorted/paper/00015141.jpg,3
data/sorted/paper/00021675.jpg,3
data/sorted/cardboard/00011202.jpg,0
data/sorted/glass/00012753.jpg,1
data/sorted/metal/00020887.jpg,2
data/sorted/glass/00019475.jpg,1
data/sorted/glass/00012890.jpg,1
data/sorted/metal/00020981.jpg,2
data/sorted/cardboard/00000034.jpg,0
data/sorted/glass/00019659.jpg,1
data/sorted/plastic/00009251.jpg,4
data/sorted/glass/00000838.jpg,1
data/sorted/cardboard/00010248.jpg,0
data/sorted/glass/00004335.jpg,1
data/sorted/plastic/00002369.jpg,4
data/sorted/glass/00004952.jpg,1
data/sorted/glass/00004125.jpg,1
data/sorted/trash/00024717.jpg,5
data/sorted/plastic/00024233.jpg,4
data/sorted/plastic/00023887.jpg,4
data/sorted/cardboard/00018123.jpg,0
data/sorted/plastic/00023564.jpg,4
data/sorted/plastic/00016436.jpg,4
data/sorted/paper/00007094.jpg,3
data/sorted/paper/00015362.jpg,3
data/sorted/cardboard/00010796.jpg,0
data/sorted/metal/00006347.jpg,2
data/sorted/cardboard/00003216.jpg,0
data/sorted/glass/00012954.jpg,1
data/sorted/paper/00007796.jpg,3
data/sorted/glass/00019363.jpg,1
data/sorted/plastic/00016375.jpg,4
data/sorted/metal/00006152.jpg,2
data/sorted/paper/00007073.jpg,3
data/sorted/plastic/00023800.jpg,4
data/sorted/metal/00021148.jpg,2
data/sorted/glass/00000444.jpg,1
data/sorted/glass/00000764.jpg,1
data/sorted/glass/00013066.jpg,1
data/sorted/plastic/00008407.jpg,4
data/sorted/trash/00002435.jpg,5
data/sorted/paper/00014847.jpg,3
data/sorted/paper/00007541.jpg,3
data/sorted/metal/00000967.jpg,2
data/sorted/paper/00014599.jpg,3
data/sorted/plastic/00015571.jpg,4
data/sorted/paper/00001382.jpg,3
data/sorted/paper/00022614.jpg,3
data/sorted/paper/00001589.jpg,3
data/sorted/cardboard/00017874.jpg,0
data/sorted/paper/00014229.jpg,3
data/sorted/paper/00022398.jpg,3
data/sorted/cardboard/00010909.jpg,0
data/sorted/metal/00005806.jpg,2
data/sorted/cardboard/00018652.jpg,0
data/sorted/glass/00012860.jpg,1
data/sorted/paper/00014835.jpg,3
data/sorted/metal/00006135.jpg,2
data/sorted/metal/00001007.jpg,2
data/sorted/paper/00001877.jpg,3
data/sorted/paper/00007799.jpg,3
data/sorted/paper/00015338.jpg,3
data/sorted/plastic/00009332.jpg,4
data/sorted/glass/00012276.jpg,1
data/sorted/metal/00005883.jpg,2
data/sorted/plastic/00023424.jpg,4
data/sorted/glass/00013062.jpg,1
data/sorted/plastic/00001980.jpg,4
data/sorted/plastic/00009329.jpg,4
data/sorted/plastic/00008615.jpg,4
data/sorted/glass/00019597.jpg,1
data/sorted/trash/00009896.jpg,5
data/sorted/glass/00005487.jpg,1
data/sorted/glass/00012623.jpg,1
data/sorted/metal/00020723.jpg,2
data/sorted/metal/00013221.jpg,2
data/sorted/plastic/00008271.jpg,4
data/sorted/plastic/00023018.jpg,4
data/sorted/glass/00020097.jpg,1
data/sorted/paper/00022778.jpg,3
data/sorted/paper/00022066.jpg,3
data/sorted/paper/00014627.jpg,3
data/sorted/plastic/00009190.jpg,4
data/sorted/trash/00024750.jpg,5
data/sorted/paper/00001434.jpg,3
data/sorted/plastic/00023180.jpg,4
data/sorted/glass/00004815.jpg,1
data/sorted/glass/00012628.jpg,1
data/sorted/metal/00006388.jpg,2
data/sorted/plastic/00024234.jpg,4
data/sorted/plastic/00008397.jpg,4
data/sorted/paper/00014364.jpg,3
data/sorted/plastic/00023009.jpg,4
data/sorted/plastic/00008548.jpg,4
data/sorted/paper/00007846.jpg,3
data/sorted/cardboard/00018410.jpg,0
data/sorted/metal/00021183.jpg,2
data/sorted/paper/00014913.jpg,3
data/sorted/glass/00020233.jpg,1
data/sorted/paper/00022353.jpg,3
data/sorted/plastic/00016589.jpg,4
data/sorted/cardboard/00003700.jpg,0
data/sorted/paper/00015217.jpg,3
data/sorted/cardboard/00000184.jpg,0
data/sorted/cardboard/00010439.jpg,0
data/sorted/cardboard/00003116.jpg,0
data/sorted/cardboard/00018313.jpg,0
data/sorted/metal/00013575.jpg,2
data/sorted/metal/00013810.jpg,2
data/sorted/cardboard/00000300.jpg,0
data/sorted/trash/00017066.jpg,5
data/sorted/glass/00005233.jpg,1
data/sorted/paper/00001815.jpg,3
data/sorted/cardboard/00003102.jpg,0
data/sorted/glass/00004589.jpg,1
data/sorted/metal/00013963.jpg,2
data/sorted/plastic/00008811.jpg,4
data/sorted/glass/00004108.jpg,1
data/sorted/glass/00004092.jpg,1
data/sorted/metal/00006543.jpg,2
data/sorted/cardboard/00003316.jpg,0
data/sorted/paper/00001820.jpg,3
data/sorted/cardboard/00018864.jpg,0
data/sorted/glass/00005381.jpg,1
data/sorted/glass/00019603.jpg,1
data/sorted/plastic/00023943.jpg,4
data/sorted/metal/00001112.jpg,2
data/sorted/plastic/00023751.jpg,4
data/sorted/glass/00000814.jpg,1
data/sorted/cardboard/00010703.jpg,0
data/sorted/cardboard/00000105.jpg,0
data/sorted/plastic/00023217.jpg,4
data/sorted/plastic/00008257.jpg,4
data/sorted/metal/00013892.jpg,2
data/sorted/paper/00014276.jpg,3
data/sorted/plastic/00016942.jpg,4
data/sorted/cardboard/00003407.jpg,0
data/sorted/glass/00020340.jpg,1
data/sorted/plastic/00008544.jpg,4
data/sorted/plastic/00008410.jpg,4
data/sorted/trash/00009790.jpg,5
data/sorted/glass/00011760.jpg,1
data/sorted/glass/00005420.jpg,1
data/sorted/glass/00004334.jpg,1
data/sorted/glass/00012292.jpg,1
data/sorted/glass/00019709.jpg,1
data/sorted/cardboard/00003725.jpg,0
data/sorted/glass/00012011.jpg,1
data/sorted/glass/00012088.jpg,1
data/sorted/metal/00005682.jpg,2
data/sorted/plastic/00015725.jpg,4
data/sorted/metal/00006437.jpg,2
data/sorted/glass/00012032.jpg,1
data/sorted/plastic/00023458.jpg,4
data/sorted/plastic/00009217.jpg,4
data/sorted/paper/00022508.jpg,3
data/sorted/glass/00012327.jpg,1
data/sorted/plastic/00016232.jpg,4
data/sorted/metal/00006097.jpg,2
data/sorted/cardboard/00000361.jpg,0
data/sorted/cardboard/00003201.jpg,0
data/sorted/cardboard/00003069.jpg,0
data/sorted/glass/00000701.jpg,1
data/sorted/glass/00011948.jpg,1
data/sorted/trash/00009692.jpg,5
data/sorted/cardboard/00011226.jpg,0
data/sorted/metal/00020919.jpg,2
data/sorted/plastic/00002226.jpg,4
data/sorted/glass/00019742.jpg,1
data/sorted/plastic/00008982.jpg,4
data/sorted/glass/00013090.jpg,1
data/sorted/plastic/00009358.jpg,4
data/sorted/metal/00001229.jpg,2
data/sorted/glass/00005319.jpg,1
data/sorted/metal/00001172.jpg,2
data/sorted/metal/00021203.jpg,2
data/sorted/paper/00006846.jpg,3
data/sorted/glass/00005654.jpg,1
data/sorted/trash/00024578.jpg,5
data/sorted/metal/00013977.jpg,2
data/sorted/glass/00005650.jpg,1
data/sorted/glass/00012618.jpg,1
data/sorted/trash/00024625.jpg,5
data/sorted/plastic/00015588.jpg,4
data/sorted/plastic/00008701.jpg,4
data/sorted/plastic/00008290.jpg,4
data/sorted/cardboard/00010184.jpg,0
data/sorted/glass/00011967.jpg,1
data/sorted/cardboard/00003438.jpg,0
data/sorted/glass/00019669.jpg,1
data/sorted/paper/00015014.jpg,3
data/sorted/plastic/00002161.jpg,4
data/sorted/paper/00022857.jpg,3
data/sorted/glass/00005355.jpg,1
data/sorted/cardboard/00010942.jpg,0
data/sorted/trash/00002458.jpg,5
data/sorted/trash/00024631.jpg,5
data/sorted/paper/00022589.jpg,3
data/sorted/glass/00004489.jpg,1
data/sorted/metal/00021067.jpg,2
data/sorted/glass/00000605.jpg,1
data/sorted/metal/00005703.jpg,2
data/sorted/cardboard/00018851.jpg,0
data/sorted/paper/00001766.jpg,3
data/sorted/glass/00011794.jpg,1
data/sorted/cardboard/00010265.jpg,0
data/sorted/cardboard/00010774.jpg,0
data/sorted/glass/00011508.jpg,1
data/sorted/cardboard/00003098.jpg,0
data/sorted/metal/00001244.jpg,2
data/sorted/metal/00021474.jpg,2
data/sorted/paper/00022048.jpg,3
data/sorted/paper/00007630.jpg,3
data/sorted/glass/00019166.jpg,1
data/sorted/cardboard/00002793.jpg,0
data/sorted/paper/00014277.jpg,3
data/sorted/paper/00014131.jpg,3
data/sorted/glass/00019527.jpg,1
data/sorted/glass/00005188.jpg,1
data/sorted/metal/00001151.jpg,2
data/sorted/glass/00012893.jpg,1
data/sorted/paper/00015101.jpg,3
data/sorted/plastic/00023512.jpg,4
data/sorted/glass/00012615.jpg,1
data/sorted/plastic/00024142.jpg,4
data/sorted/cardboard/00000022.jpg,0
data/sorted/glass/00012481.jpg,1
data/sorted/plastic/00024460.jpg,4
data/sorted/metal/00013727.jpg,2
data/sorted/plastic/00015787.jpg,4
data/sorted/plastic/00016587.jpg,4
data/sorted/plastic/00016401.jpg,4
data/sorted/paper/00014451.jpg,3
data/sorted/plastic/00023617.jpg,4
data/sorted/glass/00004528.jpg,1
data/sorted/metal/00021253.jpg,2
data/sorted/glass/00004114.jpg,1
data/sorted/plastic/00016504.jpg,4
data/sorted/cardboard/00010648.jpg,0
data/sorted/plastic/00015737.jpg,4
data/sorted/plastic/00016822.jpg,4
data/sorted/glass/00012895.jpg,1
data/sorted/cardboard/00010624.jpg,0
data/sorted/plastic/00015420.jpg,4
data/sorted/glass/00004581.jpg,1
data/sorted/paper/00022809.jpg,3
data/sorted/plastic/00023469.jpg,4
data/sorted/glass/00000825.jpg,1
data/sorted/metal/00006142.jpg,2
data/sorted/paper/00007442.jpg,3
data/sorted/metal/00021437.jpg,2
data/sorted/metal/00006398.jpg,2
data/sorted/paper/00007215.jpg,3
data/sorted/cardboard/00018100.jpg,0
data/sorted/glass/00012788.jpg,1
data/sorted/cardboard/00002643.jpg,0
data/sorted/glass/00012383.jpg,1
data/sorted/glass/00020363.jpg,1
data/sorted/glass/00020264.jpg,1
data/sorted/trash/00009958.jpg,5
data/sorted/glass/00020252.jpg,1
data/sorted/glass/00019704.jpg,1
data/sorted/metal/00013765.jpg,2
data/sorted/trash/00017039.jpg,5
data/sorted/paper/00015401.jpg,3
data/sorted/paper/00007658.jpg,3
data/sorted/glass/00012397.jpg,1
data/sorted/plastic/00008955.jpg,4
data/sorted/glass/00004493.jpg,1
data/sorted/plastic/00016035.jpg,4
data/sorted/metal/00021231.jpg,2
data/sorted/glass/00019613.jpg,1
data/sorted/paper/00022092.jpg,3
data/sorted/glass/00019884.jpg,1
data/sorted/glass/00000888.jpg,1
data/sorted/cardboard/00000403.jpg,0
data/sorted/plastic/00016873.jpg,4
data/sorted/plastic/00008095.jpg,4
data/sorted/paper/00014962.jpg,3
data/sorted/metal/00005812.jpg,2
data/sorted/glass/00012853.jpg,1
data/sorted/plastic/00008326.jpg,4
data/sorted/glass/00013034.jpg,1
data/sorted/metal/00020732.jpg,2
data/sorted/paper/00021993.jpg,3
data/sorted/trash/00024556.jpg,5
data/sorted/plastic/00023869.jpg,4
data/sorted/paper/00014718.jpg,3
data/sorted/trash/00002423.jpg,5
data/sorted/metal/00013592.jpg,2
data/sorted/glass/00020453.jpg,1
data/sorted/trash/00024733.jpg,5
data/sorted/plastic/00008235.jpg,4
data/sorted/paper/00015171.jpg,3
data/sorted/trash/00009899.jpg,5
data/sorted/plastic/00023405.jpg,4
data/sorted/trash/00002428.jpg,5
data/sorted/glass/00019700.jpg,1
data/sorted/cardboard/00018085.jpg,0
data/sorted/glass/00012680.jpg,1
data/sorted/plastic/00016230.jpg,4
data/sorted/plastic/00023237.jpg,4
data/sorted/paper/00014210.jpg,3
data/sorted/paper/00007937.jpg,3
data/sorted/metal/00021402.jpg,2
data/sorted/metal/00021264.jpg,2
data/sorted/trash/00024660.jpg,5
data/sorted/cardboard/00003701.jpg,0
data/sorted/glass/00019868.jpg,1
data/sorted/plastic/00016506.jpg,4
data/sorted/glass/00019410.jpg,1
data/sorted/plastic/00023538.jpg,4
data/sorted/metal/00021070.jpg,2
data/sorted/cardboard/00003218.jpg,0
data/sorted/glass/00005354.jpg,1
data/sorted/paper/00021841.jpg,3
data/sorted/metal/00006235.jpg,2
data/sorted/trash/00017004.jpg,5
data/sorted/metal/00021210.jpg,2
data/sorted/glass/00000704.jpg,1
data/sorted/glass/00004846.jpg,1
data/sorted/glass/00020203.jpg,1
data/sorted/metal/00001169.jpg,2
data/sorted/glass/00005231.jpg,1
data/sorted/trash/00009782.jpg,5
data/sorted/paper/00021878.jpg,3
data/sorted/metal/00021285.jpg,2
data/sorted/plastic/00016630.jpg,4
data/sorted/cardboard/00018321.jpg,0
data/sorted/paper/00014427.jpg,3
data/sorted/glass/00020496.jpg,1
data/sorted/glass/00005033.jpg,1
data/sorted/glass/00012596.jpg,1
data/sorted/glass/00011829.jpg,1
data/sorted/paper/00014753.jpg,3
data/sorted/glass/00019252.jpg,1
data/sorted/glass/00019549.jpg,1
data/sorted/metal/00013902.jpg,2
data/sorted/glass/00012437.jpg,1
data/sorted/cardboard/00011133.jpg,0
data/sorted/plastic/00023757.jpg,4
data/sorted/cardboard/00002634.jpg,0
data/sorted/glass/00004587.jpg,1
data/sorted/glass/00004793.jpg,1
data/sorted/plastic/00002246.jpg,4
data/sorted/paper/00001675.jpg,3
data/sorted/cardboard/00003671.jpg,0
data/sorted/paper/00001613.jpg,3
data/sorted/plastic/00024335.jpg,4
data/sorted/cardboard/00010028.jpg,0
data/sorted/paper/00015000.jpg,3
data/sorted/plastic/00008842.jpg,4
data/sorted/cardboard/00017587.jpg,0
data/sorted/plastic/00016546.jpg,4
data/sorted/paper/00007176.jpg,3
data/sorted/paper/00021922.jpg,3
data/sorted/paper/00007409.jpg,3
data/sorted/cardboard/00010512.jpg,0
data/sorted/plastic/00008161.jpg,4
data/sorted/cardboard/00018084.jpg,0
data/sorted/metal/00006433.jpg,2
data/sorted/metal/00020800.jpg,2
data/sorted/cardboard/00000177.jpg,0
data/sorted/glass/00004670.jpg,1
data/sorted/glass/00004503.jpg,1
data/sorted/paper/00007162.jpg,3
data/sorted/glass/00019542.jpg,1
data/sorted/glass/00020497.jpg,1
data/sorted/plastic/00008486.jpg,4
data/sorted/glass/00004857.jpg,1
data/sorted/paper/00022122.jpg,3
data/sorted/trash/00009541.jpg,5
data/sorted/plastic/00024401.jpg,4
data/sorted/cardboard/00018478.jpg,0
data/sorted/paper/00021692.jpg,3
data/sorted/glass/00020508.jpg,1
data/sorted/paper/00022573.jpg,3
data/sorted/paper/00022053.jpg,3
data/sorted/plastic/00015851.jpg,4
data/sorted/plastic/00008791.jpg,4
data/sorted/plastic/00023713.jpg,4
data/sorted/metal/00005745.jpg,2
data/sorted/paper/00007591.jpg,3
data/sorted/cardboard/00010329.jpg,0
data/sorted/cardboard/00018504.jpg,0
data/sorted/metal/00005784.jpg,2
data/sorted/cardboard/00002607.jpg,0
data/sorted/glass/00020248.jpg,1
data/sorted/glass/00004410.jpg,1
data/sorted/plastic/00024063.jpg,4
data/sorted/glass/00012622.jpg,1
data/sorted/cardboard/00018353.jpg,0
data/sorted/plastic/00008904.jpg,4
data/sorted/glass/00005282.jpg,1
data/sorted/cardboard/00002950.jpg,0
data/sorted/glass/00019908.jpg,1
data/sorted/plastic/00002173.jpg,4
data/sorted/plastic/00008031.jpg,4
data/sorted/glass/00012635.jpg,1
data/sorted/plastic/00008924.jpg,4
data/sorted/cardboard/00010458.jpg,0
data/sorted/glass/00012288.jpg,1
data/sorted/cardboard/00018784.jpg,0
data/sorted/paper/00001906.jpg,3
data/sorted/plastic/00001956.jpg,4
data/sorted/paper/00014921.jpg,3
data/sorted/plastic/00024398.jpg,4
data/sorted/cardboard/00018858.jpg,0
data/sorted/paper/00014362.jpg,3
data/sorted/plastic/00015698.jpg,4
data/sorted/trash/00024813.jpg,5
data/sorted/paper/00014167.jpg,3
data/sorted/glass/00005297.jpg,1
data/sorted/plastic/00008529.jpg,4
data/sorted/cardboard/00010290.jpg,0
data/sorted/plastic/00008298.jpg,4
data/sorted/glass/00012414.jpg,1
data/sorted/paper/00021834.jpg,3
data/sorted/paper/00007429.jpg,3
data/sorted/plastic/00009142.jpg,4
data/sorted/paper/00021676.jpg,3
data/sorted/paper/00022555.jpg,3
data/sorted/glass/00011620.jpg,1
data/sorted/paper/00001712.jpg,3
data/sorted/plastic/00022990.jpg,4
data/sorted/glass/00004299.jpg,1
data/sorted/glass/00000891.jpg,1
data/sorted/metal/00021230.jpg,2
data/sorted/paper/00022535.jpg,3
data/sorted/cardboard/00000256.jpg,0
data/sorted/paper/00021762.jpg,3
data/sorted/glass/00019465.jpg,1
data/sorted/plastic/00009269.jpg,4
data/sorted/paper/00007877.jpg,3
data/sorted/paper/00007107.jpg,3
data/sorted/cardboard/00002743.jpg,0
data/sorted/plastic/00022955.jpg,4
data/sorted/plastic/00002124.jpg,4
data/sorted/glass/00019145.jpg,1
data/sorted/plastic/00023333.jpg,4
data/sorted/paper/00014263.jpg,3
data/sorted/paper/00001387.jpg,3
data/sorted/trash/00009773.jpg,5
data/sorted/plastic/00016751.jpg,4
data/sorted/cardboard/00018429.jpg,0
data/sorted/plastic/00009152.jpg,4
data/sorted/metal/00013740.jpg,2
data/sorted/glass/00020181.jpg,1
data/sorted/cardboard/00010461.jpg,0
data/sorted/metal/00001149.jpg,2
data/sorted/cardboard/00018202.jpg,0
data/sorted/plastic/00015646.jpg,4
data/sorted/glass/00020423.jpg,1
data/sorted/glass/00012009.jpg,1
data/sorted/glass/00004711.jpg,1
data/sorted/paper/00014982.jpg,3
data/sorted/cardboard/00010576.jpg,0
data/sorted/cardboard/00018419.jpg,0
data/sorted/glass/00004146.jpg,1
data/sorted/metal/00020620.jpg,2
data/sorted/glass/00019674.jpg,1
data/sorted/trash/00024835.jpg,5
data/sorted/glass/00004805.jpg,1
data/sorted/cardboard/00017505.jpg,0
data/sorted/glass/00012650.jpg,1
data/sorted/glass/00019774.jpg,1
data/sorted/paper/00007860.jpg,3
data/sorted/paper/00014478.jpg,3
data/sorted/glass/00019828.jpg,1
data/sorted/cardboard/00010165.jpg,0
data/sorted/cardboard/00003221.jpg,0
data/sorted/plastic/00002083.jpg,4
data/sorted/paper/00014808.jpg,3
data/sorted/paper/00014742.jpg,3
data/sorted/paper/00006909.jpg,3
data/sorted/glass/00019835.jpg,1
data/sorted/glass/00012030.jpg,1
data/sorted/glass/00005024.jpg,1
data/sorted/plastic/00008446.jpg,4
data/sorted/plastic/00023122.jpg,4
data/sorted/plastic/00001911.jpg,4
data/sorted/plastic/00023228.jpg,4
data/sorted/paper/00007188.jpg,3
data/sorted/paper/00021597.jpg,3
data/sorted/paper/00014926.jpg,3
data/sorted/glass/00012844.jpg,1
data/sorted/cardboard/00017580.jpg,0
data/sorted/glass/00012371.jpg,1
data/sorted/metal/00006477.jpg,2
data/sorted/metal/00020883.jpg,2
data/sorted/glass/00019447.jpg,1
data/sorted/paper/00022265.jpg,3
data/sorted/paper/00022734.jpg,3
data/sorted/paper/00021975.jpg,3
data/sorted/paper/00007879.jpg,3
data/sorted/metal/00013480.jpg,2
data/sorted/plastic/00023665.jpg,4
data/sorted/plastic/00016489.jpg,4
data/sorted/paper/00014351.jpg,3
data/sorted/cardboard/00002889.jpg,0
data/sorted/cardboard/00003850.jpg,0
data/sorted/plastic/00016847.jpg,4
data/sorted/metal/00013365.jpg,2
data/sorted/metal/00014027.jpg,2
data/sorted/paper/00022659.jpg,3
data/sorted/plastic/00015708.jpg,4
data/sorted/metal/00021284.jpg,2
data/sorted/metal/00006196.jpg,2
data/sorted/glass/00000656.jpg,1
data/sorted/paper/00015399.jpg,3
data/sorted/trash/00024790.jpg,5
data/sorted/cardboard/00003099.jpg,0
data/sorted/glass/00000661.jpg,1
data/sorted/glass/00011701.jpg,1
data/sorted/glass/00019571.jpg,1
data/sorted/cardboard/00018256.jpg,0
data/sorted/glass/00011552.jpg,1
data/sorted/plastic/00016735.jpg,4
data/sorted/plastic/00024224.jpg,4
data/sorted/cardboard/00017913.jpg,0
data/sorted/paper/00022620.jpg,3
data/sorted/glass/00005609.jpg,1
data/sorted/glass/00000658.jpg,1
data/sorted/cardboard/00010805.jpg,0
data/sorted/glass/00020519.jpg,1
data/sorted/plastic/00009047.jpg,4
data/sorted/metal/00013895.jpg,2
data/sorted/glass/00004243.jpg,1
data/sorted/plastic/00008380.jpg,4
data/sorted/glass/00019308.jpg,1
data/sorted/paper/00015326.jpg,3
data/sorted/paper/00001808.jpg,3
data/sorted/cardboard/00003843.jpg,0
data/sorted/plastic/00023330.jpg,4
data/sorted/metal/00006536.jpg,2
data/sorted/glass/00012713.jpg,1
data/sorted/metal/00020876.jpg,2
data/sorted/plastic/00024046.jpg,4
data/sorted/cardboard/00003181.jpg,0
data/sorted/cardboard/00018074.jpg,0
data/sorted/glass/00000800.jpg,1
data/sorted/paper/00001847.jpg,3
data/sorted/glass/00012279.jpg,1
data/sorted/glass/00019943.jpg,1
data/sorted/glass/00004191.jpg,1
data/sorted/trash/00024495.jpg,5
data/sorted/metal/00006089.jpg,2
data/sorted/cardboard/00000012.jpg,0
data/sorted/cardboard/00003477.jpg,0
data/sorted/paper/00006960.jpg,3
data/sorted/glass/00004626.jpg,1
data/sorted/glass/00000671.jpg,1
data/sorted/cardboard/00002655.jpg,0
data/sorted/plastic/00024049.jpg,4
data/sorted/trash/00002498.jpg,5
data/sorted/cardboard/00003544.jpg,0
data/sorted/paper/00015223.jpg,3
data/sorted/cardboard/00018720.jpg,0
data/sorted/glass/00004383.jpg,1
data/sorted/metal/00005798.jpg,2
data/sorted/cardboard/00003529.jpg,0
data/sorted/glass/00005380.jpg,1
data/sorted/glass/00004788.jpg,1
data/sorted/cardboard/00017967.jpg,0
data/sorted/metal/00005775.jpg,2
data/sorted/glass/00005581.jpg,1
data/sorted/trash/00002421.jpg,5
data/sorted/metal/00001180.jpg,2
data/sorted/trash/00024789.jpg,5
data/sorted/cardboard/00000257.jpg,0
data/sorted/glass/00005195.jpg,1
data/sorted/glass/00005357.jpg,1
data/sorted/plastic/00009076.jpg,4
data/sorted/glass/00005430.jpg,1
data/sorted/glass/00018916.jpg,1
data/sorted/glass/00020322.jpg,1
data/sorted/glass/00005012.jpg,1
data/sorted/glass/00012339.jpg,1
data/sorted/cardboard/00018246.jpg,0
data/sorted/plastic/00008715.jpg,4
data/sorted/paper/00014763.jpg,3
data/sorted/plastic/00015627.jpg,4
data/sorted/cardboard/00017485.jpg,0
data/sorted/plastic/00015817.jpg,4
data/sorted/paper/00014217.jpg,3
data/sorted/paper/00021559.jpg,3
data/sorted/metal/00014043.jpg,2
data/sorted/paper/00007888.jpg,3
data/sorted/plastic/00023314.jpg,4
data/sorted/paper/00001851.jpg,3
data/sorted/trash/00009814.jpg,5
data/sorted/glass/00000694.jpg,1
data/sorted/cardboard/00010018.jpg,0
data/sorted/plastic/00008918.jpg,4
data/sorted/cardboard/00018371.jpg,0
data/sorted/paper/00014614.jpg,3
data/sorted/cardboard/00017943.jpg,0
data/sorted/cardboard/00011083.jpg,0
data/sorted/glass/00012431.jpg,1
data/sorted/plastic/00015860.jpg,4
data/sorted/trash/00017437.jpg,5
data/sorted/plastic/00023017.jpg,4
data/sorted/plastic/00008291.jpg,4
data/sorted/plastic/00009316.jpg,4
data/sorted/plastic/00008109.jpg,4
data/sorted/plastic/00008077.jpg,4
data/sorted/plastic/00008000.jpg,4
data/sorted/cardboard/00010343.jpg,0
data/sorted/trash/00017244.jpg,5
data/sorted/paper/00022004.jpg,3
data/sorted/paper/00006648.jpg,3
data/sorted/cardboard/00018255.jpg,0
data/sorted/glass/00018904.jpg,1
data/sorted/paper/00014533.jpg,3
data/sorted/paper/00021731.jpg,3
data/sorted/plastic/00016948.jpg,4
data/sorted/glass/00000806.jpg,1
data/sorted/cardboard/00010747.jpg,0
data/sorted/paper/00022063.jpg,3
data/sorted/plastic/00023760.jpg,4
data/sorted/plastic/00015846.jpg,4
data/sorted/paper/00014517.jpg,3
data/sorted/paper/00014083.jpg,3
data/sorted/metal/00020668.jpg,2
data/sorted/plastic/00008763.jpg,4
data/sorted/glass/00005518.jpg,1
data/sorted/glass/00004278.jpg,1
data/sorted/cardboard/00010623.jpg,0
data/sorted/cardboard/00010230.jpg,0
data/sorted/plastic/00024213.jpg,4
data/sorted/cardboard/00003784.jpg,0
data/sorted/plastic/00008021.jpg,4
data/sorted/paper/00014246.jpg,3
data/sorted/glass/00011674.jpg,1
data/sorted/trash/00024635.jpg,5
data/sorted/plastic/00008254.jpg,4
data/sorted/glass/00004911.jpg,1
data/sorted/glass/00020300.jpg,1
data/sorted/glass/00000823.jpg,1
data/sorted/metal/00013932.jpg,2
data/sorted/cardboard/00011219.jpg,0
data/sorted/trash/00002410.jpg,5
data/sorted/glass/00020348.jpg,1
data/sorted/metal/00021306.jpg,2
data/sorted/paper/00014997.jpg,3
data/sorted/paper/00007238.jpg,3
data/sorted/plastic/00024342.jpg,4
data/sorted/glass/00012454.jpg,1
data/sorted/cardboard/00010258.jpg,0
data/sorted/cardboard/00000163.jpg,0
data/sorted/glass/00000834.jpg,1
data/sorted/plastic/00008643.jpg,4
data/sorted/plastic/00016810.jpg,4
data/sorted/cardboard/00002934.jpg,0
data/sorted/plastic/00016090.jpg,4
data/sorted/glass/00005303.jpg,1
data/sorted/glass/00019875.jpg,1
data/sorted/glass/00020501.jpg,1
data/sorted/glass/00012471.jpg,1
data/sorted/cardboard/00010284.jpg,0
data/sorted/glass/00004836.jpg,1
data/sorted/glass/00012361.jpg,1
data/sorted/cardboard/00018205.jpg,0
data/sorted/glass/00004686.jpg,1
data/sorted/metal/00013739.jpg,2
data/sorted/paper/00001824.jpg,3
data/sorted/trash/00009786.jpg,5
data/sorted/cardboard/00010132.jpg,0
data/sorted/paper/00014140.jpg,3
data/sorted/glass/00011461.jpg,1
data/sorted/plastic/00023621.jpg,4
data/sorted/paper/00014464.jpg,3
data/sorted/metal/00014017.jpg,2
data/sorted/plastic/00016775.jpg,4
data/sorted/plastic/00016654.jpg,4
data/sorted/paper/00021637.jpg,3
data/sorted/glass/00004660.jpg,1
data/sorted/glass/00000471.jpg,1
data/sorted/metal/00006038.jpg,2
data/sorted/paper/00001336.jpg,3
data/sorted/paper/00021912.jpg,3
data/sorted/paper/00007231.jpg,3
data/sorted/glass/00012999.jpg,1
data/sorted/plastic/00002367.jpg,4
data/sorted/glass/00019266.jpg,1
data/sorted/trash/00009634.jpg,5
data/sorted/glass/00011682.jpg,1
data/sorted/paper/00021788.jpg,3
data/sorted/glass/00019142.jpg,1
data/sorted/plastic/00023230.jpg,4
data/sorted/glass/00013097.jpg,1
data/sorted/plastic/00009484.jpg,4
data/sorted/paper/00022556.jpg,3
data/sorted/glass/00011990.jpg,1
data/sorted/paper/00007392.jpg,3
data/sorted/cardboard/00000246.jpg,0
data/sorted/cardboard/00000401.jpg,0
data/sorted/plastic/00008110.jpg,4
data/sorted/glass/00005141.jpg,1
data/sorted/plastic/00008311.jpg,4
data/sorted/paper/00007503.jpg,3
data/sorted/plastic/00023298.jpg,4
data/sorted/paper/00015349.jpg,3
data/sorted/cardboard/00003930.jpg,0
data/sorted/paper/00001869.jpg,3
data/sorted/trash/00009758.jpg,5
data/sorted/metal/00021426.jpg,2
data/sorted/glass/00020240.jpg,1
data/sorted/metal/00013164.jpg,2
data/sorted/paper/00022729.jpg,3
data/sorted/trash/00009744.jpg,5
data/sorted/glass/00004197.jpg,1
data/sorted/cardboard/00017916.jpg,0
data/sorted/paper/00007557.jpg,3
data/sorted/paper/00021808.jpg,3
data/sorted/plastic/00016967.jpg,4
data/sorted/metal/00005687.jpg,2
data/sorted/plastic/00008516.jpg,4
data/sorted/trash/00024557.jpg,5
data/sorted/glass/00012516.jpg,1
data/sorted/metal/00020922.jpg,2
data/sorted/cardboard/00010060.jpg,0
data/sorted/plastic/00023914.jpg,4
data/sorted/plastic/00024193.jpg,4
data/sorted/paper/00007628.jpg,3
data/sorted/glass/00005480.jpg,1
data/sorted/glass/00005190.jpg,1
data/sorted/cardboard/00010373.jpg,0
data/sorted/trash/00017358.jpg,5
data/sorted/cardboard/00003335.jpg,0
data/sorted/paper/00014861.jpg,3
data/sorted/paper/00022787.jpg,3
data/sorted/plastic/00023930.jpg,4
data/sorted/plastic/00023784.jpg,4
data/sorted/paper/00007266.jpg,3
data/sorted/cardboard/00000147.jpg,0
data/sorted/plastic/00008561.jpg,4
data/sorted/glass/00000801.jpg,1
data/sorted/paper/00022840.jpg,3
data/sorted/metal/00021342.jpg,2
data/sorted/paper/00015151.jpg,3
data/sorted/paper/00006672.jpg,3
data/sorted/metal/00013616.jpg,2
data/sorted/cardboard/00010105.jpg,0
data/sorted/glass/00012910.jpg,1
data/sorted/plastic/00008559.jpg,4
data/sorted/glass/00011950.jpg,1
data/sorted/glass/00000666.jpg,1
data/sorted/paper/00007310.jpg,3
data/sorted/trash/00002518.jpg,5
data/sorted/cardboard/00018052.jpg,0
data/sorted/glass/00004180.jpg,1
data/sorted/plastic/00016627.jpg,4
data/sorted/cardboard/00010524.jpg,0
data/sorted/plastic/00008956.jpg,4
data/sorted/metal/00021472.jpg,2
data/sorted/trash/00024788.jpg,5
data/sorted/paper/00007483.jpg,3
data/sorted/plastic/00007975.jpg,4
data/sorted/glass/00020585.jpg,1
data/sorted/plastic/00009352.jpg,4
data/sorted/trash/00024903.jpg,5
data/sorted/glass/00012678.jpg,1
data/sorted/metal/00006515.jpg,2
data/sorted/cardboard/00002621.jpg,0
data/sorted/cardboard/00017926.jpg,0
data/sorted/trash/00024905.jpg,5
data/sorted/cardboard/00003496.jpg,0
data/sorted/metal/00005837.jpg,2
data/sorted/cardboard/00002833.jpg,0
data/sorted/cardboard/00018092.jpg,0
data/sorted/glass/00012189.jpg,1
data/sorted/cardboard/00000187.jpg,0
data/sorted/paper/00022859.jpg,3
data/sorted/glass/00004840.jpg,1
data/sorted/paper/00021813.jpg,3
data/sorted/plastic/00008038.jpg,4
data/sorted/cardboard/00010658.jpg,0
data/sorted/paper/00022205.jpg,3
data/sorted/plastic/00023016.jpg,4
data/sorted/trash/00002482.jpg,5
data/sorted/cardboard/00010334.jpg,0
data/sorted/paper/00014576.jpg,3
data/sorted/plastic/00024385.jpg,4
data/sorted/metal/00001241.jpg,2
data/sorted/metal/00013367.jpg,2
data/sorted/plastic/00016780.jpg,4
data/sorted/paper/00006969.jpg,3
data/sorted/glass/00011779.jpg,1
data/sorted/glass/00004504.jpg,1
data/sorted/metal/00020803.jpg,2
data/sorted/plastic/00024383.jpg,4
data/sorted/glass/00012460.jpg,1
data/sorted/plastic/00023666.jpg,4
data/sorted/paper/00006624.jpg,3
data/sorted/glass/00018866.jpg,1
data/sorted/paper/00001750.jpg,3
data/sorted/glass/00019985.jpg,1
data/sorted/cardboard/00018745.jpg,0
data/sorted/glass/00013010.jpg,1
data/sorted/cardboard/00010825.jpg,0
data/sorted/paper/00014626.jpg,3
data/sorted/metal/00006330.jpg,2
data/sorted/glass/00020053.jpg,1
data/sorted/paper/00007581.jpg,3
data/sorted/cardboard/00010597.jpg,0
data/sorted/plastic/00023120.jpg,4
data/sorted/metal/00021481.jpg,2
data/sorted/glass/00000744.jpg,1
data/sorted/glass/00011687.jpg,1
data/sorted/plastic/00016080.jpg,4
data/sorted/cardboard/00018539.jpg,0
data/sorted/glass/00019750.jpg,1
data/sorted/paper/00014144.jpg,3
data/sorted/cardboard/00003412.jpg,0
data/sorted/cardboard/00003632.jpg,0
data/sorted/paper/00007050.jpg,3
data/sorted/paper/00001459.jpg,3
data/sorted/trash/00024677.jpg,5
data/sorted/plastic/00023622.jpg,4
data/sorted/plastic/00009380.jpg,4
data/sorted/paper/00021776.jpg,3
data/sorted/cardboard/00003680.jpg,0
data/sorted/cardboard/00003845.jpg,0
data/sorted/glass/00005196.jpg,1
data/sorted/glass/00019415.jpg,1
data/sorted/cardboard/00003712.jpg,0
data/sorted/trash/00002495.jpg,5
data/sorted/glass/00019489.jpg,1
data/sorted/glass/00000725.jpg,1
data/sorted/plastic/00023535.jpg,4
data/sorted/metal/00013355.jpg,2
data/sorted/glass/00005421.jpg,1
data/sorted/paper/00015195.jpg,3
data/sorted/paper/00014085.jpg,3
data/sorted/glass/00004921.jpg,1
data/sorted/glass/00000473.jpg,1
data/sorted/paper/00022463.jpg,3
data/sorted/plastic/00002034.jpg,4
data/sorted/plastic/00023519.jpg,4
data/sorted/plastic/00023808.jpg,4
data/sorted/plastic/00008263.jpg,4
data/sorted/trash/00002521.jpg,5
data/sorted/cardboard/00018335.jpg,0
data/sorted/plastic/00023423.jpg,4
data/sorted/glass/00011951.jpg,1
data/sorted/cardboard/00017597.jpg,0
data/sorted/glass/00019116.jpg,1
data/sorted/paper/00007356.jpg,3
data/sorted/cardboard/00018434.jpg,0
data/sorted/paper/00014615.jpg,3
data/sorted/glass/00004455.jpg,1
data/sorted/glass/00020338.jpg,1
data/sorted/paper/00001416.jpg,3
data/sorted/trash/00002522.jpg,5
data/sorted/glass/00020030.jpg,1
data/sorted/cardboard/00018277.jpg,0
data/sorted/cardboard/00000190.jpg,0
data/sorted/plastic/00023761.jpg,4
data/sorted/paper/00007924.jpg,3
data/sorted/glass/00004416.jpg,1
data/sorted/glass/00012076.jpg,1
data/sorted/metal/00006501.jpg,2
data/sorted/cardboard/00010845.jpg,0
data/sorted/cardboard/00010023.jpg,0
data/sorted/paper/00006888.jpg,3
data/sorted/paper/00007071.jpg,3
data/sorted/plastic/00024157.jpg,4
data/sorted/plastic/00016162.jpg,4
data/sorted/glass/00012834.jpg,1
data/sorted/paper/00007875.jpg,3
data/sorted/paper/00022845.jpg,3
data/sorted/plastic/00009472.jpg,4
data/sorted/glass/00020232.jpg,1
data/sorted/plastic/00008993.jpg,4
data/sorted/glass/00012584.jpg,1
data/sorted/metal/00005893.jpg,2
data/sorted/paper/00015243.jpg,3
data/sorted/cardboard/00003411.jpg,0
data/sorted/glass/00011974.jpg,1
data/sorted/glass/00004688.jpg,1
data/sorted/paper/00001479.jpg,3
data/sorted/plastic/00008025.jpg,4
data/sorted/cardboard/00003801.jpg,0
data/sorted/cardboard/00003755.jpg,0
data/sorted/glass/00005299.jpg,1
data/sorted/paper/00001500.jpg,3
data/sorted/plastic/00002360.jpg,4
data/sorted/cardboard/00000273.jpg,0
data/sorted/metal/00013482.jpg,2
data/sorted/plastic/00024099.jpg,4
data/sorted/paper/00014173.jpg,3
data/sorted/plastic/00016158.jpg,4
data/sorted/paper/00001537.jpg,3
data/sorted/trash/00024595.jpg,5
data/sorted/trash/00024663.jpg,5
data/sorted/plastic/00015610.jpg,4
data/sorted/glass/00019268.jpg,1
data/sorted/glass/00004668.jpg,1
data/sorted/paper/00014357.jpg,3
data/sorted/glass/00020153.jpg,1
data/sorted/plastic/00015655.jpg,4
data/sorted/glass/00019722.jpg,1
data/sorted/paper/00006942.jpg,3
data/sorted/glass/00004094.jpg,1
data/sorted/cardboard/00011239.jpg,0
data/sorted/glass/00019981.jpg,1
data/sorted/plastic/00009258.jpg,4
data/sorted/paper/00021982.jpg,3
data/sorted/plastic/00009284.jpg,4
data/sorted/trash/00024509.jpg,5
data/sorted/metal/00013606.jpg,2
data/sorted/glass/00004481.jpg,1
data/sorted/plastic/00008651.jpg,4
data/sorted/glass/00013082.jpg,1
data/sorted/glass/00003962.jpg,1
data/sorted/cardboard/00010847.jpg,0
data/sorted/glass/00011672.jpg,1
data/sorted/glass/00004526.jpg,1
data/sorted/plastic/00023452.jpg,4
data/sorted/plastic/00022991.jpg,4
data/sorted/paper/00006704.jpg,3
data/sorted/glass/00012222.jpg,1
data/sorted/trash/00009859.jpg,5
data/sorted/cardboard/00018288.jpg,0
data/sorted/paper/00001755.jpg,3
data/sorted/glass/00012590.jpg,1
data/sorted/cardboard/00002671.jpg,0
data/sorted/cardboard/00002865.jpg,0
data/sorted/trash/00002422.jpg,5
data/sorted/metal/00021153.jpg,2
data/sorted/cardboard/00003588.jpg,0
data/sorted/glass/00000538.jpg,1
data/sorted/cardboard/00010035.jpg,0
data/sorted/metal/00013148.jpg,2
data/sorted/cardboard/00018698.jpg,0
data/sorted/paper/00022712.jpg,3
data/sorted/trash/00017032.jpg,5
data/sorted/paper/00015328.jpg,3
data/sorted/cardboard/00017558.jpg,0
data/sorted/trash/00024889.jpg,5
data/sorted/plastic/00016966.jpg,4
data/sorted/metal/00020947.jpg,2
data/sorted/glass/00018951.jpg,1
data/sorted/metal/00000913.jpg,2
data/sorted/cardboard/00018821.jpg,0
data/sorted/cardboard/00017933.jpg,0
data/sorted/metal/00020768.jpg,2
data/sorted/cardboard/00010415.jpg,0
data/sorted/paper/00007553.jpg,3
data/sorted/glass/00019926.jpg,1
data/sorted/glass/00019296.jpg,1
data/sorted/paper/00022368.jpg,3
data/sorted/plastic/00009504.jpg,4
data/sorted/metal/00020815.jpg,2
data/sorted/paper/00021557.jpg,3
data/sorted/plastic/00008218.jpg,4
data/sorted/plastic/00016545.jpg,4
data/sorted/plastic/00015672.jpg,4
data/sorted/glass/00005204.jpg,1
data/sorted/glass/00005342.jpg,1
data/sorted/paper/00006809.jpg,3
data/sorted/plastic/00009304.jpg,4
data/sorted/metal/00013467.jpg,2
data/sorted/cardboard/00000349.jpg,0
data/sorted/trash/00017449.jpg,5
data/sorted/plastic/00022992.jpg,4
data/sorted/glass/00004514.jpg,1
data/sorted/plastic/00016184.jpg,4
data/sorted/plastic/00023626.jpg,4
data/sorted/cardboard/00010309.jpg,0
data/sorted/glass/00012829.jpg,1
data/sorted/metal/00013282.jpg,2
data/sorted/cardboard/00002926.jpg,0
data/sorted/cardboard/00010913.jpg,0
data/sorted/metal/00006206.jpg,2
data/sorted/plastic/00023936.jpg,4
data/sorted/plastic/00016419.jpg,4
data/sorted/glass/00020517.jpg,1
data/sorted/plastic/00002127.jpg,4
data/sorted/metal/00021241.jpg,2
data/sorted/metal/00006128.jpg,2
data/sorted/glass/00013054.jpg,1
data/sorted/plastic/00008240.jpg,4
data/sorted/plastic/00024276.jpg,4
data/sorted/cardboard/00017507.jpg,0
data/sorted/paper/00022669.jpg,3
data/sorted/metal/00013638.jpg,2
data/sorted/paper/00001599.jpg,3
data/sorted/glass/00011759.jpg,1
data/sorted/paper/00007701.jpg,3
data/sorted/glass/00020051.jpg,1
data/sorted/metal/00013925.jpg,2
data/sorted/cardboard/00010956.jpg,0
data/sorted/cardboard/00003813.jpg,0
data/sorted/plastic/00016319.jpg,4
data/sorted/glass/00012573.jpg,1
data/sorted/plastic/00016929.jpg,4
data/sorted/plastic/00008427.jpg,4
data/sorted/glass/00019564.jpg,1
data/sorted/plastic/00022943.jpg,4
data/sorted/plastic/00016140.jpg,4
data/sorted/glass/00011983.jpg,1
data/sorted/metal/00013400.jpg,2
data/sorted/cardboard/00010724.jpg,0
data/sorted/paper/00007090.jpg,3
data/sorted/paper/00001634.jpg,3
data/sorted/plastic/00001958.jpg,4
data/sorted/paper/00022428.jpg,3
data/sorted/trash/00024551.jpg,5
data/sorted/paper/00014416.jpg,3
data/sorted/metal/00020700.jpg,2
data/sorted/paper/00001431.jpg,3
data/sorted/plastic/00016261.jpg,4
data/sorted/paper/00001786.jpg,3
data/sorted/plastic/00009312.jpg,4
data/sorted/metal/00013346.jpg,2
data/sorted/glass/00012131.jpg,1
data/sorted/cardboard/00017576.jpg,0
data/sorted/paper/00015049.jpg,3
data/sorted/paper/00006612.jpg,3
data/sorted/paper/00014079.jpg,3
data/sorted/cardboard/00000333.jpg,0
data/sorted/plastic/00016435.jpg,4
data/sorted/plastic/00022910.jpg,4
data/sorted/cardboard/00010525.jpg,0
data/sorted/plastic/00016938.jpg,4
data/sorted/plastic/00015633.jpg,4
data/sorted/cardboard/00018470.jpg,0
data/sorted/glass/00004449.jpg,1
data/sorted/cardboard/00017843.jpg,0
data/sorted/trash/00024812.jpg,5
data/sorted/metal/00006284.jpg,2
data/sorted/glass/00004204.jpg,1
data/sorted/plastic/00023394.jpg,4
data/sorted/plastic/00016338.jpg,4
data/sorted/paper/00022587.jpg,3
data/sorted/cardboard/00010059.jpg,0
data/sorted/glass/00000770.jpg,1
data/sorted/trash/00024843.jpg,5
data/sorted/cardboard/00010210.jpg,0
data/sorted/paper/00006619.jpg,3
data/sorted/plastic/00009481.jpg,4
data/sorted/cardboard/00010573.jpg,0
data/sorted/paper/00021747.jpg,3
data/sorted/paper/00015001.jpg,3
data/sorted/plastic/00015763.jpg,4
data/sorted/metal/00001000.jpg,2
data/sorted/glass/00004570.jpg,1
data/sorted/paper/00007533.jpg,3
data/sorted/plastic/00008385.jpg,4
data/sorted/cardboard/00010015.jpg,0
data/sorted/plastic/00023599.jpg,4
data/sorted/paper/00022132.jpg,3
data/sorted/trash/00009632.jpg,5
data/sorted/paper/00015335.jpg,3
data/sorted/glass/00012764.jpg,1
data/sorted/metal/00001134.jpg,2
data/sorted/cardboard/00018200.jpg,0
data/sorted/glass/00019054.jpg,1
data/sorted/metal/00006441.jpg,2
data/sorted/metal/00021420.jpg,2
data/sorted/plastic/00023750.jpg,4
data/sorted/metal/00013940.jpg,2
data/sorted/cardboard/00010012.jpg,0
data/sorted/trash/00024753.jpg,5
data/sorted/plastic/00015844.jpg,4
data/sorted/paper/00021777.jpg,3
data/sorted/glass/00020219.jpg,1
data/sorted/plastic/00015473.jpg,4
data/sorted/glass/00018923.jpg,1
data/sorted/plastic/00023992.jpg,4
data/sorted/paper/00007809.jpg,3
data/sorted/cardboard/00018571.jpg,0
data/sorted/glass/00004151.jpg,1
data/sorted/glass/00020390.jpg,1
data/sorted/glass/00019225.jpg,1
data/sorted/plastic/00022884.jpg,4
data/sorted/cardboard/00002686.jpg,0
data/sorted/cardboard/00003657.jpg,0
data/sorted/plastic/00002141.jpg,4
data/sorted/glass/00012553.jpg,1
data/sorted/metal/00001030.jpg,2
data/sorted/metal/00013218.jpg,2
data/sorted/glass/00005106.jpg,1
data/sorted/paper/00022079.jpg,3
data/sorted/glass/00019655.jpg,1
data/sorted/glass/00020413.jpg,1
data/sorted/paper/00021996.jpg,3
data/sorted/metal/00001309.jpg,2
data/sorted/paper/00001624.jpg,3
data/sorted/cardboard/00018567.jpg,0
data/sorted/plastic/00001933.jpg,4
data/sorted/metal/00005903.jpg,2
data/sorted/metal/00020692.jpg,2
data/sorted/trash/00017211.jpg,5
data/sorted/glass/00012971.jpg,1
data/sorted/plastic/00024003.jpg,4
data/sorted/plastic/00002280.jpg,4
data/sorted/cardboard/00017806.jpg,0
data/sorted/cardboard/00018264.jpg,0
data/sorted/cardboard/00002652.jpg,0
data/sorted/metal/00006012.jpg,2
data/sorted/glass/00004976.jpg,1
data/sorted/glass/00012735.jpg,1
data/sorted/metal/00005984.jpg,2
data/sorted/paper/00021571.jpg,3
data/sorted/glass/00019285.jpg,1
data/sorted/cardboard/00010229.jpg,0
data/sorted/cardboard/00018273.jpg,0
data/sorted/plastic/00023014.jpg,4
data/sorted/plastic/00009236.jpg,4
data/sorted/paper/00001594.jpg,3
data/sorted/cardboard/00002892.jpg,0
data/sorted/paper/00001658.jpg,3
data/sorted/trash/00024762.jpg,5
data/sorted/plastic/00016339.jpg,4
data/sorted/glass/00004543.jpg,1
data/sorted/cardboard/00018825.jpg,0
data/sorted/plastic/00009264.jpg,4
data/sorted/plastic/00023152.jpg,4
data/sorted/metal/00005917.jpg,2
data/sorted/cardboard/00010644.jpg,0
data/sorted/glass/00020307.jpg,1
data/sorted/paper/00001383.jpg,3
data/sorted/cardboard/00002625.jpg,0
data/sorted/cardboard/00010767.jpg,0
data/sorted/plastic/00016953.jpg,4
data/sorted/paper/00015066.jpg,3
data/sorted/plastic/00016733.jpg,4
data/sorted/glass/00012452.jpg,1
data/sorted/paper/00001729.jpg,3
data/sorted/metal/00006220.jpg,2
data/sorted/plastic/00016982.jpg,4
data/sorted/cardboard/00003832.jpg,0
data/sorted/cardboard/00003756.jpg,0
data/sorted/glass/00020058.jpg,1
data/sorted/cardboard/00010388.jpg,0
data/sorted/paper/00021595.jpg,3
data/sorted/paper/00001875.jpg,3
data/sorted/cardboard/00003573.jpg,0
data/sorted/paper/00022271.jpg,3
data/sorted/plastic/00008386.jpg,4
data/sorted/metal/00001025.jpg,2
data/sorted/paper/00022639.jpg,3
data/sorted/paper/00022799.jpg,3
data/sorted/metal/00020860.jpg,2
data/sorted/cardboard/00003457.jpg,0
data/sorted/glass/00000685.jpg,1
data/sorted/metal/00014042.jpg,2
data/sorted/paper/00022172.jpg,3
data/sorted/glass/00000864.jpg,1
data/sorted/paper/00022148.jpg,3
data/sorted/glass/00005538.jpg,1
data/sorted/plastic/00023970.jpg,4
data/sorted/paper/00022821.jpg,3
data/sorted/glass/00019303.jpg,1
data/sorted/plastic/00015689.jpg,4
data/sorted/glass/00011467.jpg,1
data/sorted/metal/00001195.jpg,2
data/sorted/paper/00014860.jpg,3
data/sorted/plastic/00023471.jpg,4
data/sorted/paper/00021780.jpg,3
data/sorted/plastic/00009176.jpg,4
data/sorted/paper/00006933.jpg,3
data/sorted/plastic/00016062.jpg,4
data/sorted/cardboard/00017907.jpg,0
data/sorted/plastic/00023844.jpg,4
data/sorted/glass/00019440.jpg,1
data/sorted/glass/00011932.jpg,1
data/sorted/plastic/00016625.jpg,4
data/sorted/paper/00007766.jpg,3
data/sorted/paper/00014174.jpg,3
data/sorted/cardboard/00003582.jpg,0
data/sorted/metal/00020868.jpg,2
data/sorted/paper/00001676.jpg,3
data/sorted/paper/00001863.jpg,3
data/sorted/metal/00006274.jpg,2
data/sorted/plastic/00024435.jpg,4
data/sorted/glass/00000518.jpg,1
data/sorted/plastic/00024125.jpg,4
data/sorted/glass/00019671.jpg,1
data/sorted/metal/00020783.jpg,2
data/sorted/cardboard/00011131.jpg,0
data/sorted/plastic/00002036.jpg,4
data/sorted/glass/00000628.jpg,1
data/sorted/paper/00014758.jpg,3
data/sorted/plastic/00023859.jpg,4
data/sorted/cardboard/00002556.jpg,0
data/sorted/plastic/00016807.jpg,4
data/sorted/trash/00017001.jpg,5
data/sorted/metal/00001047.jpg,2
data/sorted/trash/00017408.jpg,5
data/sorted/cardboard/00010003.jpg,0
data/sorted/cardboard/00018021.jpg,0
data/sorted/plastic/00009263.jpg,4
data/sorted/glass/00019467.jpg,1
data/sorted/plastic/00008367.jpg,4
data/sorted/glass/00020119.jpg,1
data/sorted/plastic/00008285.jpg,4
data/sorted/glass/00019654.jpg,1
data/sorted/plastic/00024453.jpg,4
data/sorted/cardboard/00003207.jpg,0
data/sorted/metal/00021017.jpg,2
data/sorted/cardboard/00011209.jpg,0
data/sorted/paper/00001411.jpg,3
data/sorted/glass/00011972.jpg,1
data/sorted/paper/00007466.jpg,3
data/sorted/glass/00020499.jpg,1
data/sorted/plastic/00023158.jpg,4
data/sorted/glass/00019975.jpg,1
data/sorted/metal/00020858.jpg,2
data/sorted/metal/00020980.jpg,2
data/sorted/glass/00004803.jpg,1
data/sorted/metal/00020702.jpg,2
data/sorted/glass/00004563.jpg,1
data/sorted/glass/00011581.jpg,1
data/sorted/metal/00021333.jpg,2
data/sorted/paper/00014814.jpg,3
data/sorted/paper/00014107.jpg,3
data/sorted/glass/00005210.jpg,1
data/sorted/paper/00021887.jpg,3
data/sorted/cardboard/00010621.jpg,0
data/sorted/paper/00014392.jpg,3
data/sorted/glass/00019843.jpg,1
data/sorted/cardboard/00010323.jpg,0
data/sorted/metal/00001080.jpg,2
data/sorted/metal/00006357.jpg,2
data/sorted/paper/00007642.jpg,3
data/sorted/cardboard/00010396.jpg,0
data/sorted/cardboard/00017856.jpg,0
data/sorted/plastic/00008678.jpg,4
data/sorted/paper/00014713.jpg,3
data/sorted/plastic/00008010.jpg,4
data/sorted/paper/00022691.jpg,3
data/sorted/paper/00006643.jpg,3
data/sorted/metal/00000989.jpg,2
data/sorted/glass/00019345.jpg,1
data/sorted/metal/00021150.jpg,2
data/sorted/glass/00005391.jpg,1
data/sorted/cardboard/00018358.jpg,0
data/sorted/metal/00021468.jpg,2
data/sorted/glass/00011731.jpg,1
data/sorted/cardboard/00011031.jpg,0
data/sorted/plastic/00015798.jpg,4
data/sorted/paper/00015119.jpg,3
data/sorted/paper/00014813.jpg,3
data/sorted/metal/00006516.jpg,2
data/sorted/plastic/00023377.jpg,4
data/sorted/glass/00012028.jpg,1
data/sorted/plastic/00023901.jpg,4
data/sorted/trash/00009698.jpg,5
data/sorted/metal/00021216.jpg,2
data/sorted/plastic/00023575.jpg,4
data/sorted/plastic/00015683.jpg,4
data/sorted/paper/00006984.jpg,3
data/sorted/cardboard/00010532.jpg,0
data/sorted/plastic/00015992.jpg,4
data/sorted/cardboard/00018089.jpg,0
data/sorted/cardboard/00002739.jpg,0
data/sorted/metal/00013735.jpg,2
data/sorted/trash/00009803.jpg,5
data/sorted/glass/00019953.jpg,1
data/sorted/plastic/00008071.jpg,4
data/sorted/cardboard/00017940.jpg,0
data/sorted/metal/00005727.jpg,2
data/sorted/paper/00022822.jpg,3
data/sorted/paper/00022194.jpg,3
data/sorted/glass/00019269.jpg,1
data/sorted/trash/00024668.jpg,5
data/sorted/glass/00004824.jpg,1
data/sorted/glass/00012989.jpg,1
data/sorted/glass/00018933.jpg,1
data/sorted/cardboard/00011041.jpg,0
data/sorted/paper/00022318.jpg,3
data/sorted/trash/00017285.jpg,5
data/sorted/cardboard/00003145.jpg,0
data/sorted/glass/00000869.jpg,1
data/sorted/cardboard/00018444.jpg,0
data/sorted/paper/00014365.jpg,3
data/sorted/cardboard/00003137.jpg,0
data/sorted/glass/00019352.jpg,1
data/sorted/plastic/00009111.jpg,4
data/sorted/cardboard/00018007.jpg,0
data/sorted/paper/00007847.jpg,3
data/sorted/glass/00019315.jpg,1
data/sorted/plastic/00001935.jpg,4
data/sorted/plastic/00023873.jpg,4
data/sorted/glass/00004998.jpg,1
data/sorted/plastic/00015917.jpg,4
data/sorted/cardboard/00003162.jpg,0
data/sorted/glass/00020146.jpg,1
data/sorted/plastic/00008797.jpg,4
data/sorted/paper/00014637.jpg,3
data/sorted/plastic/00023204.jpg,4
data/sorted/plastic/00015599.jpg,4
data/sorted/trash/00017077.jpg,5
data/sorted/trash/00017387.jpg,5
data/sorted/trash/00009947.jpg,5
data/sorted/metal/00021076.jpg,2
data/sorted/cardboard/00017996.jpg,0
data/sorted/metal/00006283.jpg,2
data/sorted/metal/00005721.jpg,2
data/sorted/cardboard/00010214.jpg,0
data/sorted/plastic/00023904.jpg,4
data/sorted/cardboard/00010170.jpg,0
data/sorted/cardboard/00018766.jpg,0
data/sorted/cardboard/00010169.jpg,0
data/sorted/paper/00007327.jpg,3
data/sorted/metal/00013389.jpg,2
data/sorted/paper/00021850.jpg,3
data/sorted/plastic/00002356.jpg,4
data/sorted/cardboard/00002812.jpg,0
data/sorted/paper/00006776.jpg,3
data/sorted/cardboard/00003578.jpg,0
data/sorted/cardboard/00011113.jpg,0
data/sorted/plastic/00015492.jpg,4
data/sorted/cardboard/00010606.jpg,0
data/sorted/metal/00013289.jpg,2
data/sorted/glass/00011688.jpg,1
data/sorted/cardboard/00010572.jpg,0
data/sorted/cardboard/00000382.jpg,0
data/sorted/trash/00009704.jpg,5
data/sorted/trash/00009907.jpg,5
data/sorted/metal/00020906.jpg,2
data/sorted/metal/00005810.jpg,2
data/sorted/metal/00020781.jpg,2
data/sorted/glass/00012473.jpg,1
data/sorted/glass/00004121.jpg,1
data/sorted/glass/00012997.jpg,1
data/sorted/cardboard/00003045.jpg,0
data/sorted/paper/00015137.jpg,3
data/sorted/cardboard/00018791.jpg,0
data/sorted/metal/00006136.jpg,2
data/sorted/plastic/00023027.jpg,4
data/sorted/plastic/00009182.jpg,4
data/sorted/metal/00001197.jpg,2
data/sorted/glass/00020075.jpg,1
data/sorted/glass/00020145.jpg,1
data/sorted/glass/00000554.jpg,1
data/sorted/glass/00004031.jpg,1
data/sorted/glass/00011921.jpg,1
data/sorted/glass/00020414.jpg,1
data/sorted/cardboard/00010500.jpg,0
data/sorted/metal/00020891.jpg,2
data/sorted/metal/00006187.jpg,2
data/sorted/cardboard/00010991.jpg,0
data/sorted/plastic/00015919.jpg,4
data/sorted/glass/00000467.jpg,1
data/sorted/metal/00021069.jpg,2
data/sorted/glass/00004128.jpg,1
data/sorted/metal/00001297.jpg,2
data/sorted/paper/00014170.jpg,3
data/sorted/plastic/00023623.jpg,4
data/sorted/cardboard/00018215.jpg,0
data/sorted/plastic/00023451.jpg,4
data/sorted/paper/00021991.jpg,3
data/sorted/plastic/00008221.jpg,4
data/sorted/trash/00017068.jpg,5
data/sorted/glass/00000878.jpg,1
data/sorted/plastic/00015625.jpg,4
data/sorted/cardboard/00000293.jpg,0
data/sorted/plastic/00023267.jpg,4
data/sorted/cardboard/00000173.jpg,0
data/sorted/plastic/00023546.jpg,4
data/sorted/glass/00019194.jpg,1
data/sorted/cardboard/00003303.jpg,0
data/sorted/plastic/00008558.jpg,4
data/sorted/paper/00014930.jpg,3
data/sorted/glass/00020188.jpg,1
data/sorted/cardboard/00011385.jpg,0
data/sorted/metal/00021489.jpg,2
data/sorted/plastic/00022922.jpg,4
data/sorted/plastic/00024412.jpg,4
data/sorted/glass/00004365.jpg,1
data/sorted/cardboard/00017772.jpg,0
data/sorted/metal/00005895.jpg,2
data/sorted/glass/00020483.jpg,1
data/sorted/paper/00007456.jpg,3
data/sorted/glass/00012215.jpg,1
data/sorted/glass/00019852.jpg,1
data/sorted/paper/00022438.jpg,3
data/sorted/glass/00000732.jpg,1
data/sorted/plastic/00023558.jpg,4
data/sorted/plastic/00023487.jpg,4
data/sorted/trash/00024858.jpg,5
data/sorted/cardboard/00017466.jpg,0
data/sorted/trash/00017119.jpg,5
data/sorted/plastic/00009039.jpg,4
data/sorted/plastic/00008570.jpg,4
data/sorted/paper/00021716.jpg,3
data/sorted/plastic/00016986.jpg,4
data/sorted/paper/00022622.jpg,3
data/sorted/paper/00015364.jpg,3
data/sorted/glass/00000689.jpg,1
data/sorted/cardboard/00010812.jpg,0
data/sorted/cardboard/00002631.jpg,0
data/sorted/paper/00022665.jpg,3
data/sorted/paper/00014337.jpg,3
data/sorted/glass/00012502.jpg,1
data/sorted/metal/00001160.jpg,2
data/sorted/cardboard/00010858.jpg,0
data/sorted/plastic/00001988.jpg,4
data/sorted/cardboard/00017878.jpg,0
data/sorted/paper/00021809.jpg,3
data/sorted/glass/00020027.jpg,1
data/sorted/paper/00022612.jpg,3
data/sorted/paper/00015245.jpg,3
data/sorted/glass/00019819.jpg,1
data/sorted/cardboard/00010017.jpg,0
data/sorted/cardboard/00003259.jpg,0
data/sorted/plastic/00002156.jpg,4
data/sorted/paper/00014658.jpg,3
data/sorted/cardboard/00010539.jpg,0
data/sorted/metal/00006539.jpg,2
data/sorted/metal/00001280.jpg,2
data/sorted/glass/00004157.jpg,1
data/sorted/metal/00021162.jpg,2
data/sorted/cardboard/00018002.jpg,0
data/sorted/trash/00017201.jpg,5
data/sorted/plastic/00023047.jpg,4
data/sorted/paper/00014585.jpg,3
data/sorted/paper/00006972.jpg,3
data/sorted/plastic/00015562.jpg,4
data/sorted/plastic/00008175.jpg,4
data/sorted/cardboard/00010719.jpg,0
data/sorted/metal/00013542.jpg,2
data/sorted/glass/00005182.jpg,1
data/sorted/glass/00000759.jpg,1
data/sorted/metal/00020861.jpg,2
data/sorted/plastic/00016994.jpg,4
data/sorted/cardboard/00002640.jpg,0
data/sorted/plastic/00002293.jpg,4
data/sorted/glass/00019728.jpg,1
data/sorted/glass/00004792.jpg,1
data/sorted/cardboard/00018589.jpg,0
data/sorted/glass/00005066.jpg,1
data/sorted/cardboard/00018577.jpg,0
data/sorted/metal/00005941.jpg,2
data/sorted/metal/00020761.jpg,2
data/sorted/paper/00014785.jpg,3
data/sorted/paper/00001586.jpg,3
data/sorted/paper/00015384.jpg,3
data/sorted/paper/00022858.jpg,3
data/sorted/paper/00022627.jpg,3
data/sorted/cardboard/00011052.jpg,0
data/sorted/plastic/00008884.jpg,4
data/sorted/metal/00001033.jpg,2
data/sorted/cardboard/00018646.jpg,0
data/sorted/glass/00020396.jpg,1
data/sorted/cardboard/00018795.jpg,0
data/sorted/glass/00004808.jpg,1
data/sorted/cardboard/00010917.jpg,0
data/sorted/metal/00006016.jpg,2
data/sorted/paper/00007183.jpg,3
data/sorted/cardboard/00000249.jpg,0
data/sorted/plastic/00023187.jpg,4
data/sorted/paper/00015269.jpg,3
data/sorted/plastic/00023676.jpg,4
data/sorted/plastic/00023283.jpg,4
data/sorted/plastic/00023716.jpg,4
data/sorted/cardboard/00017663.jpg,0
data/sorted/glass/00004958.jpg,1
data/sorted/cardboard/00002727.jpg,0
data/sorted/plastic/00009038.jpg,4
data/sorted/metal/00005989.jpg,2
data/sorted/metal/00001084.jpg,2
data/sorted/plastic/00023527.jpg,4
data/sorted/trash/00009539.jpg,5
data/sorted/metal/00021517.jpg,2
data/sorted/glass/00004779.jpg,1
data/sorted/plastic/00023123.jpg,4
data/sorted/cardboard/00002757.jpg,0
data/sorted/cardboard/00011316.jpg,0
data/sorted/glass/00019076.jpg,1
data/sorted/glass/00005652.jpg,1
data/sorted/glass/00011742.jpg,1
data/sorted/plastic/00002167.jpg,4
data/sorted/metal/00020703.jpg,2
data/sorted/metal/00013874.jpg,2
data/sorted/paper/00022321.jpg,3
data/sorted/metal/00013629.jpg,2
data/sorted/paper/00014929.jpg,3
data/sorted/glass/00019199.jpg,1
data/sorted/cardboard/00011088.jpg,0
data/sorted/cardboard/00017529.jpg,0
data/sorted/glass/00019320.jpg,1
data/sorted/plastic/00002166.jpg,4
data/sorted/metal/00020747.jpg,2
data/sorted/plastic/00023967.jpg,4
data/sorted/paper/00007345.jpg,3
data/sorted/glass/00012958.jpg,1
data/sorted/glass/00004106.jpg,1
data/sorted/cardboard/00010324.jpg,0
data/sorted/paper/00021971.jpg,3
data/sorted/paper/00014676.jpg,3
data/sorted/plastic/00016175.jpg,4
data/sorted/metal/00006438.jpg,2
data/sorted/trash/00017175.jpg,5
data/sorted/paper/00022286.jpg,3
data/sorted/paper/00001695.jpg,3
data/sorted/paper/00022797.jpg,3
data/sorted/trash/00002405.jpg,5
data/sorted/cardboard/00000038.jpg,0
data/sorted/paper/00022349.jpg,3
data/sorted/paper/00007326.jpg,3
data/sorted/paper/00014219.jpg,3
data/sorted/plastic/00016844.jpg,4
data/sorted/cardboard/00017578.jpg,0
data/sorted/trash/00024589.jpg,5
data/sorted/paper/00007621.jpg,3
data/sorted/plastic/00015790.jpg,4
data/sorted/paper/00022056.jpg,3
data/sorted/metal/00005689.jpg,2
data/sorted/plastic/00001930.jpg,4
data/sorted/paper/00001655.jpg,3
data/sorted/glass/00020271.jpg,1
data/sorted/paper/00001329.jpg,3
data/sorted/glass/00000890.jpg,1
data/sorted/glass/00011537.jpg,1
data/sorted/cardboard/00000131.jpg,0
data/sorted/glass/00003981.jpg,1
data/sorted/cardboard/00003062.jpg,0
data/sorted/paper/00007078.jpg,3
data/sorted/paper/00022788.jpg,3
data/sorted/cardboard/00000270.jpg,0
data/sorted/paper/00022601.jpg,3
data/sorted/plastic/00016400.jpg,4
data/sorted/glass/00020487.jpg,1
data/sorted/glass/00012463.jpg,1
data/sorted/plastic/00009148.jpg,4
data/sorted/trash/00017081.jpg,5
data/sorted/glass/00019969.jpg,1
data/sorted/cardboard/00011379.jpg,0
data/sorted/glass/00011697.jpg,1
data/sorted/metal/00005718.jpg,2
data/sorted/cardboard/00003692.jpg,0
data/sorted/paper/00015238.jpg,3
data/sorted/paper/00022188.jpg,3
data/sorted/cardboard/00018492.jpg,0
data/sorted/cardboard/00000080.jpg,0
data/sorted/glass/00011488.jpg,1
data/sorted/trash/00024678.jpg,5
data/sorted/paper/00006608.jpg,3
data/sorted/plastic/00007950.jpg,4
data/sorted/cardboard/00003512.jpg,0
data/sorted/glass/00000563.jpg,1
data/sorted/trash/00024493.jpg,5
data/sorted/paper/00014282.jpg,3
data/sorted/plastic/00023205.jpg,4
data/sorted/paper/00006816.jpg,3
data/sorted/paper/00014934.jpg,3
data/sorted/glass/00004419.jpg,1
data/sorted/cardboard/00000021.jpg,0
data/sorted/plastic/00023456.jpg,4
data/sorted/plastic/00008299.jpg,4
data/sorted/glass/00019966.jpg,1
data/sorted/glass/00004929.jpg,1
data/sorted/plastic/00016779.jpg,4
data/sorted/paper/00014206.jpg,3
data/sorted/metal/00013486.jpg,2
data/sorted/plastic/00023981.jpg,4
data/sorted/paper/00022640.jpg,3
data/sorted/glass/00019325.jpg,1
data/sorted/plastic/00023157.jpg,4
data/sorted/metal/00020807.jpg,2
data/sorted/glass/00004004.jpg,1
data/sorted/paper/00022021.jpg,3
data/sorted/paper/00014182.jpg,3
data/sorted/glass/00018957.jpg,1
data/sorted/metal/00021313.jpg,2
data/sorted/trash/00009746.jpg,5
data/sorted/cardboard/00010801.jpg,0
data/sorted/metal/00001002.jpg,2
data/sorted/cardboard/00018078.jpg,0
data/sorted/metal/00020948.jpg,2
data/sorted/paper/00006938.jpg,3
data/sorted/cardboard/00003812.jpg,0
data/sorted/glass/00012242.jpg,1
data/sorted/plastic/00015948.jpg,4
data/sorted/plastic/00002297.jpg,4
data/sorted/metal/00000925.jpg,2
data/sorted/glass/00000632.jpg,1
data/sorted/cardboard/00018332.jpg,0
data/sorted/trash/00024773.jpg,5
data/sorted/metal/00013202.jpg,2
data/sorted/glass/00005043.jpg,1
data/sorted/metal/00013968.jpg,2
data/sorted/metal/00013397.jpg,2
data/sorted/metal/00013518.jpg,2
data/sorted/glass/00020130.jpg,1
data/sorted/metal/00013912.jpg,2
data/sorted/trash/00017138.jpg,5
data/sorted/trash/00009948.jpg,5
data/sorted/metal/00013313.jpg,2
data/sorted/cardboard/00017457.jpg,0
data/sorted/glass/00012221.jpg,1
data/sorted/trash/00017084.jpg,5
data/sorted/trash/00024908.jpg,5
data/sorted/trash/00017212.jpg,5
data/sorted/plastic/00016193.jpg,4
data/sorted/paper/00022667.jpg,3
data/sorted/glass/00004584.jpg,1
data/sorted/glass/00019686.jpg,1
data/sorted/plastic/00016519.jpg,4
data/sorted/plastic/00009169.jpg,4
data/sorted/plastic/00016599.jpg,4
data/sorted/metal/00006199.jpg,2
data/sorted/glass/00018978.jpg,1
data/sorted/paper/00021932.jpg,3
data/sorted/glass/00000844.jpg,1
data/sorted/trash/00002444.jpg,5
data/sorted/paper/00006843.jpg,3
data/sorted/trash/00024688.jpg,5
data/sorted/cardboard/00010817.jpg,0
data/sorted/paper/00021736.jpg,3
data/sorted/paper/00007262.jpg,3
data/sorted/paper/00014475.jpg,3
data/sorted/paper/00014507.jpg,3
data/sorted/trash/00009573.jpg,5
data/sorted/cardboard/00003711.jpg,0
data/sorted/metal/00005694.jpg,2
data/sorted/plastic/00022926.jpg,4
data/sorted/trash/00009925.jpg,5
data/sorted/plastic/00016657.jpg,4
data/sorted/plastic/00002359.jpg,4
data/sorted/plastic/00016344.jpg,4
data/sorted/cardboard/00003071.jpg,0
data/sorted/paper/00007873.jpg,3
data/sorted/glass/00020505.jpg,1
data/sorted/glass/00005472.jpg,1
data/sorted/paper/00001571.jpg,3
data/sorted/metal/00005838.jpg,2
data/sorted/plastic/00008760.jpg,4
data/sorted/plastic/00024114.jpg,4
data/sorted/glass/00005647.jpg,1
data/sorted/glass/00020495.jpg,1
data/sorted/glass/00004988.jpg,1
data/sorted/trash/00017345.jpg,5
data/sorted/metal/00001132.jpg,2
data/sorted/cardboard/00018265.jpg,0
data/sorted/cardboard/00018009.jpg,0
data/sorted/cardboard/00017517.jpg,0
data/sorted/glass/00000773.jpg,1
data/sorted/metal/00013746.jpg,2
data/sorted/glass/00019757.jpg,1
data/sorted/paper/00014603.jpg,3
data/sorted/plastic/00015567.jpg,4
data/sorted/paper/00007719.jpg,3
data/sorted/cardboard/00010463.jpg,0
data/sorted/plastic/00023791.jpg,4
data/sorted/metal/00021303.jpg,2
data/sorted/cardboard/00003363.jpg,0
data/sorted/cardboard/00000117.jpg,0
data/sorted/cardboard/00017872.jpg,0
data/sorted/cardboard/00010372.jpg,0
data/sorted/cardboard/00011204.jpg,0
data/sorted/metal/00020999.jpg,2
data/sorted/glass/00005300.jpg,1
data/sorted/plastic/00008493.jpg,4
data/sorted/trash/00024659.jpg,5
data/sorted/glass/00019262.jpg,1
data/sorted/cardboard/00017748.jpg,0
data/sorted/plastic/00016206.jpg,4
data/sorted/metal/00013979.jpg,2
data/sorted/cardboard/00017981.jpg,0
data/sorted/paper/00014941.jpg,3
data/sorted/plastic/00009162.jpg,4
data/sorted/trash/00017158.jpg,5
data/sorted/glass/00019332.jpg,1
data/sorted/glass/00005516.jpg,1
data/sorted/paper/00014353.jpg,3
data/sorted/glass/00004865.jpg,1
data/sorted/plastic/00015539.jpg,4
data/sorted/glass/00004363.jpg,1
data/sorted/paper/00007544.jpg,3
data/sorted/paper/00015344.jpg,3
data/sorted/cardboard/00018375.jpg,0
data/sorted/cardboard/00010885.jpg,0
data/sorted/paper/00007391.jpg,3
data/sorted/cardboard/00010938.jpg,0
data/sorted/paper/00006721.jpg,3
data/sorted/trash/00017070.jpg,5
data/sorted/paper/00007524.jpg,3
data/sorted/metal/00005873.jpg,2
data/sorted/glass/00004102.jpg,1
data/sorted/glass/00004919.jpg,1
data/sorted/paper/00022682.jpg,3
data/sorted/plastic/00001931.jpg,4
data/sorted/trash/00009934.jpg,5
data/sorted/trash/00024657.jpg,5
data/sorted/cardboard/00018559.jpg,0
data/sorted/plastic/00016177.jpg,4
data/sorted/paper/00014873.jpg,3
data/sorted/plastic/00008440.jpg,4
data/sorted/glass/00011900.jpg,1
data/sorted/plastic/00023280.jpg,4
data/sorted/paper/00007218.jpg,3
data/sorted/metal/00021425.jpg,2
data/sorted/plastic/00023561.jpg,4
data/sorted/cardboard/00018654.jpg,0
data/sorted/glass/00003979.jpg,1
data/sorted/cardboard/00017733.jpg,0
data/sorted/trash/00009616.jpg,5
data/sorted/glass/00019854.jpg,1
data/sorted/cardboard/00003428.jpg,0
data/sorted/paper/00014160.jpg,3
data/sorted/glass/00004127.jpg,1
data/sorted/glass/00020304.jpg,1
data/sorted/cardboard/00003444.jpg,0
data/sorted/glass/00020534.jpg,1
data/sorted/cardboard/00010664.jpg,0
data/sorted/plastic/00023129.jpg,4
data/sorted/cardboard/00000283.jpg,0
data/sorted/cardboard/00003233.jpg,0
data/sorted/metal/00001181.jpg,2
data/sorted/metal/00013530.jpg,2
data/sorted/glass/00019730.jpg,1
data/sorted/cardboard/00000234.jpg,0
data/sorted/cardboard/00018679.jpg,0
data/sorted/cardboard/00000161.jpg,0
data/sorted/paper/00014631.jpg,3
data/sorted/plastic/00008733.jpg,4
data/sorted/paper/00007126.jpg,3
data/sorted/plastic/00002139.jpg,4
data/sorted/metal/00021134.jpg,2
data/sorted/paper/00006814.jpg,3
data/sorted/metal/00020935.jpg,2
data/sorted/paper/00014642.jpg,3
data/sorted/metal/00005992.jpg,2
data/sorted/cardboard/00018748.jpg,0
data/sorted/cardboard/00011270.jpg,0
data/sorted/plastic/00023309.jpg,4
data/sorted/glass/00004950.jpg,1
data/sorted/trash/00017294.jpg,5
data/sorted/plastic/00015612.jpg,4
data/sorted/glass/00019015.jpg,1
data/sorted/glass/00004202.jpg,1
data/sorted/paper/00021822.jpg,3
data/sorted/trash/00017247.jpg,5
data/sorted/paper/00021565.jpg,3
data/sorted/metal/00013783.jpg,2
data/sorted/metal/00001234.jpg,2
data/sorted/metal/00006366.jpg,2
data/sorted/cardboard/00010821.jpg,0
data/sorted/plastic/00015488.jpg,4
data/sorted/plastic/00024066.jpg,4
data/sorted/cardboard/00009998.jpg,0
data/sorted/glass/00005032.jpg,1
data/sorted/plastic/00009022.jpg,4
data/sorted/cardboard/00000176.jpg,0
data/sorted/cardboard/00010394.jpg,0
data/sorted/plastic/00009431.jpg,4
data/sorted/metal/00006278.jpg,2
data/sorted/glass/00012063.jpg,1
data/sorted/cardboard/00000016.jpg,0
data/sorted/cardboard/00003745.jpg,0
data/sorted/trash/00024797.jpg,5
data/sorted/glass/00005577.jpg,1
data/sorted/paper/00007452.jpg,3
data/sorted/cardboard/00002639.jpg,0
data/sorted/cardboard/00002547.jpg,0
data/sorted/glass/00019330.jpg,1
data/sorted/cardboard/00018291.jpg,0
data/sorted/trash/00017388.jpg,5
data/sorted/paper/00006849.jpg,3
data/sorted/cardboard/00018642.jpg,0
data/sorted/metal/00020881.jpg,2
data/sorted/cardboard/00003763.jpg,0
data/sorted/cardboard/00017778.jpg,0
data/sorted/glass/00018975.jpg,1
data/sorted/cardboard/00017629.jpg,0
data/sorted/plastic/00023856.jpg,4
data/sorted/trash/00009801.jpg,5
data/sorted/cardboard/00000213.jpg,0
data/sorted/metal/00005854.jpg,2
data/sorted/cardboard/00000043.jpg,0
data/sorted/cardboard/00010731.jpg,0
data/sorted/cardboard/00018155.jpg,0
data/sorted/plastic/00024261.jpg,4
data/sorted/glass/00019018.jpg,1
data/sorted/metal/00005872.jpg,2
data/sorted/plastic/00008354.jpg,4
data/sorted/trash/00024684.jpg,5
data/sorted/paper/00007880.jpg,3
data/sorted/cardboard/00010564.jpg,0
data/sorted/paper/00014993.jpg,3
data/sorted/glass/00004244.jpg,1
data/sorted/glass/00020001.jpg,1
data/sorted/trash/00017132.jpg,5
data/sorted/plastic/00008920.jpg,4
data/sorted/paper/00014449.jpg,3
data/sorted/plastic/00008179.jpg,4
data/sorted/paper/00001889.jpg,3
data/sorted/paper/00014511.jpg,3
data/sorted/cardboard/00000342.jpg,0
data/sorted/glass/00004250.jpg,1
data/sorted/glass/00019515.jpg,1
data/sorted/paper/00007795.jpg,3
data/sorted/glass/00004562.jpg,1
data/sorted/cardboard/00017765.jpg,0
data/sorted/metal/00006053.jpg,2
data/sorted/cardboard/00018540.jpg,0
data/sorted/cardboard/00003531.jpg,0
data/sorted/paper/00021953.jpg,3
data/sorted/metal/00013701.jpg,2
data/sorted/glass/00019685.jpg,1
data/sorted/glass/00019719.jpg,1
data/sorted/plastic/00009324.jpg,4
data/sorted/cardboard/00018616.jpg,0
data/sorted/cardboard/00018542.jpg,0
data/sorted/cardboard/00003814.jpg,0
data/sorted/metal/00006429.jpg,2
data/sorted/metal/00001292.jpg,2
data/sorted/plastic/00008004.jpg,4
data/sorted/plastic/00022973.jpg,4
data/sorted/paper/00021881.jpg,3
data/sorted/glass/00004583.jpg,1
data/sorted/cardboard/00010134.jpg,0
data/sorted/cardboard/00002837.jpg,0
data/sorted/cardboard/00010748.jpg,0
data/sorted/metal/00013736.jpg,2
data/sorted/paper/00006880.jpg,3
data/sorted/trash/00024634.jpg,5
data/sorted/glass/00012351.jpg,1
data/sorted/paper/00001793.jpg,3
data/sorted/cardboard/00018737.jpg,0
data/sorted/glass/00004551.jpg,1
data/sorted/paper/00001429.jpg,3
data/sorted/plastic/00024055.jpg,4
data/sorted/paper/00022440.jpg,3
data/sorted/metal/00001147.jpg,2
data/sorted/trash/00009879.jpg,5
data/sorted/plastic/00024184.jpg,4
data/sorted/glass/00004053.jpg,1
data/sorted/glass/00019781.jpg,1
data/sorted/cardboard/00000263.jpg,0
data/sorted/cardboard/00017499.jpg,0
data/sorted/glass/00005234.jpg,1
data/sorted/glass/00004463.jpg,1
data/sorted/plastic/00024062.jpg,4
data/sorted/glass/00000769.jpg,1
data/sorted/cardboard/00017617.jpg,0
data/sorted/plastic/00009424.jpg,4
data/sorted/cardboard/00002709.jpg,0
data/sorted/plastic/00009020.jpg,4
data/sorted/plastic/00016453.jpg,4
data/sorted/glass/00004389.jpg,1
data/sorted/glass/00004289.jpg,1
data/sorted/plastic/00023064.jpg,4
data/sorted/metal/00006359.jpg,2
data/sorted/paper/00007617.jpg,3
data/sorted/glass/00020242.jpg,1
data/sorted/glass/00012801.jpg,1
data/sorted/paper/00006639.jpg,3
data/sorted/trash/00024689.jpg,5
data/sorted/cardboard/00000059.jpg,0
data/sorted/plastic/00023693.jpg,4
data/sorted/plastic/00016792.jpg,4
data/sorted/glass/00000697.jpg,1
data/sorted/metal/00005751.jpg,2
data/sorted/metal/00020888.jpg,2
data/sorted/plastic/00016120.jpg,4
data/sorted/cardboard/00010193.jpg,0
data/sorted/paper/00015330.jpg,3
data/sorted/metal/00006420.jpg,2
data/sorted/cardboard/00003913.jpg,0
data/sorted/cardboard/00002555.jpg,0
data/sorted/glass/00011625.jpg,1
data/sorted/glass/00000699.jpg,1
data/sorted/cardboard/00003517.jpg,0
data/sorted/plastic/00023628.jpg,4
data/sorted/glass/00020419.jpg,1
data/sorted/plastic/00023554.jpg,4
data/sorted/glass/00020195.jpg,1
data/sorted/paper/00014699.jpg,3
data/sorted/cardboard/00003861.jpg,0
data/sorted/paper/00014702.jpg,3
data/sorted/plastic/00002074.jpg,4
data/sorted/plastic/00016785.jpg,4
data/sorted/plastic/00016647.jpg,4
data/sorted/glass/00004830.jpg,1
data/sorted/paper/00015380.jpg,3
data/sorted/cardboard/00018847.jpg,0
data/sorted/plastic/00016032.jpg,4
data/sorted/cardboard/00009999.jpg,0
data/sorted/paper/00021699.jpg,3
data/sorted/plastic/00024400.jpg,4
data/sorted/paper/00007115.jpg,3
data/sorted/glass/00011715.jpg,1
data/sorted/plastic/00015898.jpg,4
data/sorted/paper/00022338.jpg,3
data/sorted/trash/00009636.jpg,5
data/sorted/metal/00021137.jpg,2
data/sorted/glass/00011438.jpg,1
data/sorted/glass/00019749.jpg,1
data/sorted/paper/00022372.jpg,3
data/sorted/glass/00011981.jpg,1
data/sorted/glass/00020314.jpg,1
data/sorted/cardboard/00018285.jpg,0
data/sorted/plastic/00009253.jpg,4
data/sorted/glass/00019540.jpg,1
data/sorted/paper/00007798.jpg,3
data/sorted/metal/00006101.jpg,2
data/sorted/glass/00019060.jpg,1
data/sorted/paper/00021738.jpg,3
data/sorted/glass/00013136.jpg,1
data/sorted/plastic/00009509.jpg,4
data/sorted/cardboard/00018191.jpg,0
data/sorted/metal/00013994.jpg,2
data/sorted/glass/00012607.jpg,1
data/sorted/trash/00017176.jpg,5
data/sorted/plastic/00022984.jpg,4
data/sorted/paper/00022670.jpg,3
data/sorted/trash/00009612.jpg,5
data/sorted/cardboard/00010061.jpg,0
data/sorted/trash/00024759.jpg,5
data/sorted/paper/00007033.jpg,3
data/sorted/glass/00004666.jpg,1
data/sorted/glass/00004500.jpg,1
data/sorted/metal/00013302.jpg,2
data/sorted/cardboard/00002831.jpg,0
data/sorted/trash/00024785.jpg,5
data/sorted/cardboard/00018105.jpg,0
data/sorted/glass/00011466.jpg,1
data/sorted/plastic/00002257.jpg,4
data/sorted/cardboard/00010339.jpg,0
data/sorted/glass/00005059.jpg,1
data/sorted/plastic/00015731.jpg,4
data/sorted/cardboard/00011155.jpg,0
data/sorted/plastic/00002053.jpg,4
data/sorted/cardboard/00018282.jpg,0
data/sorted/plastic/00023033.jpg,4
data/sorted/paper/00014548.jpg,3
data/sorted/metal/00020840.jpg,2
data/sorted/cardboard/00000222.jpg,0
data/sorted/plastic/00008205.jpg,4
data/sorted/cardboard/00018041.jpg,0
data/sorted/cardboard/00010706.jpg,0
data/sorted/cardboard/00003565.jpg,0
data/sorted/glass/00004265.jpg,1
data/sorted/cardboard/00010305.jpg,0
data/sorted/glass/00012995.jpg,1
data/sorted/glass/00020065.jpg,1
data/sorted/paper/00007052.jpg,3
data/sorted/paper/00007340.jpg,3
data/sorted/paper/00022164.jpg,3
data/sorted/cardboard/00010279.jpg,0
data/sorted/glass/00020174.jpg,1
data/sorted/paper/00007010.jpg,3
data/sorted/trash/00009676.jpg,5
data/sorted/paper/00014687.jpg,3
data/sorted/glass/00019081.jpg,1
data/sorted/plastic/00002368.jpg,4
data/sorted/glass/00004945.jpg,1
data/sorted/plastic/00016388.jpg,4
data/sorted/plastic/00015423.jpg,4
data/sorted/paper/00015359.jpg,3
data/sorted/plastic/00016998.jpg,4
data/sorted/cardboard/00003608.jpg,0
data/sorted/plastic/00022964.jpg,4
data/sorted/glass/00011726.jpg,1
data/sorted/glass/00019139.jpg,1
data/sorted/cardboard/00003744.jpg,0
data/sorted/metal/00013612.jpg,2
data/sorted/glass/00004319.jpg,1
data/sorted/glass/00020089.jpg,1
data/sorted/glass/00019858.jpg,1
data/sorted/glass/00012324.jpg,1
data/sorted/plastic/00008566.jpg,4
data/sorted/paper/00021970.jpg,3
data/sorted/cardboard/00010904.jpg,0
data/sorted/glass/00013009.jpg,1
data/sorted/plastic/00009231.jpg,4
data/sorted/metal/00021130.jpg,2
data/sorted/glass/00000427.jpg,1
data/sorted/paper/00015127.jpg,3
data/sorted/cardboard/00018543.jpg,0
data/sorted/plastic/00022907.jpg,4
data/sorted/metal/00006480.jpg,2
data/sorted/plastic/00008445.jpg,4
data/sorted/paper/00014612.jpg,3
data/sorted/paper/00007028.jpg,3
data/sorted/paper/00007907.jpg,3
data/sorted/plastic/00015434.jpg,4
data/sorted/metal/00006589.jpg,2
data/sorted/metal/00001148.jpg,2
data/sorted/trash/00017161.jpg,5
data/sorted/paper/00007923.jpg,3
data/sorted/paper/00007306.jpg,3
data/sorted/plastic/00009475.jpg,4
data/sorted/glass/00020175.jpg,1
data/sorted/plastic/00023036.jpg,4
data/sorted/plastic/00008532.jpg,4
data/sorted/paper/00014995.jpg,3
data/sorted/glass/00013036.jpg,1
data/sorted/glass/00012617.jpg,1
data/sorted/glass/00020380.jpg,1
data/sorted/cardboard/00000272.jpg,0
data/sorted/plastic/00007980.jpg,4
data/sorted/trash/00017062.jpg,5
data/sorted/glass/00012605.jpg,1
data/sorted/cardboard/00018300.jpg,0
data/sorted/metal/00021408.jpg,2
data/sorted/metal/00006162.jpg,2
data/sorted/cardboard/00003183.jpg,0
data/sorted/cardboard/00018338.jpg,0
data/sorted/glass/00019890.jpg,1
data/sorted/plastic/00009240.jpg,4
data/sorted/cardboard/00003443.jpg,0
data/sorted/glass/00004851.jpg,1
data/sorted/plastic/00002238.jpg,4
data/sorted/cardboard/00011397.jpg,0
data/sorted/metal/00006484.jpg,2
data/sorted/cardboard/00018333.jpg,0
data/sorted/trash/00017453.jpg,5
data/sorted/glass/00005201.jpg,1
data/sorted/plastic/00015823.jpg,4
data/sorted/glass/00011419.jpg,1
data/sorted/metal/00001053.jpg,2
data/sorted/cardboard/00010429.jpg,0
data/sorted/trash/00024823.jpg,5
data/sorted/metal/00021008.jpg,2
data/sorted/cardboard/00010161.jpg,0
data/sorted/glass/00011997.jpg,1
data/sorted/glass/00020007.jpg,1
data/sorted/glass/00011727.jpg,1
data/sorted/cardboard/00000288.jpg,0
data/sorted/glass/00005401.jpg,1
data/sorted/cardboard/00018192.jpg,0
data/sorted/plastic/00023728.jpg,4
data/sorted/cardboard/00017570.jpg,0
data/sorted/glass/00011496.jpg,1
data/sorted/trash/00017433.jpg,5
data/sorted/paper/00001543.jpg,3
data/sorted/paper/00015013.jpg,3
data/sorted/glass/00019861.jpg,1
data/sorted/metal/00006167.jpg,2
data/sorted/cardboard/00017890.jpg,0
data/sorted/plastic/00016676.jpg,4
data/sorted/plastic/00016858.jpg,4
data/sorted/plastic/00002358.jpg,4
data/sorted/glass/00004279.jpg,1
data/sorted/glass/00012669.jpg,1
data/sorted/cardboard/00018620.jpg,0
data/sorted/plastic/00008718.jpg,4
data/sorted/cardboard/00011100.jpg,0
data/sorted/paper/00022105.jpg,3
data/sorted/glass/00004397.jpg,1
data/sorted/cardboard/00011238.jpg,0
data/sorted/cardboard/00010637.jpg,0
data/sorted/glass/00004628.jpg,1
data/sorted/plastic/00009295.jpg,4
data/sorted/plastic/00015942.jpg,4
data/sorted/paper/00022522.jpg,3
data/sorted/trash/00024662.jpg,5
data/sorted/plastic/00008644.jpg,4
data/sorted/metal/00020765.jpg,2
data/sorted/plastic/00023196.jpg,4
data/sorted/paper/00022074.jpg,3
data/sorted/metal/00000911.jpg,2
data/sorted/glass/00000619.jpg,1
data/sorted/trash/00024558.jpg,5
data/sorted/metal/00021023.jpg,2
data/sorted/glass/00012066.jpg,1
data/sorted/cardboard/00003023.jpg,0
data/sorted/plastic/00009225.jpg,4
data/sorted/metal/00001253.jpg,2
data/sorted/plastic/00002296.jpg,4
data/sorted/plastic/00002263.jpg,4
data/sorted/paper/00014496.jpg,3
data/sorted/trash/00002505.jpg,5
data/sorted/glass/00000530.jpg,1
data/sorted/metal/00013862.jpg,2
data/sorted/metal/00006452.jpg,2
data/sorted/metal/00021217.jpg,2
data/sorted/glass/00012109.jpg,1
data/sorted/paper/00022179.jpg,3
data/sorted/metal/00001191.jpg,2
data/sorted/metal/00021307.jpg,2
data/sorted/glass/00005448.jpg,1
data/sorted/metal/00021369.jpg,2
data/sorted/plastic/00009462.jpg,4
data/sorted/metal/00020870.jpg,2
data/sorted/glass/00011439.jpg,1
data/sorted/metal/00021490.jpg,2
data/sorted/metal/00013176.jpg,2
data/sorted/glass/00019955.jpg,1
data/sorted/cardboard/00017490.jpg,0
data/sorted/paper/00006611.jpg,3
data/sorted/cardboard/00018390.jpg,0
data/sorted/plastic/00023971.jpg,4
data/sorted/cardboard/00010126.jpg,0
data/sorted/paper/00014382.jpg,3
data/sorted/glass/00005051.jpg,1
data/sorted/glass/00012597.jpg,1
data/sorted/cardboard/00018356.jpg,0
data/sorted/cardboard/00010300.jpg,0
data/sorted/plastic/00024220.jpg,4
data/sorted/glass/00005622.jpg,1
data/sorted/cardboard/00011107.jpg,0
data/sorted/cardboard/00011090.jpg,0
data/sorted/glass/00004796.jpg,1
data/sorted/glass/00004267.jpg,1
data/sorted/cardboard/00010935.jpg,0
data/sorted/paper/00007273.jpg,3
data/sorted/metal/00013791.jpg,2
data/sorted/paper/00022524.jpg,3
data/sorted/glass/00020477.jpg,1
data/sorted/glass/00020356.jpg,1
data/sorted/glass/00020239.jpg,1
data/sorted/plastic/00023058.jpg,4
data/sorted/metal/00006289.jpg,2
data/sorted/paper/00014323.jpg,3
data/sorted/trash/00017257.jpg,5
data/sorted/trash/00009818.jpg,5
data/sorted/metal/00006265.jpg,2
data/sorted/plastic/00016879.jpg,4
data/sorted/glass/00013059.jpg,1
data/sorted/metal/00001210.jpg,2
data/sorted/cardboard/00018695.jpg,0
data/sorted/metal/00013432.jpg,2
data/sorted/paper/00007328.jpg,3
data/sorted/plastic/00009383.jpg,4
data/sorted/cardboard/00018289.jpg,0
data/sorted/glass/00020107.jpg,1
data/sorted/paper/00022609.jpg,3
data/sorted/cardboard/00010195.jpg,0
data/sorted/plastic/00002159.jpg,4
data/sorted/metal/00000957.jpg,2
data/sorted/cardboard/00018777.jpg,0
data/sorted/glass/00019002.jpg,1
data/sorted/cardboard/00003222.jpg,0
data/sorted/glass/00012085.jpg,1
data/sorted/glass/00019956.jpg,1
data/sorted/trash/00024521.jpg,5
data/sorted/metal/00020730.jpg,2
data/sorted/glass/00012374.jpg,1
data/sorted/metal/00013966.jpg,2
data/sorted/metal/00013417.jpg,2
data/sorted/trash/00009865.jpg,5
data/sorted/plastic/00009422.jpg,4
data/sorted/plastic/00008197.jpg,4
data/sorted/paper/00014095.jpg,3
data/sorted/metal/00020829.jpg,2
data/sorted/glass/00011702.jpg,1
data/sorted/metal/00013393.jpg,2
data/sorted/paper/00014185.jpg,3
data/sorted/glass/00005574.jpg,1
data/sorted/paper/00015275.jpg,3
data/sorted/plastic/00016658.jpg,4
data/sorted/glass/00004443.jpg,1
data/sorted/glass/00020538.jpg,1
data/sorted/paper/00022284.jpg,3
data/sorted/metal/00021252.jpg,2
data/sorted/paper/00014846.jpg,3
data/sorted/cardboard/00000206.jpg,0
data/sorted/glass/00005535.jpg,1
data/sorted/plastic/00022942.jpg,4
data/sorted/metal/00006563.jpg,2
data/sorted/trash/00009584.jpg,5
data/sorted/glass/00005648.jpg,1
data/sorted/cardboard/00018850.jpg,0
data/sorted/plastic/00024392.jpg,4
data/sorted/paper/00014525.jpg,3
data/sorted/plastic/00015843.jpg,4
data/sorted/metal/00013278.jpg,2
data/sorted/cardboard/00000162.jpg,0
data/sorted/plastic/00002292.jpg,4
data/sorted/cardboard/00018317.jpg,0
data/sorted/plastic/00024262.jpg,4
data/sorted/plastic/00016883.jpg,4
data/sorted/metal/00013375.jpg,2
data/sorted/plastic/00016091.jpg,4
data/sorted/cardboard/00003141.jpg,0
data/sorted/paper/00021830.jpg,3
data/sorted/glass/00004333.jpg,1
data/sorted/plastic/00023057.jpg,4
data/sorted/plastic/00023714.jpg,4
data/sorted/cardboard/00018075.jpg,0
data/sorted/glass/00019734.jpg,1
data/sorted/glass/00013029.jpg,1
data/sorted/plastic/00016957.jpg,4
data/sorted/metal/00006346.jpg,2
data/sorted/glass/00019537.jpg,1
data/sorted/paper/00001678.jpg,3
data/sorted/metal/00006138.jpg,2
data/sorted/metal/00021403.jpg,2
data/sorted/glass/00012158.jpg,1
data/sorted/glass/00000525.jpg,1
data/sorted/trash/00017246.jpg,5
data/sorted/metal/00001276.jpg,2
data/sorted/cardboard/00002772.jpg,0
data/sorted/cardboard/00003601.jpg,0
data/sorted/plastic/00023466.jpg,4
data/sorted/metal/00021374.jpg,2
data/sorted/cardboard/00010661.jpg,0
data/sorted/glass/00011762.jpg,1
data/sorted/glass/00019863.jpg,1
data/sorted/plastic/00023278.jpg,4
data/sorted/trash/00009898.jpg,5
data/sorted/paper/00014898.jpg,3
data/sorted/paper/00001694.jpg,3
data/sorted/metal/00021505.jpg,2
data/sorted/metal/00013729.jpg,2
data/sorted/paper/00001566.jpg,3
data/sorted/plastic/00024174.jpg,4
data/sorted/paper/00001711.jpg,3
data/sorted/metal/00020640.jpg,2
data/sorted/glass/00004384.jpg,1
data/sorted/metal/00021436.jpg,2
data/sorted/paper/00014345.jpg,3
data/sorted/cardboard/00017946.jpg,0
data/sorted/cardboard/00003227.jpg,0
data/sorted/glass/00011474.jpg,1
data/sorted/metal/00005725.jpg,2
data/sorted/metal/00001279.jpg,2
data/sorted/plastic/00015470.jpg,4
data/sorted/plastic/00023270.jpg,4
data/sorted/glass/00019720.jpg,1
data/sorted/plastic/00015509.jpg,4
data/sorted/metal/00000946.jpg,2
data/sorted/glass/00000630.jpg,1
data/sorted/trash/00017311.jpg,5
data/sorted/metal/00006393.jpg,2
data/sorted/cardboard/00003422.jpg,0
data/sorted/paper/00001867.jpg,3
data/sorted/paper/00006640.jpg,3
data/sorted/cardboard/00011300.jpg,0
data/sorted/trash/00002403.jpg,5
data/sorted/metal/00020772.jpg,2
data/sorted/cardboard/00018689.jpg,0
data/sorted/plastic/00016584.jpg,4
data/sorted/metal/00020927.jpg,2
data/sorted/glass/00003965.jpg,1
data/sorted/cardboard/00017859.jpg,0
data/sorted/metal/00021184.jpg,2
data/sorted/glass/00005497.jpg,1
data/sorted/plastic/00016620.jpg,4
data/sorted/cardboard/00010963.jpg,0
data/sorted/glass/00012058.jpg,1
data/sorted/paper/00006982.jpg,3
data/sorted/metal/00013311.jpg,2
data/sorted/paper/00022745.jpg,3
data/sorted/paper/00006872.jpg,3
data/sorted/metal/00013293.jpg,2
data/sorted/plastic/00015577.jpg,4
data/sorted/glass/00020328.jpg,1
data/sorted/trash/00009980.jpg,5
data/sorted/metal/00006471.jpg,2
data/sorted/paper/00022810.jpg,3
data/sorted/paper/00006921.jpg,3
data/sorted/cardboard/00017803.jpg,0
data/sorted/plastic/00023481.jpg,4
data/sorted/plastic/00024103.jpg,4
data/sorted/cardboard/00018386.jpg,0
data/sorted/glass/00012783.jpg,1
data/sorted/plastic/00009373.jpg,4
data/sorted/cardboard/00003740.jpg,0
data/sorted/paper/00007481.jpg,3
data/sorted/plastic/00024248.jpg,4
data/sorted/cardboard/00000370.jpg,0
data/sorted/glass/00019208.jpg,1
data/sorted/glass/00012812.jpg,1
data/sorted/paper/00001391.jpg,3
data/sorted/glass/00005206.jpg,1
data/sorted/plastic/00015879.jpg,4
data/sorted/paper/00006951.jpg,3
data/sorted/plastic/00023606.jpg,4
data/sorted/glass/00020392.jpg,1
data/sorted/paper/00022167.jpg,3
data/sorted/cardboard/00018479.jpg,0
data/sorted/glass/00000541.jpg,1
data/sorted/glass/00011511.jpg,1
data/sorted/plastic/00002187.jpg,4
data/sorted/paper/00001550.jpg,3
data/sorted/glass/00019316.jpg,1
data/sorted/trash/00017451.jpg,5
data/sorted/glass/00020263.jpg,1
data/sorted/cardboard/00010397.jpg,0
data/sorted/plastic/00008721.jpg,4
data/sorted/plastic/00023729.jpg,4
data/sorted/plastic/00015777.jpg,4
data/sorted/glass/00019660.jpg,1
data/sorted/glass/00005389.jpg,1
data/sorted/trash/00009913.jpg,5
data/sorted/metal/00001068.jpg,2
data/sorted/glass/00004624.jpg,1
data/sorted/paper/00001798.jpg,3
data/sorted/paper/00015201.jpg,3
data/sorted/paper/00022282.jpg,3
data/sorted/plastic/00009427.jpg,4
data/sorted/metal/00013578.jpg,2
data/sorted/glass/00012793.jpg,1
data/sorted/cardboard/00000282.jpg,0
data/sorted/plastic/00008488.jpg,4
data/sorted/plastic/00016592.jpg,4
data/sorted/metal/00001208.jpg,2
data/sorted/trash/00024910.jpg,5
data/sorted/paper/00014097.jpg,3
data/sorted/paper/00022146.jpg,3
data/sorted/glass/00004423.jpg,1
data/sorted/metal/00021108.jpg,2
data/sorted/plastic/00009458.jpg,4
data/sorted/cardboard/00017904.jpg,0
data/sorted/trash/00017019.jpg,5
data/sorted/glass/00019999.jpg,1
data/sorted/plastic/00001995.jpg,4
data/sorted/plastic/00009387.jpg,4
data/sorted/cardboard/00010625.jpg,0
data/sorted/paper/00007805.jpg,3
data/sorted/glass/00012643.jpg,1
data/sorted/glass/00005062.jpg,1
data/sorted/glass/00012648.jpg,1
data/sorted/glass/00011787.jpg,1
data/sorted/plastic/00024330.jpg,4
data/sorted/cardboard/00017788.jpg,0
data/sorted/paper/00022795.jpg,3
data/sorted/plastic/00008988.jpg,4
data/sorted/glass/00019461.jpg,1
data/sorted/glass/00020342.jpg,1
data/sorted/plastic/00024455.jpg,4
data/sorted/plastic/00015929.jpg,4
data/sorted/paper/00001772.jpg,3
data/sorted/cardboard/00017864.jpg,0
data/sorted/trash/00024726.jpg,5
data/sorted/paper/00001809.jpg,3
data/sorted/paper/00001353.jpg,3
data/sorted/cardboard/00017931.jpg,0
data/sorted/cardboard/00018258.jpg,0
data/sorted/paper/00022648.jpg,3
data/sorted/glass/00005445.jpg,1
data/sorted/paper/00001698.jpg,3
data/sorted/glass/00004659.jpg,1
data/sorted/trash/00002514.jpg,5
data/sorted/metal/00005821.jpg,2
data/sorted/cardboard/00010807.jpg,0
data/sorted/plastic/00002043.jpg,4
data/sorted/cardboard/00003506.jpg,0
data/sorted/paper/00022255.jpg,3
data/sorted/cardboard/00010404.jpg,0
data/sorted/cardboard/00010164.jpg,0
data/sorted/plastic/00008168.jpg,4
data/sorted/cardboard/00003202.jpg,0
data/sorted/glass/00004750.jpg,1
data/sorted/glass/00005005.jpg,1
data/sorted/glass/00011836.jpg,1
data/sorted/metal/00020680.jpg,2
data/sorted/glass/00000534.jpg,1
data/sorted/paper/00001826.jpg,3
data/sorted/glass/00018865.jpg,1
data/sorted/plastic/00024459.jpg,4
data/sorted/paper/00007286.jpg,3
data/sorted/plastic/00009128.jpg,4
data/sorted/plastic/00024216.jpg,4
data/sorted/plastic/00015457.jpg,4
data/sorted/paper/00022150.jpg,3
data/sorted/glass/00004379.jpg,1
data/sorted/plastic/00008673.jpg,4
data/sorted/plastic/00023698.jpg,4
data/sorted/paper/00014584.jpg,3
data/sorted/glass/00005353.jpg,1
data/sorted/glass/00020332.jpg,1
data/sorted/plastic/00015692.jpg,4
data/sorted/cardboard/00011068.jpg,0
data/sorted/cardboard/00010787.jpg,0
data/sorted/glass/00004369.jpg,1
data/sorted/cardboard/00018476.jpg,0
data/sorted/cardboard/00018628.jpg,0
data/sorted/cardboard/00002633.jpg,0
data/sorted/cardboard/00018537.jpg,0
data/sorted/paper/00021536.jpg,3
data/sorted/metal/00006377.jpg,2
data/sorted/metal/00001082.jpg,2
data/sorted/cardboard/00000018.jpg,0
data/sorted/plastic/00001983.jpg,4
data/sorted/glass/00020094.jpg,1
data/sorted/glass/00019141.jpg,1
data/sorted/metal/00020825.jpg,2
data/sorted/plastic/00008734.jpg,4
data/sorted/metal/00020718.jpg,2
data/sorted/paper/00001876.jpg,3
data/sorted/trash/00024778.jpg,5
data/sorted/cardboard/00010383.jpg,0
data/sorted/glass/00004322.jpg,1
data/sorted/paper/00007700.jpg,3
data/sorted/glass/00011661.jpg,1
data/sorted/metal/00021158.jpg,2
data/sorted/plastic/00023766.jpg,4
data/sorted/cardboard/00002530.jpg,0
data/sorted/paper/00015403.jpg,3
data/sorted/plastic/00009268.jpg,4
data/sorted/glass/00000731.jpg,1
data/sorted/paper/00022757.jpg,3
data/sorted/plastic/00024207.jpg,4
data/sorted/plastic/00023435.jpg,4
data/sorted/glass/00004992.jpg,1
data/sorted/cardboard/00010009.jpg,0
data/sorted/metal/00021407.jpg,2
data/sorted/plastic/00015442.jpg,4
data/sorted/metal/00013985.jpg,2
data/sorted/plastic/00016257.jpg,4
data/sorted/glass/00005115.jpg,1
data/sorted/paper/00021576.jpg,3
data/sorted/cardboard/00003484.jpg,0
data/sorted/paper/00014960.jpg,3
data/sorted/glass/00005356.jpg,1
data/sorted/metal/00021515.jpg,2
data/sorted/paper/00001621.jpg,3
data/sorted/cardboard/00017936.jpg,0
data/sorted/trash/00009699.jpg,5
data/sorted/paper/00014074.jpg,3
data/sorted/plastic/00016287.jpg,4
data/sorted/cardboard/00018224.jpg,0
data/sorted/glass/00000457.jpg,1
data/sorted/plastic/00001979.jpg,4
data/sorted/plastic/00007958.jpg,4
data/sorted/glass/00005536.jpg,1
data/sorted/trash/00009979.jpg,5
data/sorted/metal/00001152.jpg,2
data/sorted/glass/00004484.jpg,1
data/sorted/glass/00000763.jpg,1
data/sorted/plastic/00016683.jpg,4
data/sorted/paper/00015334.jpg,3
data/sorted/paper/00001840.jpg,3
data/sorted/plastic/00016057.jpg,4
data/sorted/metal/00013844.jpg,2
data/sorted/cardboard/00010675.jpg,0
data/sorted/metal/00021293.jpg,2
data/sorted/glass/00000639.jpg,1
data/sorted/trash/00017207.jpg,5
data/sorted/glass/00005322.jpg,1
data/sorted/plastic/00024259.jpg,4
data/sorted/cardboard/00002868.jpg,0
data/sorted/paper/00014311.jpg,3
data/sorted/glass/00020183.jpg,1
data/sorted/plastic/00016054.jpg,4
data/sorted/plastic/00016935.jpg,4
data/sorted/cardboard/00018523.jpg,0
data/sorted/plastic/00023840.jpg,4
data/sorted/plastic/00008572.jpg,4
data/sorted/trash/00024870.jpg,5
data/sorted/glass/00019364.jpg,1
data/sorted/metal/00013881.jpg,2
data/sorted/glass/00019057.jpg,1
data/sorted/cardboard/00002657.jpg,0
data/sorted/cardboard/00002878.jpg,0
data/sorted/paper/00021658.jpg,3
data/sorted/plastic/00023706.jpg,4
data/sorted/paper/00022340.jpg,3
data/sorted/plastic/00016502.jpg,4
data/sorted/glass/00005491.jpg,1
data/sorted/glass/00012676.jpg,1
data/sorted/glass/00004475.jpg,1
data/sorted/plastic/00016831.jpg,4
data/sorted/metal/00005831.jpg,2
data/sorted/plastic/00008153.jpg,4
data/sorted/glass/00012183.jpg,1
data/sorted/paper/00015231.jpg,3
data/sorted/plastic/00008659.jpg,4
data/sorted/metal/00006242.jpg,2
data/sorted/trash/00009727.jpg,5
data/sorted/metal/00001308.jpg,2
data/sorted/glass/00012986.jpg,1
data/sorted/trash/00009881.jpg,5
data/sorted/glass/00004393.jpg,1
data/sorted/cardboard/00000348.jpg,0
data/sorted/metal/00006009.jpg,2
data/sorted/paper/00022140.jpg,3
data/sorted/paper/00014765.jpg,3
data/sorted/glass/00012328.jpg,1
data/sorted/paper/00015262.jpg,3
data/sorted/paper/00007939.jpg,3
data/sorted/glass/00004542.jpg,1
data/sorted/trash/00017053.jpg,5
data/sorted/glass/00011602.jpg,1
data/sorted/cardboard/00010326.jpg,0
data/sorted/metal/00013797.jpg,2
data/sorted/plastic/00016997.jpg,4
data/sorted/trash/00009844.jpg,5
data/sorted/glass/00012953.jpg,1
data/sorted/cardboard/00018561.jpg,0
data/sorted/plastic/00023041.jpg,4
data/sorted/glass/00020295.jpg,1
data/sorted/paper/00001407.jpg,3
data/sorted/metal/00013186.jpg,2
data/sorted/paper/00022389.jpg,3
data/sorted/plastic/00016077.jpg,4
data/sorted/cardboard/00018366.jpg,0
data/sorted/metal/00020808.jpg,2
data/sorted/glass/00019949.jpg,1
data/sorted/plastic/00016843.jpg,4
data/sorted/paper/00022658.jpg,3
data/sorted/plastic/00007976.jpg,4
data/sorted/trash/00009938.jpg,5
data/sorted/plastic/00023464.jpg,4
data/sorted/paper/00021549.jpg,3
data/sorted/plastic/00002283.jpg,4
data/sorted/glass/00005329.jpg,1
data/sorted/metal/00000958.jpg,2
data/sorted/plastic/00015819.jpg,4
data/sorted/glass/00019322.jpg,1
data/sorted/metal/00020839.jpg,2
data/sorted/glass/00004269.jpg,1
data/sorted/cardboard/00018069.jpg,0
data/sorted/metal/00020823.jpg,2
data/sorted/paper/00007476.jpg,3
data/sorted/glass/00019137.jpg,1
data/sorted/glass/00005283.jpg,1
data/sorted/glass/00004780.jpg,1
data/sorted/paper/00022807.jpg,3
data/sorted/glass/00012806.jpg,1
data/sorted/metal/00013855.jpg,2
data/sorted/paper/00007761.jpg,3
data/sorted/glass/00019300.jpg,1
data/sorted/plastic/00009370.jpg,4
data/sorted/cardboard/00002938.jpg,0
data/sorted/cardboard/00003402.jpg,0
data/sorted/paper/00007205.jpg,3
data/sorted/plastic/00016579.jpg,4
data/sorted/metal/00006156.jpg,2
data/sorted/cardboard/00018129.jpg,0
data/sorted/paper/00014168.jpg,3
data/sorted/cardboard/00010063.jpg,0
data/sorted/plastic/00023965.jpg,4
data/sorted/plastic/00009229.jpg,4
data/sorted/cardboard/00003660.jpg,0
data/sorted/glass/00005056.jpg,1
data/sorted/plastic/00008840.jpg,4
data/sorted/metal/00006055.jpg,2
data/sorted/plastic/00002284.jpg,4
data/sorted/glass/00005154.jpg,1
data/sorted/glass/00005271.jpg,1
data/sorted/plastic/00008189.jpg,4
data/sorted/cardboard/00000325.jpg,0
data/sorted/glass/00020324.jpg,1
data/sorted/glass/00019114.jpg,1
data/sorted/glass/00005163.jpg,1
data/sorted/plastic/00016730.jpg,4
data/sorted/plastic/00008479.jpg,4
data/sorted/glass/00012824.jpg,1
data/sorted/metal/00000929.jpg,2
data/sorted/cardboard/00003131.jpg,0
data/sorted/plastic/00016051.jpg,4
data/sorted/metal/00013686.jpg,2
data/sorted/plastic/00008374.jpg,4
data/sorted/trash/00002504.jpg,5
data/sorted/glass/00005582.jpg,1
data/sorted/glass/00019740.jpg,1
data/sorted/glass/00012774.jpg,1
data/sorted/cardboard/00018056.jpg,0
data/sorted/glass/00012631.jpg,1
data/sorted/plastic/00008190.jpg,4
data/sorted/metal/00006208.jpg,2
data/sorted/paper/00014581.jpg,3
data/sorted/plastic/00016972.jpg,4
data/sorted/paper/00022591.jpg,3
data/sorted/plastic/00016692.jpg,4
data/sorted/glass/00000470.jpg,1
data/sorted/plastic/00023211.jpg,4
data/sorted/glass/00004716.jpg,1
data/sorted/cardboard/00003936.jpg,0
data/sorted/paper/00014647.jpg,3
data/sorted/plastic/00023106.jpg,4
data/sorted/plastic/00007953.jpg,4
data/sorted/metal/00013911.jpg,2
data/sorted/plastic/00008995.jpg,4
data/sorted/glass/00011408.jpg,1
data/sorted/paper/00007521.jpg,3
data/sorted/paper/00015055.jpg,3
data/sorted/plastic/00008725.jpg,4
data/sorted/plastic/00008080.jpg,4
data/sorted/plastic/00007987.jpg,4
data/sorted/paper/00021567.jpg,3
data/sorted/plastic/00023038.jpg,4
data/sorted/cardboard/00003669.jpg,0
data/sorted/glass/00012160.jpg,1
data/sorted/paper/00001491.jpg,3
data/sorted/cardboard/00018845.jpg,0
data/sorted/paper/00001575.jpg,3
data/sorted/paper/00007349.jpg,3
data/sorted/plastic/00023376.jpg,4
data/sorted/plastic/00022934.jpg,4
data/sorted/metal/00001313.jpg,2
data/sorted/plastic/00008888.jpg,4
data/sorted/cardboard/00010700.jpg,0
data/sorted/cardboard/00018374.jpg,0
data/sorted/metal/00021329.jpg,2
data/sorted/cardboard/00010204.jpg,0
data/sorted/paper/00014984.jpg,3
data/sorted/paper/00022576.jpg,3
data/sorted/glass/00012157.jpg,1
data/sorted/cardboard/00010149.jpg,0
data/sorted/metal/00020782.jpg,2
data/sorted/cardboard/00002820.jpg,0
data/sorted/plastic/00016263.jpg,4
data/sorted/glass/00019494.jpg,1
data/sorted/plastic/00016686.jpg,4
data/sorted/paper/00021562.jpg,3
data/sorted/glass/00004055.jpg,1
data/sorted/plastic/00015770.jpg,4
data/sorted/paper/00022625.jpg,3
data/sorted/glass/00020182.jpg,1
data/sorted/cardboard/00003296.jpg,0
data/sorted/glass/00004439.jpg,1
data/sorted/glass/00019631.jpg,1
data/sorted/cardboard/00018388.jpg,0
data/sorted/plastic/00015921.jpg,4
data/sorted/glass/00005152.jpg,1
data/sorted/plastic/00008997.jpg,4
data/sorted/glass/00012235.jpg,1
data/sorted/plastic/00023395.jpg,4
data/sorted/trash/00009892.jpg,5
data/sorted/metal/00005938.jpg,2
data/sorted/plastic/00016318.jpg,4
data/sorted/glass/00019347.jpg,1
data/sorted/glass/00004246.jpg,1
data/sorted/plastic/00016439.jpg,4
data/sorted/glass/00000895.jpg,1
data/sorted/paper/00007396.jpg,3
data/sorted/trash/00024675.jpg,5
data/sorted/plastic/00022962.jpg,4
data/sorted/plastic/00015977.jpg,4
data/sorted/plastic/00016865.jpg,4
data/sorted/metal/00005927.jpg,2
data/sorted/glass/00012706.jpg,1
data/sorted/glass/00019008.jpg,1
data/sorted/trash/00009580.jpg,5
data/sorted/cardboard/00000061.jpg,0
data/sorted/plastic/00016320.jpg,4
data/sorted/cardboard/00018310.jpg,0
data/sorted/metal/00005688.jpg,2
data/sorted/glass/00004284.jpg,1
data/sorted/metal/00006500.jpg,2
data/sorted/glass/00000668.jpg,1
data/sorted/plastic/00016565.jpg,4
data/sorted/glass/00020570.jpg,1
data/sorted/paper/00001717.jpg,3
data/sorted/metal/00020812.jpg,2
data/sorted/glass/00011555.jpg,1
data/sorted/plastic/00023951.jpg,4
data/sorted/metal/00013241.jpg,2
data/sorted/metal/00020661.jpg,2
data/sorted/paper/00007259.jpg,3
data/sorted/trash/00024528.jpg,5
data/sorted/paper/00007113.jpg,3
data/sorted/cardboard/00000073.jpg,0
data/sorted/glass/00012655.jpg,1
data/sorted/plastic/00002097.jpg,4
data/sorted/metal/00006413.jpg,2
data/sorted/trash/00009599.jpg,5
data/sorted/paper/00015169.jpg,3
data/sorted/cardboard/00002598.jpg,0
data/sorted/glass/00012598.jpg,1
data/sorted/paper/00007725.jpg,3
data/sorted/plastic/00016218.jpg,4
data/sorted/paper/00022702.jpg,3
data/sorted/cardboard/00017882.jpg,0
data/sorted/plastic/00015418.jpg,4
data/sorted/glass/00019783.jpg,1
data/sorted/glass/00000621.jpg,1
data/sorted/paper/00007559.jpg,3
data/sorted/cardboard/00018054.jpg,0
data/sorted/glass/00000858.jpg,1
data/sorted/plastic/00002015.jpg,4
data/sorted/trash/00024808.jpg,5
data/sorted/plastic/00023589.jpg,4
data/sorted/trash/00024529.jpg,5
data/sorted/paper/00007135.jpg,3
data/sorted/plastic/00009470.jpg,4
data/sorted/glass/00003975.jpg,1
data/sorted/cardboard/00003810.jpg,0
data/sorted/glass/00004909.jpg,1
data/sorted/cardboard/00010466.jpg,0
data/sorted/paper/00006688.jpg,3
data/sorted/cardboard/00010306.jpg,0
data/sorted/glass/00004085.jpg,1
data/sorted/glass/00005171.jpg,1
data/sorted/plastic/00023998.jpg,4
data/sorted/plastic/00023135.jpg,4
data/sorted/plastic/00023119.jpg,4
data/sorted/plastic/00008308.jpg,4
data/sorted/paper/00014403.jpg,3
data/sorted/glass/00011623.jpg,1
data/sorted/plastic/00008201.jpg,4
data/sorted/cardboard/00003208.jpg,0
data/sorted/glass/00004621.jpg,1
data/sorted/glass/00004559.jpg,1
data/sorted/plastic/00008295.jpg,4
data/sorted/paper/00014272.jpg,3
data/sorted/plastic/00016813.jpg,4
data/sorted/trash/00017316.jpg,5
data/sorted/cardboard/00000269.jpg,0
data/sorted/cardboard/00010980.jpg,0
data/sorted/cardboard/00018064.jpg,0
data/sorted/paper/00007812.jpg,3
data/sorted/trash/00017441.jpg,5
data/sorted/plastic/00023465.jpg,4
data/sorted/glass/00019523.jpg,1
data/sorted/glass/00012069.jpg,1
data/sorted/cardboard/00010771.jpg,0
data/sorted/trash/00017041.jpg,5
data/sorted/glass/00012370.jpg,1
data/sorted/metal/00005702.jpg,2
data/sorted/metal/00013975.jpg,2
data/sorted/paper/00022446.jpg,3
data/sorted/cardboard/00000166.jpg,0
data/sorted/cardboard/00010649.jpg,0
data/sorted/metal/00020813.jpg,2
data/sorted/plastic/00008835.jpg,4
data/sorted/plastic/00015490.jpg,4
data/sorted/glass/00000839.jpg,1
data/sorted/cardboard/00002618.jpg,0
data/sorted/plastic/00016131.jpg,4
data/sorted/trash/00017007.jpg,5
data/sorted/glass/00018887.jpg,1
data/sorted/glass/00000634.jpg,1
data/sorted/glass/00000539.jpg,1
data/sorted/metal/00021309.jpg,2
data/sorted/plastic/00015409.jpg,4
data/sorted/paper/00007934.jpg,3
data/sorted/metal/00013505.jpg,2
data/sorted/paper/00007000.jpg,3
data/sorted/paper/00022844.jpg,3
data/sorted/plastic/00016941.jpg,4
data/sorted/paper/00014524.jpg,3
data/sorted/glass/00011995.jpg,1
data/sorted/metal/00021193.jpg,2
data/sorted/plastic/00015654.jpg,4
data/sorted/paper/00021551.jpg,3
data/sorted/paper/00022796.jpg,3
data/sorted/trash/00017347.jpg,5
data/sorted/cardboard/00010485.jpg,0
data/sorted/metal/00013526.jpg,2
data/sorted/plastic/00015609.jpg,4
data/sorted/cardboard/00018090.jpg,0
data/sorted/glass/00019111.jpg,1
data/sorted/cardboard/00003757.jpg,0
data/sorted/cardboard/00011035.jpg,0
data/sorted/plastic/00008165.jpg,4
data/sorted/plastic/00024340.jpg,4
data/sorted/glass/00012133.jpg,1
data/sorted/paper/00021694.jpg,3
data/sorted/glass/00000629.jpg,1
data/sorted/cardboard/00003897.jpg,0
data/sorted/glass/00020118.jpg,1
data/sorted/paper/00014181.jpg,3
data/sorted/glass/00020222.jpg,1
data/sorted/metal/00006318.jpg,2
data/sorted/cardboard/00011306.jpg,0
data/sorted/glass/00011720.jpg,1
data/sorted/trash/00024661.jpg,5
data/sorted/cardboard/00003825.jpg,0
data/sorted/metal/00020983.jpg,2
data/sorted/plastic/00023552.jpg,4
data/sorted/plastic/00016421.jpg,4
data/sorted/glass/00012921.jpg,1
data/sorted/paper/00007913.jpg,3
data/sorted/trash/00024538.jpg,5
data/sorted/plastic/00022960.jpg,4
data/sorted/paper/00014856.jpg,3
data/sorted/trash/00017296.jpg,5
data/sorted/plastic/00023371.jpg,4
data/sorted/paper/00022327.jpg,3
data/sorted/glass/00012472.jpg,1
data/sorted/glass/00019800.jpg,1
data/sorted/glass/00011952.jpg,1
data/sorted/paper/00007187.jpg,3
data/sorted/glass/00020105.jpg,1
data/sorted/plastic/00023609.jpg,4
data/sorted/glass/00019485.jpg,1
data/sorted/glass/00005506.jpg,1
data/sorted/plastic/00023587.jpg,4
data/sorted/paper/00001319.jpg,3
data/sorted/paper/00022723.jpg,3
data/sorted/glass/00004605.jpg,1
data/sorted/plastic/00008468.jpg,4
data/sorted/metal/00006310.jpg,2
data/sorted/cardboard/00000189.jpg,0
data/sorted/glass/00012969.jpg,1
data/sorted/trash/00024701.jpg,5
data/sorted/cardboard/00002810.jpg,0
data/sorted/glass/00000603.jpg,1
data/sorted/paper/00015397.jpg,3
data/sorted/plastic/00008098.jpg,4
data/sorted/plastic/00024309.jpg,4
data/sorted/plastic/00023767.jpg,4
data/sorted/paper/00015135.jpg,3
data/sorted/plastic/00015441.jpg,4
data/sorted/metal/00006449.jpg,2
data/sorted/trash/00024563.jpg,5
data/sorted/glass/00011954.jpg,1
data/sorted/cardboard/00011313.jpg,0
data/sorted/metal/00021019.jpg,2
data/sorted/cardboard/00010627.jpg,0
data/sorted/trash/00017390.jpg,5
data/sorted/paper/00022705.jpg,3
data/sorted/plastic/00015936.jpg,4
data/sorted/metal/00005997.jpg,2
data/sorted/trash/00017403.jpg,5
data/sorted/plastic/00009482.jpg,4
data/sorted/paper/00022621.jpg,3
data/sorted/cardboard/00002654.jpg,0
data/sorted/cardboard/00003641.jpg,0
data/sorted/paper/00014912.jpg,3
data/sorted/plastic/00008756.jpg,4
data/sorted/glass/00012352.jpg,1
data/sorted/plastic/00024022.jpg,4
data/sorted/glass/00000802.jpg,1
data/sorted/plastic/00024411.jpg,4
data/sorted/paper/00014400.jpg,3
data/sorted/plastic/00015858.jpg,4
data/sorted/plastic/00015991.jpg,4
data/sorted/glass/00000573.jpg,1
data/sorted/plastic/00024396.jpg,4
data/sorted/paper/00021913.jpg,3
data/sorted/metal/00021131.jpg,2
data/sorted/metal/00006198.jpg,2
data/sorted/cardboard/00018204.jpg,0
data/sorted/metal/00013890.jpg,2
data/sorted/plastic/00007962.jpg,4
data/sorted/paper/00014466.jpg,3
data/sorted/glass/00000850.jpg,1
data/sorted/metal/00001289.jpg,2
data/sorted/plastic/00023357.jpg,4
data/sorted/cardboard/00018782.jpg,0
data/sorted/cardboard/00018828.jpg,0
data/sorted/paper/00007742.jpg,3
data/sorted/plastic/00008624.jpg,4
data/sorted/cardboard/00002609.jpg,0
data/sorted/metal/00021205.jpg,2
data/sorted/glass/00000863.jpg,1
data/sorted/glass/00018965.jpg,1
data/sorted/cardboard/00018136.jpg,0
data/sorted/plastic/00023927.jpg,4
data/sorted/glass/00004006.jpg,1
data/sorted/glass/00000845.jpg,1
data/sorted/plastic/00023913.jpg,4
data/sorted/cardboard/00010505.jpg,0
data/sorted/cardboard/00010416.jpg,0
data/sorted/glass/00019760.jpg,1
data/sorted/plastic/00023605.jpg,4
data/sorted/paper/00006715.jpg,3
data/sorted/glass/00004652.jpg,1
data/sorted/paper/00022242.jpg,3
data/sorted/cardboard/00011095.jpg,0
data/sorted/glass/00020220.jpg,1
data/sorted/glass/00020588.jpg,1
data/sorted/plastic/00001945.jpg,4
data/sorted/plastic/00016346.jpg,4
data/sorted/cardboard/00002710.jpg,0
data/sorted/glass/00011882.jpg,1
data/sorted/plastic/00002323.jpg,4
data/sorted/glass/00019836.jpg,1
data/sorted/plastic/00023878.jpg,4
data/sorted/cardboard/00010177.jpg,0
data/sorted/glass/00012223.jpg,1
data/sorted/trash/00009848.jpg,5
data/sorted/cardboard/00011214.jpg,0
data/sorted/plastic/00023238.jpg,4
data/sorted/metal/00021447.jpg,2
data/sorted/plastic/00008937.jpg,4
data/sorted/metal/00021174.jpg,2
data/sorted/metal/00013207.jpg,2
data/sorted/plastic/00008260.jpg,4
data/sorted/cardboard/00017677.jpg,0
data/sorted/metal/00021287.jpg,2
data/sorted/plastic/00008697.jpg,4
data/sorted/paper/00021572.jpg,3
data/sorted/glass/00011718.jpg,1
data/sorted/trash/00009950.jpg,5
data/sorted/glass/00005020.jpg,1
data/sorted/plastic/00002102.jpg,4
data/sorted/glass/00019034.jpg,1
data/sorted/cardboard/00002646.jpg,0
data/sorted/metal/00006371.jpg,2
data/sorted/metal/00013947.jpg,2
data/sorted/plastic/00015430.jpg,4
data/sorted/metal/00005963.jpg,2
data/sorted/plastic/00024203.jpg,4
data/sorted/plastic/00015659.jpg,4
data/sorted/cardboard/00011171.jpg,0
data/sorted/metal/00001073.jpg,2
data/sorted/cardboard/00018424.jpg,0
data/sorted/cardboard/00002795.jpg,0
data/sorted/plastic/00008342.jpg,4
data/sorted/paper/00014304.jpg,3
data/sorted/cardboard/00018789.jpg,0
data/sorted/glass/00019079.jpg,1
data/sorted/paper/00006748.jpg,3
data/sorted/paper/00007633.jpg,3
data/sorted/glass/00019763.jpg,1
data/sorted/cardboard/00002861.jpg,0
data/sorted/cardboard/00018771.jpg,0
data/sorted/glass/00004248.jpg,1
data/sorted/plastic/00016172.jpg,4
data/sorted/glass/00004671.jpg,1
data/sorted/cardboard/00003708.jpg,0
data/sorted/plastic/00023453.jpg,4
data/sorted/cardboard/00000015.jpg,0
data/sorted/paper/00007717.jpg,3
data/sorted/cardboard/00010447.jpg,0
data/sorted/glass/00019830.jpg,1
data/sorted/glass/00004887.jpg,1
data/sorted/paper/00007272.jpg,3
data/sorted/cardboard/00010570.jpg,0
data/sorted/metal/00021199.jpg,2
data/sorted/plastic/00009469.jpg,4
data/sorted/glass/00004566.jpg,1
data/sorted/metal/00020913.jpg,2
data/sorted/plastic/00024173.jpg,4
data/sorted/metal/00013614.jpg,2
data/sorted/glass/00012701.jpg,1
data/sorted/plastic/00016374.jpg,4
data/sorted/glass/00005589.jpg,1
data/sorted/glass/00012741.jpg,1
data/sorted/plastic/00016133.jpg,4
data/sorted/glass/00004517.jpg,1
data/sorted/plastic/00015914.jpg,4
data/sorted/paper/00022173.jpg,3
data/sorted/plastic/00009303.jpg,4
data/sorted/glass/00018943.jpg,1
data/sorted/trash/00017389.jpg,5
data/sorted/plastic/00007988.jpg,4
data/sorted/glass/00005265.jpg,1
data/sorted/plastic/00016552.jpg,4
data/sorted/glass/00019785.jpg,1
data/sorted/glass/00020096.jpg,1
data/sorted/glass/00020319.jpg,1
data/sorted/cardboard/00003463.jpg,0
data/sorted/glass/00004893.jpg,1
data/sorted/cardboard/00003794.jpg,0
data/sorted/glass/00011479.jpg,1
data/sorted/glass/00000410.jpg,1
data/sorted/glass/00004965.jpg,1
data/sorted/plastic/00008764.jpg,4
data/sorted/glass/00012273.jpg,1
data/sorted/trash/00017159.jpg,5
data/sorted/cardboard/00003576.jpg,0
data/sorted/glass/00020420.jpg,1
data/sorted/paper/00014250.jpg,3
data/sorted/plastic/00023738.jpg,4
data/sorted/cardboard/00018024.jpg,0
data/sorted/plastic/00023565.jpg,4
data/sorted/glass/00012180.jpg,1
data/sorted/plastic/00016934.jpg,4
data/sorted/paper/00007464.jpg,3
data/sorted/cardboard/00010077.jpg,0
data/sorted/trash/00024810.jpg,5
data/sorted/cardboard/00018411.jpg,0
data/sorted/plastic/00023722.jpg,4
data/sorted/glass/00020540.jpg,1
data/sorted/paper/00022598.jpg,3
data/sorted/trash/00017277.jpg,5
data/sorted/metal/00021317.jpg,2
data/sorted/glass/00019335.jpg,1
data/sorted/paper/00014456.jpg,3
data/sorted/paper/00007874.jpg,3
data/sorted/glass/00005213.jpg,1
data/sorted/trash/00017262.jpg,5
data/sorted/cardboard/00011166.jpg,0
data/sorted/glass/00004178.jpg,1
data/sorted/plastic/00023284.jpg,4
data/sorted/metal/00013382.jpg,2
data/sorted/cardboard/00003248.jpg,0
data/sorted/cardboard/00000340.jpg,0
data/sorted/metal/00020867.jpg,2
data/sorted/plastic/00002352.jpg,4
data/sorted/plastic/00016951.jpg,4
data/sorted/metal/00006468.jpg,2
data/sorted/glass/00000561.jpg,1
data/sorted/plastic/00015716.jpg,4
data/sorted/plastic/00023615.jpg,4
data/sorted/plastic/00001920.jpg,4
data/sorted/trash/00024542.jpg,5
data/sorted/metal/00021497.jpg,2
data/sorted/plastic/00023920.jpg,4
data/sorted/glass/00011596.jpg,1
data/sorted/paper/00006967.jpg,3
data/sorted/trash/00024824.jpg,5
data/sorted/plastic/00009521.jpg,4
data/sorted/paper/00014569.jpg,3
data/sorted/cardboard/00018626.jpg,0
data/sorted/plastic/00024384.jpg,4
data/sorted/plastic/00002363.jpg,4
data/sorted/glass/00005575.jpg,1
data/sorted/plastic/00009177.jpg,4
data/sorted/cardboard/00017910.jpg,0
data/sorted/plastic/00008314.jpg,4
data/sorted/metal/00006022.jpg,2
data/sorted/glass/00020403.jpg,1
data/sorted/cardboard/00003164.jpg,0
data/sorted/plastic/00023601.jpg,4
data/sorted/plastic/00015816.jpg,4
data/sorted/trash/00009675.jpg,5
data/sorted/plastic/00022917.jpg,4
data/sorted/plastic/00008293.jpg,4
data/sorted/paper/00015124.jpg,3
data/sorted/glass/00012490.jpg,1
data/sorted/plastic/00023304.jpg,4
data/sorted/paper/00022703.jpg,3
data/sorted/cardboard/00000303.jpg,0
data/sorted/glass/00019059.jpg,1
data/sorted/glass/00004899.jpg,1
data/sorted/glass/00020367.jpg,1
data/sorted/trash/00002506.jpg,5
data/sorted/cardboard/00010366.jpg,0
data/sorted/metal/00021442.jpg,2
data/sorted/cardboard/00003011.jpg,0
data/sorted/plastic/00008660.jpg,4
data/sorted/cardboard/00002996.jpg,0
data/sorted/glass/00019903.jpg,1
data/sorted/metal/00013173.jpg,2
data/sorted/paper/00014595.jpg,3
data/sorted/plastic/00008745.jpg,4
data/sorted/paper/00022701.jpg,3
data/sorted/glass/00019409.jpg,1
data/sorted/cardboard/00010891.jpg,0
data/sorted/paper/00001879.jpg,3
data/sorted/glass/00019486.jpg,1
data/sorted/cardboard/00003039.jpg,0
data/sorted/cardboard/00003389.jpg,0
data/sorted/trash/00017413.jpg,5
data/sorted/glass/00012155.jpg,1
data/sorted/glass/00005184.jpg,1
data/sorted/glass/00018976.jpg,1
data/sorted/cardboard/00011268.jpg,0
data/sorted/plastic/00022897.jpg,4
data/sorted/plastic/00016473.jpg,4
data/sorted/metal/00013970.jpg,2
data/sorted/glass/00000636.jpg,1
data/sorted/plastic/00015847.jpg,4
data/sorted/glass/00004696.jpg,1
data/sorted/glass/00005672.jpg,1
data/sorted/cardboard/00002767.jpg,0
data/sorted/paper/00014916.jpg,3
data/sorted/metal/00013675.jpg,2
data/sorted/plastic/00023769.jpg,4
data/sorted/paper/00006745.jpg,3
data/sorted/paper/00007257.jpg,3
data/sorted/paper/00001482.jpg,3
data/sorted/glass/00012758.jpg,1
data/sorted/cardboard/00011182.jpg,0
data/sorted/trash/00009823.jpg,5
data/sorted/glass/00012781.jpg,1
data/sorted/metal/00021082.jpg,2
data/sorted/cardboard/00010203.jpg,0
data/sorted/glass/00019454.jpg,1
data/sorted/paper/00021847.jpg,3
data/sorted/metal/00006032.jpg,2
data/sorted/cardboard/00017771.jpg,0
data/sorted/paper/00014184.jpg,3
data/sorted/cardboard/00002589.jpg,0
data/sorted/glass/00004535.jpg,1
data/sorted/metal/00006416.jpg,2
data/sorted/plastic/00008441.jpg,4
data/sorted/plastic/00009093.jpg,4
data/sorted/glass/00012693.jpg,1
data/sorted/cardboard/00003009.jpg,0
data/sorted/paper/00022032.jpg,3
data/sorted/cardboard/00011009.jpg,0
data/sorted/glass/00000882.jpg,1
data/sorted/plastic/00016541.jpg,4
data/sorted/trash/00024707.jpg,5
data/sorted/trash/00017270.jpg,5
data/sorted/cardboard/00002580.jpg,0
data/sorted/metal/00013437.jpg,2
data/sorted/metal/00013491.jpg,2
data/sorted/metal/00001227.jpg,2
data/sorted/plastic/00016085.jpg,4
data/sorted/paper/00015033.jpg,3
data/sorted/paper/00021994.jpg,3
data/sorted/cardboard/00002528.jpg,0
data/sorted/cardboard/00010020.jpg,0
data/sorted/cardboard/00000314.jpg,0
data/sorted/paper/00021905.jpg,3
data/sorted/cardboard/00000203.jpg,0
data/sorted/trash/00002411.jpg,5
data/sorted/glass/00005452.jpg,1
data/sorted/glass/00004653.jpg,1
data/sorted/plastic/00022894.jpg,4
data/sorted/cardboard/00002551.jpg,0
data/sorted/cardboard/00010403.jpg,0
data/sorted/trash/00017111.jpg,5
data/sorted/cardboard/00002563.jpg,0
data/sorted/plastic/00023953.jpg,4
data/sorted/plastic/00016070.jpg,4
data/sorted/cardboard/00002577.jpg,0
data/sorted/plastic/00023909.jpg,4
data/sorted/paper/00014914.jpg,3
data/sorted/paper/00006690.jpg,3
data/sorted/paper/00001609.jpg,3
data/sorted/cardboard/00017546.jpg,0
data/sorted/glass/00019041.jpg,1
data/sorted/paper/00022083.jpg,3
data/sorted/cardboard/00010591.jpg,0
data/sorted/cardboard/00017862.jpg,0
data/sorted/glass/00012039.jpg,1
data/sorted/plastic/00023039.jpg,4
data/sorted/paper/00001784.jpg,3
data/sorted/plastic/00009367.jpg,4
data/sorted/trash/00017014.jpg,5
data/sorted/metal/00001281.jpg,2
data/sorted/metal/00000930.jpg,2
data/sorted/cardboard/00017767.jpg,0
data/sorted/cardboard/00010791.jpg,0
data/sorted/glass/00005653.jpg,1
data/sorted/glass/00005449.jpg,1
data/sorted/plastic/00015944.jpg,4
data/sorted/plastic/00023387.jpg,4
data/sorted/glass/00019065.jpg,1
data/sorted/glass/00012467.jpg,1
data/sorted/cardboard/00000261.jpg,0
data/sorted/glass/00012906.jpg,1
data/sorted/trash/00009962.jpg,5
data/sorted/plastic/00016732.jpg,4
data/sorted/paper/00022753.jpg,3
data/sorted/paper/00001651.jpg,3
data/sorted/metal/00013300.jpg,2
data/sorted/plastic/00023136.jpg,4
data/sorted/paper/00022258.jpg,3
data/sorted/plastic/00015748.jpg,4
data/sorted/metal/00013757.jpg,2
data/sorted/plastic/00015717.jpg,4
data/sorted/plastic/00023848.jpg,4
data/sorted/plastic/00016432.jpg,4
data/sorted/plastic/00001991.jpg,4
data/sorted/plastic/00016304.jpg,4
data/sorted/plastic/00016808.jpg,4
data/sorted/cardboard/00011121.jpg,0
data/sorted/cardboard/00010101.jpg,0
data/sorted/cardboard/00018299.jpg,0
data/sorted/plastic/00024292.jpg,4
data/sorted/plastic/00015575.jpg,4
data/sorted/metal/00014057.jpg,2
data/sorted/plastic/00009139.jpg,4
data/sorted/paper/00015317.jpg,3
data/sorted/cardboard/00003823.jpg,0
data/sorted/glass/00004183.jpg,1
data/sorted/metal/00013537.jpg,2
data/sorted/metal/00013310.jpg,2
data/sorted/cardboard/00018082.jpg,0
data/sorted/plastic/00023056.jpg,4
data/sorted/trash/00017250.jpg,5
data/sorted/cardboard/00017548.jpg,0
data/sorted/glass/00012098.jpg,1
data/sorted/plastic/00008543.jpg,4
data/sorted/glass/00012402.jpg,1
data/sorted/glass/00004062.jpg,1
data/sorted/plastic/00008851.jpg,4
data/sorted/metal/00013536.jpg,2
data/sorted/glass/00020454.jpg,1
data/sorted/cardboard/00017675.jpg,0
data/sorted/cardboard/00018623.jpg,0
data/sorted/glass/00011839.jpg,1
data/sorted/plastic/00008140.jpg,4
data/sorted/plastic/00016308.jpg,4
data/sorted/glass/00019473.jpg,1
data/sorted/metal/00021127.jpg,2
data/sorted/trash/00024716.jpg,5
data/sorted/glass/00004825.jpg,1
data/sorted/cardboard/00011394.jpg,0
data/sorted/plastic/00009073.jpg,4
data/sorted/plastic/00016689.jpg,4
data/sorted/plastic/00008457.jpg,4
data/sorted/plastic/00009262.jpg,4
data/sorted/glass/00019376.jpg,1
data/sorted/plastic/00009019.jpg,4
data/sorted/paper/00022742.jpg,3
data/sorted/metal/00013667.jpg,2
data/sorted/trash/00002452.jpg,5
data/sorted/cardboard/00003031.jpg,0
data/sorted/cardboard/00003262.jpg,0
data/sorted/plastic/00009051.jpg,4
data/sorted/plastic/00016256.jpg,4
data/sorted/cardboard/00011309.jpg,0
data/sorted/glass/00012037.jpg,1
data/sorted/glass/00020282.jpg,1
data/sorted/paper/00014289.jpg,3
data/sorted/trash/00017338.jpg,5
data/sorted/glass/00004884.jpg,1
data/sorted/trash/00009780.jpg,5
data/sorted/metal/00006245.jpg,2
data/sorted/metal/00020759.jpg,2
data/sorted/paper/00007369.jpg,3
data/sorted/metal/00013609.jpg,2
data/sorted/paper/00007480.jpg,3
data/sorted/paper/00001516.jpg,3
data/sorted/glass/00020493.jpg,1
data/sorted/metal/00021496.jpg,2
data/sorted/glass/00005351.jpg,1
data/sorted/paper/00007610.jpg,3
data/sorted/paper/00007471.jpg,3
data/sorted/paper/00015315.jpg,3
data/sorted/glass/00005585.jpg,1
data/sorted/plastic/00023324.jpg,4
data/sorted/plastic/00016448.jpg,4
data/sorted/metal/00006334.jpg,2
data/sorted/glass/00018894.jpg,1
data/sorted/cardboard/00000158.jpg,0
data/sorted/paper/00007892.jpg,3
data/sorted/plastic/00001962.jpg,4
data/sorted/paper/00022597.jpg,3
data/sorted/glass/00018906.jpg,1
data/sorted/paper/00014108.jpg,3
data/sorted/glass/00020479.jpg,1
data/sorted/glass/00019930.jpg,1
data/sorted/plastic/00023817.jpg,4
data/sorted/paper/00014903.jpg,3
data/sorted/glass/00004496.jpg,1
data/sorted/metal/00001165.jpg,2
data/sorted/metal/00001014.jpg,2
data/sorted/cardboard/00002586.jpg,0
data/sorted/cardboard/00010543.jpg,0
data/sorted/plastic/00024069.jpg,4
data/sorted/plastic/00008017.jpg,4
data/sorted/plastic/00008432.jpg,4
data/sorted/cardboard/00017722.jpg,0
data/sorted/metal/00005754.jpg,2
data/sorted/glass/00019105.jpg,1
data/sorted/metal/00006555.jpg,2
data/sorted/glass/00020492.jpg,1
data/sorted/cardboard/00018103.jpg,0
data/sorted/paper/00021626.jpg,3
data/sorted/paper/00007735.jpg,3
data/sorted/plastic/00016908.jpg,4
data/sorted/paper/00015323.jpg,3
data/sorted/plastic/00023742.jpg,4
data/sorted/cardboard/00017500.jpg,0
data/sorted/cardboard/00017534.jpg,0
data/sorted/glass/00004050.jpg,1
data/sorted/plastic/00002222.jpg,4
data/sorted/paper/00014303.jpg,3
data/sorted/glass/00012293.jpg,1
data/sorted/cardboard/00018700.jpg,0
data/sorted/paper/00021842.jpg,3
data/sorted/glass/00000526.jpg,1
data/sorted/paper/00001605.jpg,3
data/sorted/paper/00022525.jpg,3
data/sorted/plastic/00007989.jpg,4
data/sorted/paper/00014920.jpg,3
data/sorted/glass/00019536.jpg,1
data/sorted/trash/00017050.jpg,5
data/sorted/metal/00006430.jpg,2
data/sorted/metal/00013880.jpg,2
data/sorted/glass/00004029.jpg,1
data/sorted/paper/00021998.jpg,3
data/sorted/glass/00004282.jpg,1
data/sorted/glass/00012797.jpg,1
data/sorted/glass/00013100.jpg,1
data/sorted/metal/00014028.jpg,2
data/sorted/cardboard/00010260.jpg,0
data/sorted/trash/00009679.jpg,5
data/sorted/metal/00013420.jpg,2
data/sorted/cardboard/00002635.jpg,0
data/sorted/cardboard/00010819.jpg,0
data/sorted/metal/00006252.jpg,2
data/sorted/paper/00007599.jpg,3
data/sorted/glass/00004924.jpg,1
data/sorted/paper/00007234.jpg,3
data/sorted/plastic/00016644.jpg,4
data/sorted/glass/00012042.jpg,1
data/sorted/cardboard/00003108.jpg,0
data/sorted/paper/00014694.jpg,3
data/sorted/glass/00020575.jpg,1
data/sorted/paper/00014850.jpg,3
data/sorted/paper/00014665.jpg,3
data/sorted/paper/00022826.jpg,3
data/sorted/cardboard/00010831.jpg,0
data/sorted/plastic/00008752.jpg,4
data/sorted/glass/00012804.jpg,1
data/sorted/paper/00007784.jpg,3
data/sorted/plastic/00023310.jpg,4
data/sorted/paper/00001685.jpg,3
data/sorted/plastic/00023322.jpg,4
data/sorted/plastic/00015750.jpg,4
data/sorted/glass/00004155.jpg,1
data/sorted/paper/00022592.jpg,3
data/sorted/plastic/00015923.jpg,4
data/sorted/glass/00005418.jpg,1
data/sorted/paper/00015152.jpg,3
data/sorted/paper/00022267.jpg,3
data/sorted/glass/00012807.jpg,1
data/sorted/cardboard/00010253.jpg,0
data/sorted/cardboard/00010223.jpg,0
data/sorted/cardboard/00017829.jpg,0
data/sorted/cardboard/00017960.jpg,0
data/sorted/paper/00007787.jpg,3
data/sorted/paper/00006695.jpg,3
data/sorted/glass/00012530.jpg,1
data/sorted/plastic/00024085.jpg,4
data/sorted/cardboard/00003063.jpg,0
data/sorted/metal/00006455.jpg,2
data/sorted/cardboard/00010757.jpg,0
data/sorted/glass/00020434.jpg,1
data/sorted/plastic/00008405.jpg,4
data/sorted/cardboard/00018432.jpg,0
data/sorted/cardboard/00003061.jpg,0
data/sorted/paper/00001504.jpg,3
data/sorted/paper/00007411.jpg,3
data/sorted/paper/00014942.jpg,3
data/sorted/glass/00012461.jpg,1
data/sorted/plastic/00023688.jpg,4
data/sorted/glass/00012336.jpg,1
data/sorted/cardboard/00018249.jpg,0
data/sorted/metal/00021139.jpg,2
data/sorted/metal/00020720.jpg,2
data/sorted/glass/00000472.jpg,1
data/sorted/plastic/00008722.jpg,4
data/sorted/plastic/00009071.jpg,4
data/sorted/paper/00015123.jpg,3
data/sorted/glass/00020229.jpg,1
data/sorted/cardboard/00010048.jpg,0
data/sorted/paper/00014444.jpg,3
data/sorted/glass/00005475.jpg,1
data/sorted/trash/00024548.jpg,5
data/sorted/trash/00017215.jpg,5
data/sorted/cardboard/00010310.jpg,0
data/sorted/cardboard/00000007.jpg,0
data/sorted/metal/00001286.jpg,2
data/sorted/cardboard/00002759.jpg,0
data/sorted/paper/00006837.jpg,3
data/sorted/glass/00020259.jpg,1
data/sorted/paper/00006974.jpg,3
data/sorted/cardboard/00000041.jpg,0
data/sorted/paper/00021735.jpg,3
data/sorted/paper/00006877.jpg,3
data/sorted/cardboard/00010896.jpg,0
data/sorted/cardboard/00002780.jpg,0
data/sorted/metal/00013720.jpg,2
data/sorted/metal/00006026.jpg,2
data/sorted/cardboard/00002796.jpg,0
data/sorted/glass/00011577.jpg,1
data/sorted/paper/00007401.jpg,3
data/sorted/plastic/00016416.jpg,4
data/sorted/cardboard/00011077.jpg,0
data/sorted/glass/00003968.jpg,1
data/sorted/metal/00006525.jpg,2
data/sorted/glass/00019580.jpg,1
data/sorted/glass/00020354.jpg,1
data/sorted/trash/00017292.jpg,5
data/sorted/paper/00007529.jpg,3
data/sorted/glass/00005527.jpg,1
data/sorted/trash/00009845.jpg,5
data/sorted/glass/00000485.jpg,1
data/sorted/plastic/00016987.jpg,4
data/sorted/plastic/00009492.jpg,4
data/sorted/paper/00007454.jpg,3
data/sorted/glass/00019548.jpg,1
data/sorted/metal/00013462.jpg,2
data/sorted/glass/00011890.jpg,1
data/sorted/cardboard/00010130.jpg,0
data/sorted/glass/00020352.jpg,1
data/sorted/glass/00012436.jpg,1
data/sorted/paper/00022169.jpg,3
data/sorted/cardboard/00002900.jpg,0
data/sorted/glass/00000852.jpg,1
data/sorted/trash/00017097.jpg,5
data/sorted/metal/00006090.jpg,2
data/sorted/cardboard/00011374.jpg,0
data/sorted/cardboard/00018181.jpg,0
data/sorted/plastic/00024230.jpg,4
data/sorted/metal/00020682.jpg,2
data/sorted/metal/00020701.jpg,2
data/sorted/metal/00013594.jpg,2
data/sorted/plastic/00008989.jpg,4
data/sorted/plastic/00024104.jpg,4
data/sorted/plastic/00008765.jpg,4
data/sorted/cardboard/00017523.jpg,0
data/sorted/metal/00006028.jpg,2
data/sorted/glass/00011483.jpg,1
data/sorted/paper/00014834.jpg,3
data/sorted/plastic/00002025.jpg,4
data/sorted/plastic/00009381.jpg,4
data/sorted/plastic/00008961.jpg,4
data/sorted/plastic/00008134.jpg,4
data/sorted/plastic/00024215.jpg,4
data/sorted/metal/00001038.jpg,2
data/sorted/glass/00020284.jpg,1
data/sorted/metal/00013184.jpg,2
data/sorted/glass/00004280.jpg,1
data/sorted/glass/00012244.jpg,1
data/sorted/metal/00006312.jpg,2
data/sorted/metal/00006131.jpg,2
data/sorted/metal/00001049.jpg,2
data/sorted/glass/00005139.jpg,1
data/sorted/glass/00000585.jpg,1
data/sorted/paper/00022408.jpg,3
data/sorted/cardboard/00010723.jpg,0
data/sorted/paper/00015313.jpg,3
data/sorted/cardboard/00010342.jpg,0
data/sorted/plastic/00008758.jpg,4
data/sorted/glass/00012323.jpg,1
data/sorted/glass/00020512.jpg,1
data/sorted/glass/00011583.jpg,1
data/sorted/glass/00011812.jpg,1
data/sorted/cardboard/00011191.jpg,0
data/sorted/cardboard/00018615.jpg,0
data/sorted/glass/00012731.jpg,1
data/sorted/paper/00006812.jpg,3
data/sorted/metal/00006349.jpg,2
data/sorted/paper/00007645.jpg,3
data/sorted/paper/00006923.jpg,3
data/sorted/glass/00004799.jpg,1
data/sorted/trash/00024695.jpg,5
data/sorted/metal/00021392.jpg,2
data/sorted/paper/00022506.jpg,3
data/sorted/glass/00020408.jpg,1
data/sorted/plastic/00024236.jpg,4
data/sorted/paper/00015388.jpg,3
data/sorted/cardboard/00018556.jpg,0
data/sorted/glass/00004019.jpg,1
data/sorted/glass/00011707.jpg,1
data/sorted/trash/00017060.jpg,5
data/sorted/glass/00012666.jpg,1
data/sorted/paper/00007909.jpg,3
data/sorted/paper/00014526.jpg,3
data/sorted/paper/00001587.jpg,3
data/sorted/plastic/00023231.jpg,4
data/sorted/paper/00001744.jpg,3
data/sorted/glass/00020187.jpg,1
data/sorted/plastic/00016161.jpg,4
data/sorted/paper/00007140.jpg,3
data/sorted/metal/00000950.jpg,2
data/sorted/paper/00006991.jpg,3
data/sorted/trash/00009847.jpg,5
data/sorted/trash/00009754.jpg,5
data/sorted/cardboard/00010554.jpg,0
data/sorted/paper/00007716.jpg,3
data/sorted/cardboard/00003064.jpg,0
data/sorted/glass/00019683.jpg,1
data/sorted/paper/00001412.jpg,3
data/sorted/plastic/00023636.jpg,4
data/sorted/glass/00012224.jpg,1
data/sorted/metal/00006316.jpg,2
data/sorted/metal/00001048.jpg,2
data/sorted/glass/00019901.jpg,1
data/sorted/glass/00020077.jpg,1
data/sorted/glass/00004691.jpg,1
data/sorted/cardboard/00010256.jpg,0
data/sorted/cardboard/00003110.jpg,0
data/sorted/metal/00005962.jpg,2
data/sorted/glass/00019681.jpg,1
data/sorted/glass/00011561.jpg,1
data/sorted/paper/00007733.jpg,3
data/sorted/metal/00021048.jpg,2
data/sorted/plastic/00016378.jpg,4
data/sorted/plastic/00015666.jpg,4
data/sorted/cardboard/00002728.jpg,0
data/sorted/paper/00006802.jpg,3
data/sorted/glass/00004987.jpg,1
data/sorted/plastic/00024314.jpg,4
data/sorted/cardboard/00017713.jpg,0
data/sorted/glass/00005388.jpg,1
data/sorted/cardboard/00010160.jpg,0
data/sorted/metal/00013924.jpg,2
data/sorted/glass/00004613.jpg,1
data/sorted/metal/00013961.jpg,2
data/sorted/cardboard/00010835.jpg,0
data/sorted/cardboard/00000327.jpg,0
data/sorted/trash/00009978.jpg,5
data/sorted/paper/00006892.jpg,3
data/sorted/metal/00001090.jpg,2
data/sorted/cardboard/00018457.jpg,0
data/sorted/glass/00018874.jpg,1
data/sorted/metal/00021268.jpg,2
data/sorted/plastic/00009476.jpg,4
data/sorted/metal/00006439.jpg,2
data/sorted/trash/00024480.jpg,5
data/sorted/paper/00014199.jpg,3
data/sorted/plastic/00024252.jpg,4
data/sorted/cardboard/00018216.jpg,0
data/sorted/cardboard/00018485.jpg,0
data/sorted/plastic/00015982.jpg,4
data/sorted/paper/00006753.jpg,3
data/sorted/cardboard/00018189.jpg,0
data/sorted/trash/00017370.jpg,5
data/sorted/metal/00005691.jpg,2
data/sorted/cardboard/00003321.jpg,0
data/sorted/plastic/00015956.jpg,4
data/sorted/plastic/00008830.jpg,4
data/sorted/metal/00021066.jpg,2
data/sorted/metal/00020995.jpg,2
data/sorted/metal/00013611.jpg,2
data/sorted/trash/00017017.jpg,5
data/sorted/glass/00020137.jpg,1
data/sorted/plastic/00015671.jpg,4
data/sorted/paper/00015180.jpg,3
data/sorted/glass/00004615.jpg,1
data/sorted/plastic/00015587.jpg,4
data/sorted/metal/00005776.jpg,2
data/sorted/plastic/00008598.jpg,4
data/sorted/glass/00004985.jpg,1
data/sorted/paper/00014372.jpg,3
data/sorted/trash/00024869.jpg,5
data/sorted/plastic/00008087.jpg,4
data/sorted/cardboard/00000118.jpg,0
data/sorted/cardboard/00003821.jpg,0
data/sorted/metal/00020991.jpg,2
data/sorted/glass/00004969.jpg,1
data/sorted/cardboard/00017934.jpg,0
data/sorted/glass/00005096.jpg,1
data/sorted/cardboard/00010344.jpg,0
data/sorted/metal/00020787.jpg,2
data/sorted/cardboard/00002912.jpg,0
data/sorted/glass/00012838.jpg,1
data/sorted/plastic/00008979.jpg,4
data/sorted/plastic/00008481.jpg,4
data/sorted/trash/00009717.jpg,5
data/sorted/plastic/00016937.jpg,4
data/sorted/paper/00001819.jpg,3
data/sorted/paper/00022737.jpg,3
data/sorted/glass/00011982.jpg,1
data/sorted/plastic/00016606.jpg,4
data/sorted/plastic/00009270.jpg,4
data/sorted/cardboard/00002594.jpg,0
data/sorted/cardboard/00003781.jpg,0
data/sorted/paper/00007096.jpg,3
data/sorted/cardboard/00017877.jpg,0
data/sorted/glass/00004722.jpg,1
data/sorted/paper/00007432.jpg,3
data/sorted/paper/00006761.jpg,3
data/sorted/paper/00022094.jpg,3
data/sorted/glass/00004577.jpg,1
data/sorted/plastic/00024209.jpg,4
data/sorted/glass/00000706.jpg,1
data/sorted/cardboard/00000070.jpg,0
data/sorted/plastic/00024347.jpg,4
data/sorted/glass/00004623.jpg,1
data/sorted/glass/00020040.jpg,1
data/sorted/paper/00021677.jpg,3
data/sorted/paper/00021879.jpg,3
data/sorted/glass/00011885.jpg,1
data/sorted/glass/00004579.jpg,1
data/sorted/paper/00021737.jpg,3
data/sorted/glass/00000777.jpg,1
data/sorted/paper/00022833.jpg,3
data/sorted/paper/00001873.jpg,3
data/sorted/cardboard/00010645.jpg,0
data/sorted/cardboard/00018566.jpg,0
data/sorted/plastic/00015886.jpg,4
data/sorted/plastic/00023052.jpg,4
data/sorted/glass/00005616.jpg,1
data/sorted/glass/00013033.jpg,1
data/sorted/glass/00005400.jpg,1
data/sorted/glass/00012656.jpg,1
data/sorted/cardboard/00018549.jpg,0
data/sorted/plastic/00023782.jpg,4
data/sorted/paper/00014831.jpg,3
data/sorted/glass/00019205.jpg,1
data/sorted/glass/00020009.jpg,1
data/sorted/metal/00006487.jpg,2
data/sorted/plastic/00008458.jpg,4
data/sorted/glass/00012457.jpg,1
data/sorted/metal/00013821.jpg,2
data/sorted/trash/00024567.jpg,5
data/sorted/plastic/00023124.jpg,4
data/sorted/paper/00007352.jpg,3
data/sorted/cardboard/00000357.jpg,0
data/sorted/metal/00020951.jpg,2
data/sorted/glass/00005017.jpg,1
data/sorted/metal/00006522.jpg,2
data/sorted/cardboard/00003572.jpg,0
data/sorted/metal/00006239.jpg,2
data/sorted/cardboard/00000244.jpg,0
data/sorted/paper/00007821.jpg,3
data/sorted/cardboard/00018806.jpg,0
data/sorted/plastic/00023987.jpg,4
data/sorted/plastic/00022972.jpg,4
data/sorted/cardboard/00018177.jpg,0
data/sorted/glass/00020049.jpg,1
data/sorted/cardboard/00018742.jpg,0
data/sorted/plastic/00024394.jpg,4
data/sorted/glass/00012869.jpg,1
data/sorted/paper/00015004.jpg,3
data/sorted/metal/00021006.jpg,2
data/sorted/plastic/00023674.jpg,4
data/sorted/plastic/00008520.jpg,4
data/sorted/glass/00019012.jpg,1
data/sorted/plastic/00002382.jpg,4
data/sorted/plastic/00024440.jpg,4
data/sorted/glass/00012659.jpg,1
data/sorted/paper/00021709.jpg,3
data/sorted/cardboard/00010211.jpg,0
data/sorted/paper/00022278.jpg,3
data/sorted/cardboard/00002788.jpg,0
data/sorted/cardboard/00000066.jpg,0
data/sorted/plastic/00015874.jpg,4
data/sorted/paper/00022156.jpg,3
data/sorted/glass/00005366.jpg,1
data/sorted/paper/00021786.jpg,3
data/sorted/paper/00001816.jpg,3
data/sorted/cardboard/00018515.jpg,0
data/sorted/trash/00017051.jpg,5
data/sorted/cardboard/00011173.jpg,0
data/sorted/cardboard/00010486.jpg,0
data/sorted/glass/00020383.jpg,1
data/sorted/paper/00021541.jpg,3
data/sorted/cardboard/00002993.jpg,0
data/sorted/glass/00011539.jpg,1
data/sorted/plastic/00024366.jpg,4
data/sorted/glass/00000434.jpg,1
data/sorted/metal/00006201.jpg,2
data/sorted/cardboard/00003431.jpg,0
data/sorted/trash/00024587.jpg,5
data/sorted/glass/00012354.jpg,1
data/sorted/paper/00006819.jpg,3
data/sorted/paper/00014890.jpg,3
data/sorted/glass/00005070.jpg,1
data/sorted/glass/00011833.jpg,1
data/sorted/glass/00012197.jpg,1
data/sorted/cardboard/00018618.jpg,0
data/sorted/cardboard/00017494.jpg,0
data/sorted/plastic/00022874.jpg,4
data/sorted/glass/00005409.jpg,1
data/sorted/paper/00021825.jpg,3
data/sorted/cardboard/00010651.jpg,0
data/sorted/cardboard/00010129.jpg,0
data/sorted/paper/00022080.jpg,3
data/sorted/cardboard/00002800.jpg,0
data/sorted/paper/00022552.jpg,3
data/sorted/glass/00011644.jpg,1
data/sorted/plastic/00023410.jpg,4
data/sorted/glass/00000798.jpg,1
data/sorted/paper/00001620.jpg,3
data/sorted/cardboard/00003634.jpg,0
data/sorted/paper/00007194.jpg,3
data/sorted/metal/00014044.jpg,2
data/sorted/paper/00022038.jpg,3
data/sorted/paper/00007535.jpg,3
data/sorted/glass/00019596.jpg,1
data/sorted/glass/00019043.jpg,1
data/sorted/paper/00014071.jpg,3
data/sorted/paper/00021867.jpg,3
data/sorted/glass/00019607.jpg,1
data/sorted/glass/00019789.jpg,1
data/sorted/plastic/00023412.jpg,4
data/sorted/plastic/00009107.jpg,4
data/sorted/plastic/00002142.jpg,4
data/sorted/plastic/00016294.jpg,4
data/sorted/paper/00001903.jpg,3
data/sorted/glass/00020513.jpg,1
data/sorted/cardboard/00010674.jpg,0
data/sorted/glass/00019121.jpg,1
data/sorted/glass/00020401.jpg,1
data/sorted/glass/00011745.jpg,1
data/sorted/cardboard/00002969.jpg,0
data/sorted/trash/00009768.jpg,5
data/sorted/trash/00024669.jpg,5
data/sorted/trash/00017443.jpg,5
data/sorted/plastic/00024115.jpg,4
data/sorted/glass/00020583.jpg,1
data/sorted/glass/00004143.jpg,1
data/sorted/trash/00024793.jpg,5
data/sorted/plastic/00009515.jpg,4
data/sorted/cardboard/00010233.jpg,0
data/sorted/plastic/00015856.jpg,4
data/sorted/cardboard/00003922.jpg,0
data/sorted/glass/00012034.jpg,1
data/sorted/glass/00005605.jpg,1
data/sorted/glass/00012897.jpg,1
data/sorted/glass/00011410.jpg,1
data/sorted/plastic/00016264.jpg,4
data/sorted/glass/00019754.jpg,1
data/sorted/cardboard/00018456.jpg,0
data/sorted/metal/00014051.jpg,2
data/sorted/trash/00017428.jpg,5
data/sorted/cardboard/00002680.jpg,0
data/sorted/glass/00019097.jpg,1
data/sorted/plastic/00009118.jpg,4
data/sorted/glass/00004476.jpg,1
data/sorted/glass/00012819.jpg,1
data/sorted/trash/00024711.jpg,5
data/sorted/glass/00019082.jpg,1
data/sorted/cardboard/00017857.jpg,0
data/sorted/paper/00006638.jpg,3
data/sorted/glass/00004501.jpg,1
data/sorted/paper/00014706.jpg,3
data/sorted/metal/00013676.jpg,2
data/sorted/cardboard/00011279.jpg,0
data/sorted/metal/00021164.jpg,2
data/sorted/cardboard/00017900.jpg,0
data/sorted/glass/00012265.jpg,1
data/sorted/cardboard/00017723.jpg,0
data/sorted/paper/00014712.jpg,3
data/sorted/metal/00020850.jpg,2
data/sorted/paper/00007769.jpg,3
data/sorted/cardboard/00010634.jpg,0
data/sorted/plastic/00023876.jpg,4
data/sorted/glass/00012227.jpg,1
data/sorted/cardboard/00018364.jpg,0
data/sorted/glass/00000794.jpg,1
data/sorted/metal/00021189.jpg,2
data/sorted/plastic/00016461.jpg,4
data/sorted/metal/00013339.jpg,2
data/sorted/metal/00013567.jpg,2
data/sorted/paper/00007165.jpg,3
data/sorted/cardboard/00003058.jpg,0
data/sorted/metal/00013663.jpg,2
data/sorted/plastic/00023874.jpg,4
data/sorted/glass/00004996.jpg,1
data/sorted/glass/00019075.jpg,1
data/sorted/plastic/00001959.jpg,4
data/sorted/cardboard/00010412.jpg,0
data/sorted/plastic/00023327.jpg,4
data/sorted/plastic/00023940.jpg,4
data/sorted/plastic/00023660.jpg,4
data/sorted/trash/00002456.jpg,5
data/sorted/glass/00004235.jpg,1
data/sorted/plastic/00008064.jpg,4
data/sorted/glass/00012347.jpg,1
data/sorted/glass/00004558.jpg,1
data/sorted/glass/00020032.jpg,1
data/sorted/plastic/00016576.jpg,4
data/sorted/metal/00013488.jpg,2
data/sorted/cardboard/00018377.jpg,0
data/sorted/cardboard/00000402.jpg,0
data/sorted/paper/00014954.jpg,3
data/sorted/glass/00012453.jpg,1
data/sorted/glass/00004777.jpg,1
data/sorted/glass/00011425.jpg,1
data/sorted/metal/00013668.jpg,2
data/sorted/metal/00020727.jpg,2
data/sorted/trash/00009924.jpg,5
data/sorted/cardboard/00018678.jpg,0
data/sorted/plastic/00009414.jpg,4
data/sorted/paper/00001396.jpg,3
data/sorted/cardboard/00010006.jpg,0
data/sorted/paper/00007848.jpg,3
data/sorted/plastic/00024240.jpg,4
data/sorted/paper/00021600.jpg,3
data/sorted/paper/00015191.jpg,3
data/sorted/cardboard/00010362.jpg,0
data/sorted/glass/00000495.jpg,1
data/sorted/plastic/00016945.jpg,4
data/sorted/plastic/00008417.jpg,4
data/sorted/glass/00011652.jpg,1
data/sorted/paper/00022124.jpg,3
data/sorted/metal/00020984.jpg,2
data/sorted/plastic/00009275.jpg,4
data/sorted/metal/00001161.jpg,2
data/sorted/cardboard/00010276.jpg,0
data/sorted/cardboard/00003888.jpg,0
data/sorted/trash/00009558.jpg,5
data/sorted/cardboard/00000225.jpg,0
data/sorted/plastic/00008541.jpg,4
data/sorted/plastic/00008401.jpg,4
data/sorted/metal/00013794.jpg,2
data/sorted/plastic/00009514.jpg,4
data/sorted/cardboard/00003847.jpg,0
data/sorted/plastic/00024171.jpg,4
data/sorted/cardboard/00010979.jpg,0
data/sorted/plastic/00024188.jpg,4
data/sorted/cardboard/00010263.jpg,0
data/sorted/glass/00012519.jpg,1
data/sorted/metal/00021003.jpg,2
data/sorted/glass/00019392.jpg,1
data/sorted/plastic/00008649.jpg,4
data/sorted/trash/00017233.jpg,5
data/sorted/metal/00013777.jpg,2
data/sorted/metal/00013189.jpg,2
data/sorted/paper/00015339.jpg,3
data/sorted/metal/00013565.jpg,2
data/sorted/cardboard/00000148.jpg,0
data/sorted/plastic/00015864.jpg,4
data/sorted/paper/00006834.jpg,3
data/sorted/plastic/00023351.jpg,4
data/sorted/plastic/00024008.jpg,4
data/sorted/glass/00000482.jpg,1
data/sorted/plastic/00024288.jpg,4
data/sorted/plastic/00015406.jpg,4
data/sorted/metal/00021383.jpg,2
data/sorted/paper/00007500.jpg,3
data/sorted/plastic/00008391.jpg,4
data/sorted/cardboard/00018393.jpg,0
data/sorted/plastic/00008983.jpg,4
data/sorted/trash/00009944.jpg,5
data/sorted/cardboard/00003005.jpg,0
data/sorted/metal/00006369.jpg,2
data/sorted/glass/00012203.jpg,1
data/sorted/plastic/00016425.jpg,4
data/sorted/cardboard/00003294.jpg,0
data/sorted/paper/00015356.jpg,3
data/sorted/metal/00020910.jpg,2
data/sorted/metal/00006058.jpg,2
data/sorted/cardboard/00003186.jpg,0
data/sorted/metal/00013465.jpg,2
data/sorted/glass/00013021.jpg,1
data/sorted/plastic/00023222.jpg,4
data/sorted/cardboard/00002822.jpg,0
data/sorted/paper/00006683.jpg,3
data/sorted/cardboard/00017867.jpg,0
data/sorted/plastic/00007947.jpg,4
data/sorted/glass/00005164.jpg,1
data/sorted/plastic/00024355.jpg,4
data/sorted/plastic/00008846.jpg,4
data/sorted/metal/00021096.jpg,2
data/sorted/cardboard/00000085.jpg,0
data/sorted/metal/00021375.jpg,2
data/sorted/glass/00019928.jpg,1
data/sorted/glass/00019859.jpg,1
data/sorted/plastic/00015820.jpg,4
data/sorted/glass/00005345.jpg,1
data/sorted/plastic/00015552.jpg,4
data/sorted/glass/00000474.jpg,1
data/sorted/metal/00020842.jpg,2
data/sorted/cardboard/00011046.jpg,0
data/sorted/trash/00024633.jpg,5
data/sorted/cardboard/00018703.jpg,0
data/sorted/trash/00017343.jpg,5
data/sorted/glass/00011636.jpg,1
data/sorted/cardboard/00018520.jpg,0
data/sorted/glass/00019226.jpg,1
data/sorted/metal/00021064.jpg,2
data/sorted/cardboard/00018683.jpg,0
data/sorted/paper/00015273.jpg,3
data/sorted/metal/00021321.jpg,2
data/sorted/cardboard/00010522.jpg,0
data/sorted/trash/00017281.jpg,5
data/sorted/glass/00011714.jpg,1
data/sorted/cardboard/00017963.jpg,0
data/sorted/plastic/00016818.jpg,4
data/sorted/cardboard/00017524.jpg,0
data/sorted/paper/00021805.jpg,3
data/sorted/glass/00020474.jpg,1
data/sorted/cardboard/00011255.jpg,0
data/sorted/metal/00006275.jpg,2
data/sorted/plastic/00023221.jpg,4
data/sorted/glass/00005148.jpg,1
data/sorted/metal/00013410.jpg,2
data/sorted/glass/00012752.jpg,1
data/sorted/metal/00006424.jpg,2
data/sorted/plastic/00016132.jpg,4
data/sorted/glass/00005519.jpg,1
data/sorted/cardboard/00000275.jpg,0
data/sorted/glass/00005063.jpg,1
data/sorted/paper/00006826.jpg,3
data/sorted/plastic/00015478.jpg,4
data/sorted/plastic/00023150.jpg,4
data/sorted/metal/00013685.jpg,2
data/sorted/paper/00001567.jpg,3
data/sorted/plastic/00002108.jpg,4
data/sorted/cardboard/00000108.jpg,0
data/sorted/metal/00006533.jpg,2
data/sorted/metal/00001029.jpg,2
data/sorted/metal/00006358.jpg,2
data/sorted/plastic/00002334.jpg,4
data/sorted/trash/00009871.jpg,5
data/sorted/plastic/00016830.jpg,4
data/sorted/metal/00013191.jpg,2
data/sorted/metal/00013222.jpg,2
data/sorted/paper/00022689.jpg,3
data/sorted/glass/00011459.jpg,1
data/sorted/paper/00001653.jpg,3
data/sorted/plastic/00009428.jpg,4
data/sorted/plastic/00016950.jpg,4
data/sorted/glass/00005547.jpg,1
data/sorted/plastic/00023102.jpg,4
data/sorted/paper/00001489.jpg,3
data/sorted/glass/00012927.jpg,1
data/sorted/metal/00013733.jpg,2
data/sorted/plastic/00008406.jpg,4
data/sorted/metal/00006213.jpg,2
data/sorted/paper/00022721.jpg,3
data/sorted/glass/00004874.jpg,1
data/sorted/glass/00020193.jpg,1
data/sorted/cardboard/00010580.jpg,0
data/sorted/glass/00005116.jpg,1
data/sorted/glass/00013007.jpg,1
data/sorted/paper/00015311.jpg,3
data/sorted/trash/00017205.jpg,5
data/sorted/cardboard/00010778.jpg,0
data/sorted/plastic/00008957.jpg,4
data/sorted/plastic/00016892.jpg,4
data/sorted/paper/00014193.jpg,3
data/sorted/glass/00004082.jpg,1
data/sorted/plastic/00009163.jpg,4
data/sorted/paper/00001583.jpg,3
data/sorted/glass/00020400.jpg,1
data/sorted/plastic/00009012.jpg,4
data/sorted/plastic/00023577.jpg,4
data/sorted/paper/00007816.jpg,3
data/sorted/cardboard/00011254.jpg,0
data/sorted/paper/00021840.jpg,3
data/sorted/cardboard/00011122.jpg,0
data/sorted/cardboard/00010013.jpg,0
data/sorted/paper/00022453.jpg,3
data/sorted/cardboard/00018702.jpg,0
data/sorted/glass/00005025.jpg,1
data/sorted/plastic/00016202.jpg,4
data/sorted/plastic/00015566.jpg,4
data/sorted/glass/00012105.jpg,1
data/sorted/plastic/00009003.jpg,4
data/sorted/trash/00009772.jpg,5
data/sorted/paper/00001843.jpg,3
data/sorted/trash/00024809.jpg,5
data/sorted/paper/00021636.jpg,3
data/sorted/glass/00012543.jpg,1
data/sorted/plastic/00008802.jpg,4
data/sorted/glass/00004977.jpg,1
data/sorted/metal/00020791.jpg,2
data/sorted/glass/00020511.jpg,1
data/sorted/trash/00009639.jpg,5
data/sorted/glass/00011540.jpg,1
data/sorted/glass/00004719.jpg,1
data/sorted/glass/00011578.jpg,1
data/sorted/glass/00000684.jpg,1
data/sorted/plastic/00016615.jpg,4
data/sorted/cardboard/00010705.jpg,0
data/sorted/plastic/00002088.jpg,4
data/sorted/cardboard/00002730.jpg,0
data/sorted/plastic/00024123.jpg,4
data/sorted/paper/00014465.jpg,3
data/sorted/metal/00006004.jpg,2
data/sorted/cardboard/00003263.jpg,0
data/sorted/metal/00000941.jpg,2
data/sorted/metal/00013265.jpg,2
data/sorted/paper/00021687.jpg,3
data/sorted/plastic/00002348.jpg,4
data/sorted/paper/00015139.jpg,3
data/sorted/plastic/00008698.jpg,4
data/sorted/cardboard/00018632.jpg,0
data/sorted/cardboard/00010237.jpg,0
data/sorted/metal/00013274.jpg,2
data/sorted/plastic/00022892.jpg,4
data/sorted/paper/00022031.jpg,3
data/sorted/glass/00018921.jpg,1
data/sorted/cardboard/00017811.jpg,0
data/sorted/cardboard/00010078.jpg,0
data/sorted/plastic/00008495.jpg,4
data/sorted/glass/00019118.jpg,1
data/sorted/trash/00009796.jpg,5
data/sorted/paper/00007370.jpg,3
data/sorted/cardboard/00003148.jpg,0
data/sorted/cardboard/00011196.jpg,0
data/sorted/cardboard/00002533.jpg,0
data/sorted/cardboard/00018140.jpg,0
data/sorted/cardboard/00010915.jpg,0
data/sorted/glass/00005341.jpg,1
data/sorted/glass/00004442.jpg,1
data/sorted/paper/00022199.jpg,3
data/sorted/paper/00021584.jpg,3
data/sorted/cardboard/00003353.jpg,0
data/sorted/metal/00006547.jpg,2
data/sorted/metal/00006010.jpg,2
data/sorted/trash/00017264.jpg,5
data/sorted/metal/00020737.jpg,2
data/sorted/paper/00007527.jpg,3
data/sorted/glass/00020280.jpg,1
data/sorted/glass/00019270.jpg,1
data/sorted/glass/00020320.jpg,1
data/sorted/paper/00014226.jpg,3
data/sorted/plastic/00016890.jpg,4
data/sorted/plastic/00024120.jpg,4
data/sorted/glass/00000870.jpg,1
data/sorted/glass/00012305.jpg,1
data/sorted/paper/00007085.jpg,3
data/sorted/metal/00006144.jpg,2
data/sorted/metal/00021373.jpg,2
data/sorted/plastic/00008270.jpg,4
data/sorted/glass/00005368.jpg,1
data/sorted/trash/00017198.jpg,5
data/sorted/paper/00007247.jpg,3
data/sorted/plastic/00016359.jpg,4
data/sorted/cardboard/00003663.jpg,0
data/sorted/plastic/00008252.jpg,4
data/sorted/metal/00001226.jpg,2
data/sorted/plastic/00002069.jpg,4
data/sorted/plastic/00015593.jpg,4
data/sorted/glass/00012848.jpg,1
data/sorted/metal/00006203.jpg,2
data/sorted/glass/00004550.jpg,1
data/sorted/glass/00012733.jpg,1
data/sorted/paper/00014865.jpg,3
data/sorted/glass/00019899.jpg,1
data/sorted/paper/00014747.jpg,3
data/sorted/paper/00022607.jpg,3
data/sorted/cardboard/00017556.jpg,0
data/sorted/glass/00019275.jpg,1
data/sorted/plastic/00008152.jpg,4
data/sorted/paper/00006686.jpg,3
data/sorted/cardboard/00003167.jpg,0
data/sorted/metal/00020875.jpg,2
data/sorted/glass/00004373.jpg,1
data/sorted/plastic/00008545.jpg,4
data/sorted/cardboard/00010178.jpg,0
data/sorted/glass/00019775.jpg,1
data/sorted/glass/00013070.jpg,1
data/sorted/glass/00004258.jpg,1
data/sorted/paper/00007089.jpg,3
data/sorted/plastic/00009216.jpg,4
data/sorted/metal/00001154.jpg,2
data/sorted/glass/00019192.jpg,1
data/sorted/plastic/00023113.jpg,4
data/sorted/glass/00000627.jpg,1
data/sorted/plastic/00023960.jpg,4
data/sorted/metal/00013295.jpg,2
data/sorted/glass/00004990.jpg,1
data/sorted/glass/00005563.jpg,1
data/sorted/glass/00004557.jpg,1
data/sorted/metal/00005678.jpg,2
data/sorted/plastic/00024070.jpg,4
data/sorted/glass/00000564.jpg,1
data/sorted/glass/00012518.jpg,1
data/sorted/metal/00006164.jpg,2
data/sorted/glass/00019094.jpg,1
data/sorted/glass/00000681.jpg,1
data/sorted/cardboard/00011042.jpg,0
data/sorted/metal/00005756.jpg,2
data/sorted/plastic/00016750.jpg,4
data/sorted/plastic/00023839.jpg,4
data/sorted/paper/00022356.jpg,3
data/sorted/trash/00017029.jpg,5
data/sorted/plastic/00002151.jpg,4
data/sorted/cardboard/00003053.jpg,0
data/sorted/paper/00014159.jpg,3
data/sorted/plastic/00016397.jpg,4
data/sorted/paper/00022235.jpg,3
data/sorted/plastic/00024013.jpg,4
data/sorted/metal/00013322.jpg,2
data/sorted/paper/00022466.jpg,3
data/sorted/paper/00022575.jpg,3
data/sorted/glass/00011942.jpg,1
data/sorted/glass/00005264.jpg,1
data/sorted/glass/00019560.jpg,1
data/sorted/plastic/00008814.jpg,4
data/sorted/plastic/00016152.jpg,4
data/sorted/glass/00000663.jpg,1
data/sorted/plastic/00023262.jpg,4
data/sorted/glass/00000652.jpg,1
data/sorted/cardboard/00010033.jpg,0
data/sorted/glass/00005273.jpg,1
data/sorted/trash/00024615.jpg,5
data/sorted/glass/00004856.jpg,1
data/sorted/cardboard/00010348.jpg,0
data/sorted/glass/00011494.jpg,1
data/sorted/plastic/00007979.jpg,4
data/sorted/plastic/00009130.jpg,4
data/sorted/glass/00020527.jpg,1
data/sorted/paper/00006783.jpg,3
data/sorted/cardboard/00017512.jpg,0
data/sorted/paper/00021625.jpg,3
data/sorted/cardboard/00003170.jpg,0
data/sorted/cardboard/00018281.jpg,0
data/sorted/cardboard/00000226.jpg,0
data/sorted/glass/00004847.jpg,1
data/sorted/metal/00001211.jpg,2
data/sorted/glass/00012495.jpg,1
data/sorted/paper/00021934.jpg,3
data/sorted/glass/00012952.jpg,1
data/sorted/glass/00011935.jpg,1
data/sorted/glass/00019641.jpg,1
data/sorted/paper/00022335.jpg,3
data/sorted/trash/00009788.jpg,5
data/sorted/paper/00015188.jpg,3
data/sorted/plastic/00024005.jpg,4
data/sorted/paper/00021782.jpg,3
data/sorted/glass/00018882.jpg,1
data/sorted/metal/00013366.jpg,2
data/sorted/trash/00024499.jpg,5
data/sorted/paper/00022680.jpg,3
data/sorted/paper/00015114.jpg,3
data/sorted/trash/00017342.jpg,5
data/sorted/cardboard/00011356.jpg,0
data/sorted/plastic/00023498.jpg,4
data/sorted/metal/00001087.jpg,2
data/sorted/plastic/00016442.jpg,4
data/sorted/glass/00012149.jpg,1
data/sorted/plastic/00022869.jpg,4
data/sorted/metal/00006559.jpg,2
data/sorted/glass/00012231.jpg,1
data/sorted/metal/00001261.jpg,2
data/sorted/paper/00014963.jpg,3
data/sorted/glass/00004588.jpg,1
data/sorted/plastic/00009010.jpg,4
data/sorted/glass/00011711.jpg,1
data/sorted/trash/00002464.jpg,5
data/sorted/paper/00014605.jpg,3
data/sorted/glass/00012668.jpg,1
data/sorted/plastic/00002067.jpg,4
data/sorted/trash/00024886.jpg,5
data/sorted/metal/00001101.jpg,2
data/sorted/metal/00001143.jpg,2
data/sorted/plastic/00023569.jpg,4
data/sorted/glass/00019106.jpg,1
data/sorted/glass/00020333.jpg,1
data/sorted/plastic/00008289.jpg,4
data/sorted/glass/00020241.jpg,1
data/sorted/glass/00020551.jpg,1
data/sorted/plastic/00022951.jpg,4
data/sorted/cardboard/00003293.jpg,0
data/sorted/paper/00006992.jpg,3
data/sorted/plastic/00023843.jpg,4
data/sorted/cardboard/00017541.jpg,0
data/sorted/paper/00022052.jpg,3
data/sorted/cardboard/00018116.jpg,0
data/sorted/glass/00004209.jpg,1
data/sorted/paper/00022454.jpg,3
data/sorted/metal/00021071.jpg,2
data/sorted/cardboard/00010115.jpg,0
data/sorted/glass/00000419.jpg,1
data/sorted/paper/00014150.jpg,3
data/sorted/glass/00019758.jpg,1
data/sorted/plastic/00009222.jpg,4
data/sorted/cardboard/00018833.jpg,0
data/sorted/glass/00012977.jpg,1
data/sorted/plastic/00015859.jpg,4
data/sorted/paper/00014256.jpg,3
data/sorted/glass/00012789.jpg,1
data/sorted/paper/00007634.jpg,3
data/sorted/cardboard/00003101.jpg,0
data/sorted/cardboard/00003299.jpg,0
data/sorted/metal/00006266.jpg,2
data/sorted/plastic/00023937.jpg,4
data/sorted/paper/00006941.jpg,3
data/sorted/paper/00001662.jpg,3
data/sorted/paper/00015006.jpg,3
data/sorted/paper/00001666.jpg,3
data/sorted/plastic/00015450.jpg,4
data/sorted/plastic/00023748.jpg,4
data/sorted/cardboard/00017993.jpg,0
data/sorted/cardboard/00002724.jpg,0
data/sorted/paper/00014259.jpg,3
data/sorted/metal/00013983.jpg,2
data/sorted/glass/00019295.jpg,1
data/sorted/cardboard/00011369.jpg,0
data/sorted/plastic/00015882.jpg,4
data/sorted/paper/00022241.jpg,3
data/sorted/paper/00015143.jpg,3
data/sorted/glass/00005124.jpg,1
data/sorted/cardboard/00018610.jpg,0
data/sorted/paper/00006904.jpg,3
data/sorted/cardboard/00002875.jpg,0
data/sorted/plastic/00023095.jpg,4
data/sorted/glass/00011868.jpg,1
data/sorted/metal/00005774.jpg,2
data/sorted/glass/00000533.jpg,1
data/sorted/plastic/00002389.jpg,4
data/sorted/metal/00021348.jpg,2
data/sorted/cardboard/00003371.jpg,0
data/sorted/cardboard/00000037.jpg,0
data/sorted/paper/00006668.jpg,3
data/sorted/glass/00000847.jpg,1
data/sorted/plastic/00023112.jpg,4
data/sorted/glass/00011855.jpg,1
data/sorted/glass/00019842.jpg,1
data/sorted/plastic/00009167.jpg,4
data/sorted/cardboard/00018769.jpg,0
data/sorted/metal/00020753.jpg,2
data/sorted/plastic/00009157.jpg,4
data/sorted/glass/00019099.jpg,1
data/sorted/plastic/00016222.jpg,4
data/sorted/cardboard/00017522.jpg,0
data/sorted/glass/00018937.jpg,1
data/sorted/metal/00020907.jpg,2
data/sorted/metal/00021512.jpg,2
data/sorted/glass/00011641.jpg,1
data/sorted/cardboard/00002960.jpg,0
data/sorted/plastic/00008483.jpg,4
data/sorted/paper/00006945.jpg,3
data/sorted/paper/00014487.jpg,3
data/sorted/paper/00007248.jpg,3
data/sorted/plastic/00008428.jpg,4
data/sorted/glass/00012527.jpg,1
data/sorted/paper/00007069.jpg,3
data/sorted/paper/00006739.jpg,3
data/sorted/metal/00013760.jpg,2
data/sorted/cardboard/00010440.jpg,0
data/sorted/glass/00000797.jpg,1
data/sorted/cardboard/00002591.jpg,0
data/sorted/paper/00007300.jpg,3
data/sorted/plastic/00008250.jpg,4
data/sorted/metal/00013615.jpg,2
data/sorted/plastic/00024294.jpg,4
data/sorted/plastic/00023332.jpg,4
data/sorted/paper/00007585.jpg,3
data/sorted/glass/00011878.jpg,1
data/sorted/glass/00012608.jpg,1
data/sorted/paper/00021550.jpg,3
data/sorted/glass/00019967.jpg,1
data/sorted/metal/00006149.jpg,2
data/sorted/glass/00011919.jpg,1
data/sorted/plastic/00016430.jpg,4
data/sorted/cardboard/00010950.jpg,0
data/sorted/cardboard/00010687.jpg,0
data/sorted/metal/00005974.jpg,2
data/sorted/trash/00017356.jpg,5
data/sorted/metal/00001271.jpg,2
data/sorted/glass/00019333.jpg,1
data/sorted/plastic/00023969.jpg,4
data/sorted/plastic/00023468.jpg,4
data/sorted/cardboard/00000025.jpg,0
data/sorted/glass/00019848.jpg,1
data/sorted/glass/00019385.jpg,1
data/sorted/paper/00001888.jpg,3
data/sorted/paper/00021895.jpg,3
data/sorted/plastic/00009189.jpg,4
data/sorted/paper/00014396.jpg,3
data/sorted/paper/00007749.jpg,3
data/sorted/cardboard/00018004.jpg,0
data/sorted/plastic/00009305.jpg,4
data/sorted/cardboard/00018351.jpg,0
data/sorted/plastic/00016860.jpg,4
data/sorted/glass/00018905.jpg,1
data/sorted/glass/00019942.jpg,1
data/sorted/plastic/00002218.jpg,4
data/sorted/glass/00005640.jpg,1
data/sorted/glass/00019500.jpg,1
data/sorted/plastic/00015622.jpg,4
data/sorted/metal/00020818.jpg,2
data/sorted/metal/00013568.jpg,2
data/sorted/plastic/00023950.jpg,4
data/sorted/paper/00021566.jpg,3
data/sorted/plastic/00024438.jpg,4
data/sorted/glass/00011691.jpg,1
data/sorted/plastic/00016446.jpg,4
data/sorted/cardboard/00017641.jpg,0
data/sorted/glass/00019725.jpg,1
data/sorted/plastic/00016111.jpg,4
data/sorted/cardboard/00017831.jpg,0
data/sorted/glass/00012093.jpg,1
data/sorted/metal/00006319.jpg,2
data/sorted/cardboard/00010739.jpg,0
data/sorted/plastic/00002186.jpg,4
data/sorted/plastic/00015476.jpg,4
data/sorted/paper/00014194.jpg,3
data/sorted/paper/00007202.jpg,3
data/sorted/cardboard/00018768.jpg,0
data/sorted/plastic/00009129.jpg,4
data/sorted/paper/00006723.jpg,3
data/sorted/plastic/00024339.jpg,4
data/sorted/metal/00020601.jpg,2
data/sorted/metal/00000935.jpg,2
data/sorted/trash/00024644.jpg,5
data/sorted/plastic/00008358.jpg,4
data/sorted/glass/00020016.jpg,1
data/sorted/paper/00007446.jpg,3
data/sorted/cardboard/00017686.jpg,0
data/sorted/plastic/00009433.jpg,4
data/sorted/cardboard/00003513.jpg,0
data/sorted/paper/00007433.jpg,3
data/sorted/metal/00014015.jpg,2
data/sorted/cardboard/00000181.jpg,0
data/sorted/glass/00020213.jpg,1
data/sorted/trash/00009784.jpg,5
data/sorted/metal/00013695.jpg,2
data/sorted/glass/00018909.jpg,1
data/sorted/paper/00021767.jpg,3
data/sorted/metal/00013256.jpg,2
data/sorted/glass/00012434.jpg,1
data/sorted/paper/00007523.jpg,3
data/sorted/plastic/00008859.jpg,4
data/sorted/glass/00020411.jpg,1
data/sorted/plastic/00015458.jpg,4
data/sorted/cardboard/00011350.jpg,0
data/sorted/plastic/00022868.jpg,4
data/sorted/glass/00011402.jpg,1
data/sorted/plastic/00023207.jpg,4
data/sorted/cardboard/00011008.jpg,0
data/sorted/glass/00004386.jpg,1
data/sorted/plastic/00008264.jpg,4
data/sorted/metal/00013228.jpg,2
data/sorted/plastic/00008104.jpg,4
data/sorted/glass/00000711.jpg,1
data/sorted/glass/00004434.jpg,1
data/sorted/metal/00013359.jpg,2
data/sorted/plastic/00016061.jpg,4
data/sorted/glass/00012212.jpg,1
data/sorted/paper/00015042.jpg,3
data/sorted/glass/00011809.jpg,1
data/sorted/paper/00001702.jpg,3
data/sorted/glass/00019299.jpg,1
data/sorted/glass/00012709.jpg,1
data/sorted/glass/00012538.jpg,1
data/sorted/glass/00020047.jpg,1
data/sorted/paper/00015148.jpg,3
data/sorted/plastic/00023725.jpg,4
data/sorted/cardboard/00018326.jpg,0
data/sorted/plastic/00002327.jpg,4
data/sorted/glass/00012682.jpg,1
data/sorted/plastic/00009451.jpg,4
data/sorted/glass/00019344.jpg,1
data/sorted/metal/00001175.jpg,2
data/sorted/glass/00000678.jpg,1
data/sorted/plastic/00016106.jpg,4
data/sorted/paper/00006800.jpg,3
data/sorted/cardboard/00010997.jpg,0
data/sorted/plastic/00023336.jpg,4
data/sorted/glass/00019247.jpg,1
data/sorted/cardboard/00018294.jpg,0
data/sorted/plastic/00016213.jpg,4
data/sorted/trash/00009685.jpg,5
data/sorted/glass/00019100.jpg,1
data/sorted/plastic/00024423.jpg,4
data/sorted/cardboard/00010034.jpg,0
data/sorted/cardboard/00010555.jpg,0
data/sorted/glass/00019388.jpg,1
data/sorted/plastic/00023675.jpg,4
data/sorted/cardboard/00018633.jpg,0
data/sorted/metal/00013770.jpg,2
data/sorted/metal/00006575.jpg,2
data/sorted/paper/00022646.jpg,3
data/sorted/glass/00020510.jpg,1
data/sorted/paper/00015012.jpg,3
data/sorted/glass/00020274.jpg,1
data/sorted/glass/00011470.jpg,1
data/sorted/trash/00024565.jpg,5
data/sorted/metal/00020672.jpg,2
data/sorted/plastic/00023449.jpg,4
data/sorted/plastic/00016219.jpg,4
data/sorted/trash/00017108.jpg,5
data/sorted/plastic/00008847.jpg,4
data/sorted/metal/00013906.jpg,2
data/sorted/plastic/00008076.jpg,4
data/sorted/glass/00004519.jpg,1
data/sorted/plastic/00023287.jpg,4
data/sorted/paper/00021733.jpg,3
data/sorted/trash/00024579.jpg,5
data/sorted/glass/00018928.jpg,1
data/sorted/glass/00012941.jpg,1
data/sorted/paper/00014480.jpg,3
data/sorted/metal/00020684.jpg,2
data/sorted/cardboard/00018254.jpg,0
data/sorted/plastic/00016804.jpg,4
data/sorted/cardboard/00018754.jpg,0
data/sorted/paper/00006977.jpg,3
data/sorted/trash/00009668.jpg,5
data/sorted/paper/00015082.jpg,3
data/sorted/metal/00021081.jpg,2
data/sorted/glass/00019989.jpg,1
data/sorted/cardboard/00018190.jpg,0
data/sorted/plastic/00024016.jpg,4
data/sorted/plastic/00015498.jpg,4
data/sorted/metal/00020903.jpg,2
data/sorted/paper/00021983.jpg,3
data/sorted/trash/00009729.jpg,5
data/sorted/plastic/00024160.jpg,4
data/sorted/cardboard/00003726.jpg,0
data/sorted/plastic/00009074.jpg,4
data/sorted/metal/00006118.jpg,2
data/sorted/plastic/00024130.jpg,4
data/sorted/cardboard/00002913.jpg,0
data/sorted/plastic/00009524.jpg,4
data/sorted/glass/00020337.jpg,1
data/sorted/cardboard/00010197.jpg,0
data/sorted/metal/00006024.jpg,2
data/sorted/plastic/00016745.jpg,4
data/sorted/plastic/00023108.jpg,4
data/sorted/cardboard/00018016.jpg,0
data/sorted/metal/00001104.jpg,2
data/sorted/paper/00007226.jpg,3
data/sorted/paper/00006831.jpg,3
data/sorted/glass/00020235.jpg,1
data/sorted/plastic/00001921.jpg,4
data/sorted/paper/00001455.jpg,3
data/sorted/plastic/00023071.jpg,4
data/sorted/plastic/00008243.jpg,4
data/sorted/paper/00007242.jpg,3
data/sorted/metal/00006546.jpg,2
data/sorted/glass/00019657.jpg,1
data/sorted/metal/00020658.jpg,2
data/sorted/glass/00019412.jpg,1
data/sorted/glass/00020593.jpg,1
data/sorted/paper/00022487.jpg,3
data/sorted/glass/00005107.jpg,1
data/sorted/metal/00021175.jpg,2
data/sorted/paper/00001433.jpg,3
data/sorted/paper/00014484.jpg,3
data/sorted/trash/00017061.jpg,5
data/sorted/cardboard/00003644.jpg,0
data/sorted/glass/00020125.jpg,1
data/sorted/metal/00001032.jpg,2
data/sorted/glass/00020556.jpg,1
data/sorted/metal/00005875.jpg,2
data/sorted/paper/00022618.jpg,3
data/sorted/plastic/00024138.jpg,4
data/sorted/cardboard/00010076.jpg,0
data/sorted/trash/00017300.jpg,5
data/sorted/cardboard/00003703.jpg,0
data/sorted/trash/00017278.jpg,5
data/sorted/metal/00021089.jpg,2
data/sorted/cardboard/00011038.jpg,0
data/sorted/metal/00001193.jpg,2
data/sorted/paper/00021744.jpg,3
data/sorted/cardboard/00010769.jpg,0
data/sorted/plastic/00016666.jpg,4
data/sorted/trash/00017130.jpg,5
data/sorted/glass/00012488.jpg,1
data/sorted/glass/00000476.jpg,1
data/sorted/paper/00007351.jpg,3
data/sorted/cardboard/00003126.jpg,0
data/sorted/metal/00013573.jpg,2
data/sorted/metal/00006562.jpg,2
data/sorted/metal/00013547.jpg,2
data/sorted/paper/00022430.jpg,3
data/sorted/paper/00022012.jpg,3
data/sorted/plastic/00016705.jpg,4
data/sorted/paper/00014393.jpg,3
data/sorted/metal/00021105.jpg,2
data/sorted/paper/00014460.jpg,3
data/sorted/glass/00011767.jpg,1
data/sorted/glass/00019751.jpg,1
data/sorted/paper/00007608.jpg,3
data/sorted/metal/00005879.jpg,2
data/sorted/metal/00001034.jpg,2
data/sorted/metal/00013544.jpg,2
data/sorted/glass/00005395.jpg,1
data/sorted/glass/00020467.jpg,1
data/sorted/glass/00011808.jpg,1
data/sorted/cardboard/00018127.jpg,0
data/sorted/paper/00022333.jpg,3
data/sorted/metal/00013953.jpg,2
data/sorted/paper/00006782.jpg,3
data/sorted/plastic/00008383.jpg,4
data/sorted/metal/00006488.jpg,2
data/sorted/glass/00004813.jpg,1
data/sorted/metal/00021054.jpg,2
data/sorted/metal/00006007.jpg,2
data/sorted/cardboard/00003878.jpg,0
data/sorted/plastic/00016993.jpg,4
data/sorted/plastic/00008597.jpg,4
data/sorted/plastic/00016990.jpg,4
data/sorted/metal/00006431.jpg,2
data/sorted/paper/00007691.jpg,3
data/sorted/plastic/00023346.jpg,4
data/sorted/plastic/00007992.jpg,4
data/sorted/plastic/00016850.jpg,4
data/sorted/plastic/00023433.jpg,4
data/sorted/glass/00000571.jpg,1
data/sorted/metal/00005704.jpg,2
data/sorted/metal/00013689.jpg,2
data/sorted/metal/00013889.jpg,2
data/sorted/cardboard/00011016.jpg,0
data/sorted/glass/00005272.jpg,1
data/sorted/cardboard/00003366.jpg,0
data/sorted/metal/00006535.jpg,2
data/sorted/cardboard/00018171.jpg,0
data/sorted/cardboard/00010484.jpg,0
data/sorted/plastic/00016468.jpg,4
data/sorted/cardboard/00010734.jpg,0
data/sorted/trash/00024872.jpg,5
data/sorted/paper/00021539.jpg,3
data/sorted/metal/00005860.jpg,2
data/sorted/plastic/00016896.jpg,4
data/sorted/glass/00004118.jpg,1
data/sorted/plastic/00002131.jpg,4
data/sorted/paper/00022472.jpg,3
data/sorted/paper/00001846.jpg,3
data/sorted/glass/00018977.jpg,1
data/sorted/paper/00007517.jpg,3
data/sorted/glass/00004946.jpg,1
data/sorted/glass/00019886.jpg,1
data/sorted/glass/00011822.jpg,1
data/sorted/cardboard/00011070.jpg,0
data/sorted/trash/00017254.jpg,5
data/sorted/paper/00021532.jpg,3
data/sorted/glass/00020127.jpg,1
data/sorted/cardboard/00003627.jpg,0
data/sorted/plastic/00023548.jpg,4
data/sorted/cardboard/00011108.jpg,0
data/sorted/cardboard/00002924.jpg,0
data/sorted/plastic/00002316.jpg,4
data/sorted/paper/00022756.jpg,3
data/sorted/plastic/00024060.jpg,4
data/sorted/cardboard/00017990.jpg,0
data/sorted/plastic/00023006.jpg,4
data/sorted/plastic/00008657.jpg,4
data/sorted/cardboard/00003133.jpg,0
data/sorted/glass/00012898.jpg,1
data/sorted/paper/00001732.jpg,3
data/sorted/plastic/00008413.jpg,4
data/sorted/paper/00007712.jpg,3
data/sorted/cardboard/00017612.jpg,0
data/sorted/metal/00014054.jpg,2
data/sorted/paper/00001782.jpg,3
data/sorted/cardboard/00017950.jpg,0
data/sorted/cardboard/00010241.jpg,0
data/sorted/metal/00013587.jpg,2
data/sorted/glass/00019595.jpg,1
data/sorted/glass/00019084.jpg,1
data/sorted/plastic/00015705.jpg,4
data/sorted/cardboard/00002532.jpg,0
data/sorted/cardboard/00018025.jpg,0
data/sorted/metal/00006329.jpg,2
data/sorted/paper/00021828.jpg,3
data/sorted/glass/00012770.jpg,1
data/sorted/glass/00005403.jpg,1
data/sorted/trash/00017287.jpg,5
data/sorted/metal/00006350.jpg,2
data/sorted/paper/00006644.jpg,3
data/sorted/metal/00006095.jpg,2
data/sorted/metal/00021057.jpg,2
data/sorted/metal/00001242.jpg,2
data/sorted/cardboard/00003732.jpg,0
data/sorted/metal/00000919.jpg,2
data/sorted/glass/00005061.jpg,1
data/sorted/cardboard/00010860.jpg,0
data/sorted/cardboard/00003219.jpg,0
data/sorted/cardboard/00017567.jpg,0
data/sorted/paper/00001335.jpg,3
data/sorted/plastic/00008984.jpg,4
data/sorted/cardboard/00000323.jpg,0
data/sorted/glass/00000506.jpg,1
data/sorted/cardboard/00000296.jpg,0
data/sorted/cardboard/00017942.jpg,0
data/sorted/cardboard/00018550.jpg,0
data/sorted/cardboard/00003664.jpg,0
data/sorted/glass/00019449.jpg,1
data/sorted/plastic/00015536.jpg,4
data/sorted/glass/00012362.jpg,1
data/sorted/cardboard/00000326.jpg,0
data/sorted/plastic/00002148.jpg,4
data/sorted/glass/00005267.jpg,1
data/sorted/trash/00009920.jpg,5
data/sorted/trash/00024879.jpg,5
data/sorted/cardboard/00003581.jpg,0
data/sorted/paper/00022766.jpg,3
data/sorted/metal/00001265.jpg,2
data/sorted/glass/00004013.jpg,1
data/sorted/cardboard/00003598.jpg,0
data/sorted/paper/00007029.jpg,3
data/sorted/glass/00004249.jpg,1
data/sorted/plastic/00009471.jpg,4
data/sorted/paper/00001668.jpg,3
data/sorted/cardboard/00010530.jpg,0
data/sorted/trash/00017079.jpg,5
data/sorted/paper/00014513.jpg,3
data/sorted/glass/00004933.jpg,1
data/sorted/cardboard/00010523.jpg,0
data/sorted/glass/00005252.jpg,1
data/sorted/plastic/00023679.jpg,4
data/sorted/paper/00014872.jpg,3
data/sorted/plastic/00023494.jpg,4
data/sorted/cardboard/00010772.jpg,0
data/sorted/cardboard/00010709.jpg,0
data/sorted/plastic/00023692.jpg,4
data/sorted/metal/00006108.jpg,2
data/sorted/plastic/00002312.jpg,4
data/sorted/paper/00001483.jpg,3
data/sorted/plastic/00023251.jpg,4
data/sorted/paper/00021761.jpg,3
data/sorted/paper/00022295.jpg,3
data/sorted/glass/00005375.jpg,1
data/sorted/paper/00001623.jpg,3
data/sorted/cardboard/00018275.jpg,0
data/sorted/trash/00002476.jpg,5
data/sorted/plastic/00015445.jpg,4
data/sorted/glass/00004190.jpg,1
data/sorted/plastic/00008700.jpg,4
data/sorted/glass/00019913.jpg,1
data/sorted/paper/00007353.jpg,3
data/sorted/trash/00009733.jpg,5
data/sorted/paper/00007827.jpg,3
data/sorted/metal/00001067.jpg,2
data/sorted/cardboard/00018059.jpg,0
data/sorted/trash/00017337.jpg,5
data/sorted/paper/00001872.jpg,3
data/sorted/paper/00021889.jpg,3
data/sorted/cardboard/00018506.jpg,0
data/sorted/paper/00015240.jpg,3
data/sorted/plastic/00016835.jpg,4
data/sorted/cardboard/00010387.jpg,0
data/sorted/plastic/00008447.jpg,4
data/sorted/metal/00001114.jpg,2
data/sorted/glass/00012241.jpg,1
data/sorted/cardboard/00003760.jpg,0
data/sorted/plastic/00008433.jpg,4
data/sorted/plastic/00024277.jpg,4
data/sorted/glass/00020074.jpg,1
data/sorted/plastic/00016687.jpg,4
data/sorted/glass/00012768.jpg,1
data/sorted/cardboard/00011097.jpg,0
data/sorted/glass/00004214.jpg,1
data/sorted/cardboard/00017961.jpg,0
data/sorted/trash/00024514.jpg,5
data/sorted/metal/00000907.jpg,2
data/sorted/plastic/00008249.jpg,4
data/sorted/plastic/00009508.jpg,4
data/sorted/plastic/00016841.jpg,4
data/sorted/plastic/00023068.jpg,4
data/sorted/plastic/00023353.jpg,4
data/sorted/glass/00020169.jpg,1
data/sorted/glass/00003996.jpg,1
data/sorted/plastic/00023151.jpg,4
data/sorted/cardboard/00000279.jpg,0
data/sorted/cardboard/00011045.jpg,0
data/sorted/trash/00002483.jpg,5
data/sorted/plastic/00016739.jpg,4
data/sorted/trash/00009577.jpg,5
data/sorted/trash/00009949.jpg,5
data/sorted/glass/00012792.jpg,1
data/sorted/glass/00000597.jpg,1
data/sorted/paper/00014470.jpg,3
data/sorted/paper/00007307.jpg,3
data/sorted/metal/00006596.jpg,2
data/sorted/plastic/00015546.jpg,4
data/sorted/glass/00004331.jpg,1
data/sorted/plastic/00008927.jpg,4
data/sorted/paper/00007547.jpg,3
data/sorted/glass/00005572.jpg,1
data/sorted/paper/00022423.jpg,3
data/sorted/paper/00007692.jpg,3
data/sorted/plastic/00009242.jpg,4
data/sorted/metal/00001233.jpg,2
data/sorted/paper/00007060.jpg,3
data/sorted/cardboard/00002821.jpg,0
data/sorted/cardboard/00010547.jpg,0
data/sorted/glass/00005167.jpg,1
data/sorted/glass/00004997.jpg,1
data/sorted/glass/00004294.jpg,1
data/sorted/glass/00013125.jpg,1
data/sorted/paper/00007654.jpg,3
data/sorted/glass/00004225.jpg,1
data/sorted/metal/00013285.jpg,2
data/sorted/metal/00006332.jpg,2
data/sorted/cardboard/00003758.jpg,0
data/sorted/cardboard/00011072.jpg,0
data/sorted/glass/00012493.jpg,1
data/sorted/metal/00000944.jpg,2
data/sorted/glass/00019841.jpg,1
data/sorted/plastic/00016824.jpg,4
data/sorted/glass/00020210.jpg,1
data/sorted/trash/00024469.jpg,5
data/sorted/trash/00024800.jpg,5
data/sorted/paper/00015285.jpg,3
data/sorted/plastic/00016323.jpg,4
data/sorted/paper/00007551.jpg,3
data/sorted/glass/00004510.jpg,1
data/sorted/paper/00007279.jpg,3
data/sorted/cardboard/00003596.jpg,0
data/sorted/glass/00000747.jpg,1
data/sorted/cardboard/00018047.jpg,0
data/sorted/glass/00019078.jpg,1
data/sorted/plastic/00008459.jpg,4
data/sorted/paper/00022677.jpg,3
data/sorted/plastic/00023518.jpg,4
data/sorted/metal/00005916.jpg,2
data/sorted/metal/00020846.jpg,2
data/sorted/metal/00001142.jpg,2
data/sorted/paper/00022435.jpg,3
data/sorted/cardboard/00017922.jpg,0
data/sorted/plastic/00008863.jpg,4
data/sorted/paper/00022741.jpg,3
data/sorted/plastic/00023702.jpg,4
data/sorted/glass/00000468.jpg,1
data/sorted/cardboard/00003240.jpg,0
data/sorted/paper/00015392.jpg,3
data/sorted/metal/00013513.jpg,2
data/sorted/glass/00000625.jpg,1
data/sorted/glass/00000662.jpg,1
data/sorted/cardboard/00002731.jpg,0
data/sorted/cardboard/00018187.jpg,0
data/sorted/paper/00015156.jpg,3
data/sorted/paper/00007418.jpg,3
data/sorted/plastic/00002005.jpg,4
data/sorted/plastic/00023580.jpg,4
data/sorted/glass/00012062.jpg,1
data/sorted/plastic/00008820.jpg,4
data/sorted/cardboard/00010479.jpg,0
data/sorted/metal/00013656.jpg,2
data/sorted/cardboard/00017815.jpg,0
data/sorted/cardboard/00010336.jpg,0
data/sorted/trash/00017313.jpg,5
data/sorted/glass/00019529.jpg,1
data/sorted/paper/00014329.jpg,3
data/sorted/paper/00015256.jpg,3
data/sorted/metal/00006481.jpg,2
data/sorted/plastic/00002054.jpg,4
data/sorted/paper/00006628.jpg,3
data/sorted/cardboard/00000374.jpg,0
data/sorted/glass/00004382.jpg,1
data/sorted/glass/00004762.jpg,1
data/sorted/glass/00004231.jpg,1
data/sorted/plastic/00008603.jpg,4
data/sorted/plastic/00016254.jpg,4
data/sorted/glass/00019063.jpg,1
data/sorted/metal/00021529.jpg,2
data/sorted/plastic/00008116.jpg,4
data/sorted/cardboard/00000013.jpg,0
data/sorted/metal/00005814.jpg,2
data/sorted/metal/00001170.jpg,2
data/sorted/plastic/00016044.jpg,4
data/sorted/cardboard/00010977.jpg,0
data/sorted/paper/00014230.jpg,3
data/sorted/metal/00006305.jpg,2
data/sorted/glass/00020330.jpg,1
data/sorted/plastic/00023755.jpg,4
data/sorted/metal/00001100.jpg,2
data/sorted/glass/00012742.jpg,1
data/sorted/glass/00011818.jpg,1
data/sorted/trash/00024623.jpg,5
data/sorted/paper/00022128.jpg,3
data/sorted/glass/00005023.jpg,1
data/sorted/cardboard/00018340.jpg,0
data/sorted/metal/00020874.jpg,2
data/sorted/cardboard/00000116.jpg,0
data/sorted/paper/00001745.jpg,3
data/sorted/cardboard/00017792.jpg,0
data/sorted/plastic/00008424.jpg,4
data/sorted/cardboard/00017516.jpg,0
data/sorted/plastic/00016082.jpg,4
data/sorted/plastic/00024168.jpg,4
data/sorted/paper/00007147.jpg,3
data/sorted/metal/00013150.jpg,2
data/sorted/cardboard/00010050.jpg,0
data/sorted/trash/00017375.jpg,5
data/sorted/plastic/00009116.jpg,4
data/sorted/metal/00013996.jpg,2
data/sorted/cardboard/00010612.jpg,0
data/sorted/plastic/00002241.jpg,4
data/sorted/trash/00009965.jpg,5
data/sorted/plastic/00009526.jpg,4
data/sorted/plastic/00002248.jpg,4
data/sorted/trash/00017367.jpg,5
data/sorted/plastic/00015938.jpg,4
data/sorted/plastic/00016104.jpg,4
data/sorted/paper/00006914.jpg,3
data/sorted/metal/00021051.jpg,2
data/sorted/glass/00019983.jpg,1
data/sorted/cardboard/00003917.jpg,0
data/sorted/glass/00012785.jpg,1
data/sorted/plastic/00009092.jpg,4
data/sorted/glass/00011507.jpg,1
data/sorted/plastic/00016754.jpg,4
data/sorted/metal/00020837.jpg,2
data/sorted/plastic/00008652.jpg,4
data/sorted/paper/00022549.jpg,3
data/sorted/cardboard/00002637.jpg,0
data/sorted/metal/00005698.jpg,2
data/sorted/plastic/00023955.jpg,4
data/sorted/plastic/00008466.jpg,4
data/sorted/paper/00001501.jpg,3
data/sorted/cardboard/00018124.jpg,0
data/sorted/cardboard/00010899.jpg,0
data/sorted/trash/00017263.jpg,5
data/sorted/cardboard/00000069.jpg,0
data/sorted/plastic/00015824.jpg,4
data/sorted/cardboard/00002693.jpg,0
data/sorted/glass/00012013.jpg,1
data/sorted/plastic/00023528.jpg,4
data/sorted/plastic/00022882.jpg,4
data/sorted/cardboard/00017698.jpg,0
data/sorted/glass/00018903.jpg,1
data/sorted/paper/00014172.jpg,3
data/sorted/plastic/00015499.jpg,4
data/sorted/plastic/00016985.jpg,4
data/sorted/cardboard/00017703.jpg,0
data/sorted/plastic/00023277.jpg,4
data/sorted/plastic/00002154.jpg,4
data/sorted/cardboard/00018820.jpg,0
data/sorted/paper/00014668.jpg,3
data/sorted/cardboard/00010370.jpg,0
data/sorted/plastic/00016365.jpg,4
data/sorted/paper/00007586.jpg,3
data/sorted/glass/00019857.jpg,1
data/sorted/paper/00022534.jpg,3
data/sorted/cardboard/00003543.jpg,0
data/sorted/paper/00014566.jpg,3
data/sorted/paper/00001866.jpg,3
data/sorted/metal/00006267.jpg,2
data/sorted/cardboard/00002760.jpg,0
data/sorted/glass/00000867.jpg,1
data/sorted/glass/00020343.jpg,1
data/sorted/cardboard/00010470.jpg,0
data/sorted/paper/00014654.jpg,3
data/sorted/plastic/00024327.jpg,4
data/sorted/glass/00011547.jpg,1
data/sorted/paper/00022605.jpg,3
data/sorted/plastic/00023531.jpg,4
data/sorted/plastic/00009286.jpg,4
data/sorted/glass/00019776.jpg,1
data/sorted/trash/00024783.jpg,5
data/sorted/paper/00014301.jpg,3
data/sorted/metal/00001060.jpg,2
data/sorted/plastic/00015947.jpg,4
data/sorted/plastic/00009500.jpg,4
data/sorted/cardboard/00010231.jpg,0
data/sorted/trash/00024779.jpg,5
data/sorted/plastic/00015735.jpg,4
data/sorted/glass/00004173.jpg,1
data/sorted/glass/00020449.jpg,1
data/sorted/plastic/00015889.jpg,4
data/sorted/paper/00007531.jpg,3
data/sorted/plastic/00023101.jpg,4
data/sorted/plastic/00015957.jpg,4
data/sorted/cardboard/00010592.jpg,0
data/sorted/plastic/00001919.jpg,4
data/sorted/cardboard/00010737.jpg,0
data/sorted/paper/00015250.jpg,3
data/sorted/glass/00011515.jpg,1
data/sorted/paper/00006906.jpg,3
data/sorted/paper/00014855.jpg,3
data/sorted/paper/00015385.jpg,3
data/sorted/plastic/00008185.jpg,4
data/sorted/metal/00021419.jpg,2
data/sorted/plastic/00008300.jpg,4
data/sorted/glass/00019132.jpg,1
data/sorted/trash/00017002.jpg,5
data/sorted/glass/00005488.jpg,1
data/sorted/glass/00012482.jpg,1
data/sorted/metal/00005964.jpg,2
data/sorted/paper/00014541.jpg,3
data/sorted/cardboard/00002554.jpg,0
data/sorted/metal/00013671.jpg,2
data/sorted/glass/00012177.jpg,1
data/sorted/glass/00013067.jpg,1
data/sorted/plastic/00008137.jpg,4
data/sorted/plastic/00023549.jpg,4
data/sorted/plastic/00024298.jpg,4
data/sorted/glass/00005054.jpg,1
data/sorted/cardboard/00003822.jpg,0
data/sorted/cardboard/00010813.jpg,0
data/sorted/plastic/00008828.jpg,4
data/sorted/cardboard/00010316.jpg,0
data/sorted/plastic/00008160.jpg,4
data/sorted/metal/00005944.jpg,2
data/sorted/trash/00009684.jpg,5
data/sorted/cardboard/00018383.jpg,0
data/sorted/plastic/00016478.jpg,4
data/sorted/cardboard/00018533.jpg,0
data/sorted/metal/00021435.jpg,2
data/sorted/cardboard/00010113.jpg,0
data/sorted/cardboard/00017789.jpg,0
data/sorted/paper/00021815.jpg,3
data/sorted/glass/00005111.jpg,1
data/sorted/plastic/00002109.jpg,4
data/sorted/glass/00011749.jpg,1
data/sorted/glass/00013081.jpg,1
data/sorted/plastic/00008042.jpg,4
data/sorted/trash/00024845.jpg,5
data/sorted/trash/00009806.jpg,5
data/sorted/paper/00021596.jpg,3
data/sorted/glass/00005600.jpg,1
data/sorted/paper/00006864.jpg,3
data/sorted/plastic/00023578.jpg,4
data/sorted/metal/00021128.jpg,2
data/sorted/cardboard/00011049.jpg,0
data/sorted/cardboard/00002713.jpg,0
data/sorted/trash/00017013.jpg,5
data/sorted/plastic/00024169.jpg,4
data/sorted/paper/00001776.jpg,3
data/sorted/metal/00013885.jpg,2
data/sorted/plastic/00015477.jpg,4
data/sorted/glass/00019865.jpg,1
data/sorted/trash/00017003.jpg,5
data/sorted/plastic/00002265.jpg,4
data/sorted/metal/00020614.jpg,2
data/sorted/plastic/00002177.jpg,4
data/sorted/plastic/00024242.jpg,4
data/sorted/cardboard/00017795.jpg,0
data/sorted/paper/00022135.jpg,3
data/sorted/paper/00001389.jpg,3
data/sorted/cardboard/00003594.jpg,0
data/sorted/glass/00005639.jpg,1
data/sorted/trash/00017271.jpg,5
data/sorted/metal/00013865.jpg,2
data/sorted/cardboard/00018705.jpg,0
data/sorted/paper/00014443.jpg,3
data/sorted/metal/00020698.jpg,2
data/sorted/metal/00000916.jpg,2
data/sorted/metal/00013477.jpg,2
data/sorted/trash/00009564.jpg,5
data/sorted/cardboard/00010474.jpg,0
data/sorted/cardboard/00018308.jpg,0
data/sorted/trash/00024878.jpg,5
data/sorted/cardboard/00010552.jpg,0
data/sorted/cardboard/00003174.jpg,0
data/sorted/plastic/00023402.jpg,4
data/sorted/glass/00012411.jpg,1
data/sorted/cardboard/00000351.jpg,0
data/sorted/paper/00006925.jpg,3
data/sorted/glass/00019517.jpg,1
data/sorted/plastic/00009522.jpg,4
data/sorted/glass/00018996.jpg,1
data/sorted/glass/00000543.jpg,1
data/sorted/paper/00001528.jpg,3
data/sorted/paper/00006614.jpg,3
data/sorted/paper/00006838.jpg,3
data/sorted/glass/00012835.jpg,1
data/sorted/cardboard/00003278.jpg,0
data/sorted/metal/00005731.jpg,2
data/sorted/plastic/00015703.jpg,4
data/sorted/plastic/00008349.jpg,4
data/sorted/plastic/00015813.jpg,4
data/sorted/glass/00012403.jpg,1
data/sorted/trash/00017140.jpg,5
data/sorted/plastic/00002115.jpg,4
data/sorted/glass/00004271.jpg,1
data/sorted/paper/00007683.jpg,3
data/sorted/paper/00022395.jpg,3
data/sorted/metal/00014050.jpg,2
data/sorted/metal/00006299.jpg,2
data/sorted/paper/00014459.jpg,3
data/sorted/paper/00022596.jpg,3
data/sorted/trash/00024772.jpg,5
data/sorted/glass/00019313.jpg,1
data/sorted/metal/00020773.jpg,2
data/sorted/cardboard/00018738.jpg,0
data/sorted/glass/00011651.jpg,1
data/sorted/cardboard/00000224.jpg,0
data/sorted/paper/00006874.jpg,3
data/sorted/glass/00004232.jpg,1
data/sorted/glass/00000453.jpg,1
data/sorted/cardboard/00010718.jpg,0
data/sorted/metal/00013617.jpg,2
data/sorted/glass/00011916.jpg,1
data/sorted/metal/00006467.jpg,2
data/sorted/trash/00017124.jpg,5
data/sorted/plastic/00009325.jpg,4
data/sorted/glass/00012569.jpg,1
data/sorted/trash/00017103.jpg,5
data/sorted/cardboard/00017802.jpg,0
data/sorted/metal/00005686.jpg,2
data/sorted/plastic/00001993.jpg,4
data/sorted/metal/00001015.jpg,2
data/sorted/cardboard/00018184.jpg,0
data/sorted/cardboard/00000317.jpg,0
data/sorted/metal/00014066.jpg,2
data/sorted/trash/00017169.jpg,5
data/sorted/glass/00000622.jpg,1
data/sorted/metal/00013800.jpg,2
data/sorted/paper/00006965.jpg,3
data/sorted/glass/00000429.jpg,1
data/sorted/plastic/00008452.jpg,4
data/sorted/metal/00013871.jpg,2
data/sorted/plastic/00016731.jpg,4
data/sorted/metal/00021446.jpg,2
data/sorted/glass/00004222.jpg,1
data/sorted/glass/00018959.jpg,1
data/sorted/paper/00014510.jpg,3
data/sorted/cardboard/00017553.jpg,0
data/sorted/cardboard/00010272.jpg,0
data/sorted/trash/00024815.jpg,5
data/sorted/paper/00001746.jpg,3
data/sorted/cardboard/00002921.jpg,0
data/sorted/paper/00001404.jpg,3
data/sorted/plastic/00015738.jpg,4
data/sorted/trash/00017394.jpg,5
data/sorted/cardboard/00010137.jpg,0
data/sorted/glass/00004046.jpg,1
data/sorted/metal/00013161.jpg,2
data/sorted/metal/00006394.jpg,2
data/sorted/glass/00004234.jpg,1
data/sorted/trash/00024492.jpg,5
data/sorted/glass/00004420.jpg,1
data/sorted/glass/00004955.jpg,1
data/sorted/glass/00019435.jpg,1
data/sorted/cardboard/00000372.jpg,0
data/sorted/plastic/00009341.jpg,4
data/sorted/plastic/00015650.jpg,4
data/sorted/glass/00020546.jpg,1
data/sorted/paper/00022223.jpg,3
data/sorted/paper/00022123.jpg,3
data/sorted/plastic/00016510.jpg,4
data/sorted/trash/00024600.jpg,5
data/sorted/paper/00022259.jpg,3
data/sorted/glass/00020231.jpg,1
data/sorted/metal/00013244.jpg,2
data/sorted/glass/00018877.jpg,1
data/sorted/plastic/00002018.jpg,4
data/sorted/plastic/00008790.jpg,4
data/sorted/paper/00007721.jpg,3
data/sorted/metal/00021288.jpg,2
data/sorted/cardboard/00010031.jpg,0
data/sorted/metal/00005803.jpg,2
data/sorted/glass/00020164.jpg,1
data/sorted/metal/00021413.jpg,2
data/sorted/cardboard/00011377.jpg,0
data/sorted/trash/00017162.jpg,5
data/sorted/paper/00021810.jpg,3
data/sorted/glass/00004461.jpg,1
data/sorted/paper/00006671.jpg,3
data/sorted/cardboard/00018846.jpg,0
data/sorted/paper/00014292.jpg,3
data/sorted/glass/00005140.jpg,1
data/sorted/trash/00017305.jpg,5
data/sorted/glass/00013129.jpg,1
data/sorted/glass/00012335.jpg,1
data/sorted/metal/00006049.jpg,2
data/sorted/glass/00020029.jpg,1
data/sorted/cardboard/00017650.jpg,0
data/sorted/plastic/00008580.jpg,4
data/sorted/glass/00004928.jpg,1
data/sorted/paper/00006635.jpg,3
data/sorted/plastic/00016023.jpg,4
data/sorted/cardboard/00017828.jpg,0
data/sorted/plastic/00024356.jpg,4
data/sorted/paper/00001800.jpg,3
data/sorted/cardboard/00010593.jpg,0
data/sorted/glass/00011562.jpg,1
data/sorted/metal/00020801.jpg,2
data/sorted/paper/00022163.jpg,3
data/sorted/cardboard/00018062.jpg,0
data/sorted/plastic/00008980.jpg,4
data/sorted/metal/00006146.jpg,2
data/sorted/glass/00019297.jpg,1
data/sorted/cardboard/00000315.jpg,0
data/sorted/metal/00020750.jpg,2
data/sorted/glass/00004521.jpg,1
data/sorted/cardboard/00003729.jpg,0
data/sorted/plastic/00016311.jpg,4
data/sorted/plastic/00008085.jpg,4
data/sorted/metal/00006212.jpg,2
data/sorted/plastic/00008019.jpg,4
data/sorted/metal/00006321.jpg,2
data/sorted/metal/00013965.jpg,2
data/sorted/glass/00000522.jpg,1
data/sorted/trash/00024766.jpg,5
data/sorted/plastic/00002079.jpg,4
data/sorted/cardboard/00010435.jpg,0
data/sorted/glass/00004307.jpg,1
data/sorted/paper/00022653.jpg,3
data/sorted/trash/00009724.jpg,5
data/sorted/glass/00012114.jpg,1
data/sorted/plastic/00008222.jpg,4
data/sorted/paper/00014829.jpg,3
data/sorted/cardboard/00003929.jpg,0
data/sorted/cardboard/00010656.jpg,0
data/sorted/metal/00013500.jpg,2
data/sorted/plastic/00008444.jpg,4
data/sorted/cardboard/00018161.jpg,0
data/sorted/plastic/00008210.jpg,4
data/sorted/metal/00013151.jpg,2
data/sorted/glass/00019180.jpg,1
data/sorted/glass/00019123.jpg,1
data/sorted/paper/00007869.jpg,3
data/sorted/plastic/00016022.jpg,4
data/sorted/paper/00015292.jpg,3
data/sorted/plastic/00008647.jpg,4
data/sorted/plastic/00009165.jpg,4
data/sorted/glass/00000553.jpg,1
data/sorted/metal/00013655.jpg,2
data/sorted/paper/00014088.jpg,3
data/sorted/trash/00024679.jpg,5
data/sorted/glass/00020308.jpg,1
data/sorted/paper/00001321.jpg,3
data/sorted/paper/00006981.jpg,3
data/sorted/glass/00012978.jpg,1
data/sorted/glass/00000884.jpg,1
data/sorted/glass/00020270.jpg,1
data/sorted/trash/00024624.jpg,5
data/sorted/plastic/00008032.jpg,4
data/sorted/metal/00006428.jpg,2
data/sorted/metal/00020635.jpg,2
data/sorted/metal/00000932.jpg,2
data/sorted/glass/00000746.jpg,1
data/sorted/plastic/00023684.jpg,4
data/sorted/metal/00006223.jpg,2
data/sorted/metal/00006552.jpg,2
data/sorted/metal/00013546.jpg,2
data/sorted/plastic/00024145.jpg,4
data/sorted/cardboard/00017564.jpg,0
data/sorted/plastic/00016240.jpg,4
data/sorted/plastic/00023816.jpg,4
data/sorted/trash/00009647.jpg,5
data/sorted/paper/00015318.jpg,3
data/sorted/metal/00001107.jpg,2
data/sorted/cardboard/00010273.jpg,0
data/sorted/cardboard/00018060.jpg,0
data/sorted/plastic/00015807.jpg,4
data/sorted/glass/00019964.jpg,1
data/sorted/paper/00021629.jpg,3
data/sorted/plastic/00023517.jpg,4
data/sorted/cardboard/00003546.jpg,0
data/sorted/glass/00000448.jpg,1
data/sorted/glass/00012740.jpg,1
data/sorted/plastic/00023019.jpg,4
data/sorted/paper/00007100.jpg,3
data/sorted/paper/00014536.jpg,3
data/sorted/trash/00009591.jpg,5
data/sorted/cardboard/00010820.jpg,0
data/sorted/cardboard/00003606.jpg,0
data/sorted/cardboard/00011117.jpg,0
data/sorted/trash/00024798.jpg,5
data/sorted/glass/00005658.jpg,1
data/sorted/cardboard/00011256.jpg,0
data/sorted/plastic/00008862.jpg,4
data/sorted/cardboard/00018241.jpg,0
data/sorted/paper/00022212.jpg,3
data/sorted/plastic/00022923.jpg,4
data/sorted/metal/00020809.jpg,2
data/sorted/glass/00004014.jpg,1
data/sorted/trash/00024770.jpg,5
data/sorted/metal/00021274.jpg,2
data/sorted/paper/00014607.jpg,3
data/sorted/paper/00006632.jpg,3
data/sorted/paper/00015222.jpg,3
data/sorted/glass/00019880.jpg,1
data/sorted/glass/00000831.jpg,1
data/sorted/metal/00020754.jpg,2
data/sorted/glass/00019796.jpg,1
data/sorted/paper/00007375.jpg,3
data/sorted/paper/00021917.jpg,3
data/sorted/metal/00006532.jpg,2
data/sorted/paper/00015261.jpg,3
data/sorted/trash/00002432.jpg,5
data/sorted/plastic/00016251.jpg,4
data/sorted/cardboard/00002992.jpg,0
data/sorted/cardboard/00011235.jpg,0
data/sorted/glass/00011733.jpg,1
data/sorted/glass/00004292.jpg,1
data/sorted/plastic/00016144.jpg,4
data/sorted/cardboard/00010873.jpg,0
data/sorted/trash/00017385.jpg,5
data/sorted/cardboard/00002664.jpg,0
data/sorted/plastic/00023054.jpg,4
data/sorted/glass/00000649.jpg,1
data/sorted/glass/00012787.jpg,1
data/sorted/glass/00004637.jpg,1
data/sorted/cardboard/00002965.jpg,0
data/sorted/metal/00001186.jpg,2
data/sorted/plastic/00016932.jpg,4
data/sorted/glass/00019159.jpg,1
data/sorted/cardboard/00011194.jpg,0
data/sorted/glass/00019396.jpg,1
data/sorted/glass/00005007.jpg,1
data/sorted/paper/00014099.jpg,3
data/sorted/trash/00002412.jpg,5
data/sorted/paper/00022566.jpg,3
data/sorted/paper/00007620.jpg,3
data/sorted/plastic/00008058.jpg,4
data/sorted/plastic/00008267.jpg,4
data/sorted/paper/00006988.jpg,3
data/sorted/paper/00015153.jpg,3
data/sorted/trash/00017184.jpg,5
data/sorted/glass/00011789.jpg,1
data/sorted/glass/00005340.jpg,1
data/sorted/metal/00021344.jpg,2
data/sorted/plastic/00008933.jpg,4
data/sorted/glass/00019814.jpg,1
data/sorted/metal/00006219.jpg,2
data/sorted/glass/00012249.jpg,1
data/sorted/plastic/00023521.jpg,4
data/sorted/plastic/00016554.jpg,4
data/sorted/plastic/00009401.jpg,4
data/sorted/cardboard/00011138.jpg,0
data/sorted/cardboard/00000277.jpg,0
data/sorted/paper/00022130.jpg,3
data/sorted/cardboard/00011303.jpg,0
data/sorted/cardboard/00000096.jpg,0
data/sorted/paper/00015221.jpg,3
data/sorted/glass/00019479.jpg,1
data/sorted/glass/00019373.jpg,1
data/sorted/glass/00012828.jpg,1
data/sorted/cardboard/00010695.jpg,0
data/sorted/glass/00012878.jpg,1
data/sorted/trash/00009914.jpg,5
data/sorted/glass/00019921.jpg,1
data/sorted/plastic/00016143.jpg,4
data/sorted/trash/00017273.jpg,5
data/sorted/cardboard/00018491.jpg,0
data/sorted/metal/00013857.jpg,2
data/sorted/metal/00021219.jpg,2
data/sorted/glass/00012933.jpg,1
data/sorted/plastic/00024227.jpg,4
data/sorted/paper/00022159.jpg,3
data/sorted/glass/00005656.jpg,1
data/sorted/cardboard/00003358.jpg,0
data/sorted/cardboard/00018420.jpg,0
data/sorted/metal/00001052.jpg,2
data/sorted/trash/00002437.jpg,5
data/sorted/plastic/00002379.jpg,4
data/sorted/cardboard/00018708.jpg,0
data/sorted/plastic/00008740.jpg,4
data/sorted/plastic/00016641.jpg,4
data/sorted/paper/00001585.jpg,3
data/sorted/glass/00005455.jpg,1
data/sorted/glass/00019403.jpg,1
data/sorted/cardboard/00003938.jpg,0
data/sorted/metal/00013545.jpg,2
data/sorted/glass/00011761.jpg,1
data/sorted/metal/00021099.jpg,2
data/sorted/paper/00007403.jpg,3
data/sorted/glass/00020353.jpg,1
data/sorted/plastic/00016227.jpg,4
data/sorted/plastic/00008150.jpg,4
data/sorted/plastic/00016103.jpg,4
data/sorted/paper/00006926.jpg,3
data/sorted/glass/00012075.jpg,1
data/sorted/glass/00012455.jpg,1
data/sorted/paper/00014112.jpg,3
data/sorted/paper/00021708.jpg,3
data/sorted/paper/00001773.jpg,3
data/sorted/plastic/00001953.jpg,4
data/sorted/plastic/00023547.jpg,4
data/sorted/metal/00020939.jpg,2
data/sorted/cardboard/00018259.jpg,0
data/sorted/glass/00019550.jpg,1
data/sorted/glass/00018910.jpg,1
data/sorted/paper/00014749.jpg,3
data/sorted/glass/00000594.jpg,1
data/sorted/cardboard/00003592.jpg,0
data/sorted/plastic/00024042.jpg,4
data/sorted/glass/00012917.jpg,1
data/sorted/glass/00019061.jpg,1
data/sorted/paper/00001414.jpg,3
data/sorted/paper/00021861.jpg,3
data/sorted/trash/00024583.jpg,5
data/sorted/glass/00004927.jpg,1
data/sorted/glass/00000523.jpg,1
data/sorted/cardboard/00011323.jpg,0
data/sorted/cardboard/00000031.jpg,0
data/sorted/paper/00021729.jpg,3
data/sorted/trash/00017231.jpg,5
data/sorted/plastic/00024231.jpg,4
data/sorted/cardboard/00000119.jpg,0
data/sorted/plastic/00023618.jpg,4
data/sorted/paper/00006937.jpg,3
data/sorted/paper/00007804.jpg,3
data/sorted/glass/00019932.jpg,1
data/sorted/paper/00022678.jpg,3
data/sorted/cardboard/00003122.jpg,0
data/sorted/plastic/00009301.jpg,4
data/sorted/paper/00006915.jpg,3
data/sorted/plastic/00008163.jpg,4
data/sorted/metal/00005907.jpg,2
data/sorted/cardboard/00010579.jpg,0
data/sorted/paper/00014494.jpg,3
data/sorted/glass/00004513.jpg,1
data/sorted/cardboard/00003150.jpg,0
data/sorted/cardboard/00011007.jpg,0
data/sorted/metal/00021007.jpg,2
data/sorted/plastic/00001961.jpg,4
data/sorted/glass/00011542.jpg,1
data/sorted/metal/00020663.jpg,2
data/sorted/glass/00000428.jpg,1
data/sorted/trash/00017245.jpg,5
data/sorted/plastic/00024426.jpg,4
data/sorted/metal/00001153.jpg,2
data/sorted/plastic/00016574.jpg,4
data/sorted/paper/00007199.jpg,3
data/sorted/glass/00020247.jpg,1
data/sorted/glass/00012144.jpg,1
data/sorted/plastic/00015537.jpg,4
data/sorted/plastic/00024170.jpg,4
data/sorted/trash/00002516.jpg,5
data/sorted/cardboard/00018710.jpg,0
data/sorted/metal/00021473.jpg,2
data/sorted/glass/00004421.jpg,1
data/sorted/cardboard/00010516.jpg,0
data/sorted/plastic/00016995.jpg,4
data/sorted/plastic/00016058.jpg,4
data/sorted/metal/00020843.jpg,2
data/sorted/plastic/00015958.jpg,4
data/sorted/trash/00024865.jpg,5
data/sorted/trash/00017042.jpg,5
data/sorted/metal/00013499.jpg,2
data/sorted/plastic/00024141.jpg,4
data/sorted/plastic/00023089.jpg,4
data/sorted/cardboard/00003609.jpg,0
data/sorted/cardboard/00010766.jpg,0
data/sorted/paper/00022478.jpg,3
data/sorted/paper/00022529.jpg,3
data/sorted/metal/00006257.jpg,2
data/sorted/cardboard/00002689.jpg,0
data/sorted/plastic/00023181.jpg,4
data/sorted/metal/00014016.jpg,2
data/sorted/cardboard/00018575.jpg,0
data/sorted/plastic/00023227.jpg,4
data/sorted/cardboard/00010062.jpg,0
data/sorted/cardboard/00018781.jpg,0
data/sorted/cardboard/00018323.jpg,0
data/sorted/glass/00011945.jpg,1
data/sorted/paper/00014983.jpg,3
data/sorted/glass/00019896.jpg,1
data/sorted/paper/00021876.jpg,3
data/sorted/cardboard/00000098.jpg,0
data/sorted/trash/00017322.jpg,5
data/sorted/glass/00005454.jpg,1
data/sorted/glass/00004003.jpg,1
data/sorted/cardboard/00000168.jpg,0
data/sorted/cardboard/00017919.jpg,0
data/sorted/glass/00020291.jpg,1
data/sorted/plastic/00023774.jpg,4
data/sorted/trash/00009911.jpg,5
data/sorted/plastic/00024135.jpg,4
data/sorted/plastic/00009119.jpg,4
data/sorted/glass/00004075.jpg,1
data/sorted/cardboard/00011231.jpg,0
data/sorted/plastic/00009178.jpg,4
data/sorted/plastic/00002240.jpg,4
data/sorted/paper/00007572.jpg,3
data/sorted/glass/00012024.jpg,1
data/sorted/glass/00019020.jpg,1
data/sorted/cardboard/00010928.jpg,0
data/sorted/paper/00014895.jpg,3
data/sorted/paper/00007927.jpg,3
data/sorted/plastic/00016201.jpg,4
data/sorted/trash/00009548.jpg,5
data/sorted/plastic/00009237.jpg,4
data/sorted/plastic/00008392.jpg,4
data/sorted/glass/00003941.jpg,1
data/sorted/cardboard/00000358.jpg,0
data/sorted/plastic/00008063.jpg,4
data/sorted/paper/00001515.jpg,3
data/sorted/glass/00005579.jpg,1
data/sorted/cardboard/00011399.jpg,0
data/sorted/paper/00006856.jpg,3
data/sorted/cardboard/00010234.jpg,0
data/sorted/plastic/00023619.jpg,4
data/sorted/trash/00017410.jpg,5
data/sorted/metal/00014056.jpg,2
data/sorted/glass/00005673.jpg,1
data/sorted/paper/00001561.jpg,3
data/sorted/paper/00021755.jpg,3
data/sorted/plastic/00008482.jpg,4
data/sorted/glass/00011993.jpg,1
data/sorted/plastic/00002096.jpg,4
data/sorted/cardboard/00018109.jpg,0
data/sorted/paper/00015193.jpg,3
data/sorted/glass/00019146.jpg,1
data/sorted/cardboard/00017608.jpg,0
data/sorted/trash/00024666.jpg,5
data/sorted/metal/00013693.jpg,2
data/sorted/metal/00005697.jpg,2
data/sorted/plastic/00016817.jpg,4
data/sorted/paper/00014523.jpg,3
data/sorted/paper/00022311.jpg,3
data/sorted/plastic/00002057.jpg,4
data/sorted/paper/00022808.jpg,3
data/sorted/metal/00021033.jpg,2
data/sorted/glass/00004901.jpg,1
data/sorted/plastic/00001946.jpg,4
data/sorted/glass/00018968.jpg,1
data/sorted/plastic/00016293.jpg,4
data/sorted/plastic/00016076.jpg,4
data/sorted/plastic/00024286.jpg,4
data/sorted/plastic/00008870.jpg,4
data/sorted/glass/00020104.jpg,1
data/sorted/plastic/00017000.jpg,4
data/sorted/glass/00011859.jpg,1
data/sorted/paper/00014157.jpg,3
data/sorted/paper/00007405.jpg,3
data/sorted/glass/00019634.jpg,1
data/sorted/cardboard/00010600.jpg,0
data/sorted/metal/00021120.jpg,2
data/sorted/plastic/00023501.jpg,4
data/sorted/paper/00006993.jpg,3
data/sorted/paper/00007904.jpg,3
data/sorted/metal/00021107.jpg,2
data/sorted/plastic/00024095.jpg,4
data/sorted/glass/00004032.jpg,1
data/sorted/paper/00022410.jpg,3
data/sorted/glass/00020261.jpg,1
data/sorted/plastic/00024244.jpg,4
data/sorted/paper/00022272.jpg,3
data/sorted/trash/00009885.jpg,5
data/sorted/glass/00000462.jpg,1
data/sorted/cardboard/00002815.jpg,0
data/sorted/paper/00001885.jpg,3
data/sorted/glass/00004740.jpg,1
data/sorted/cardboard/00003312.jpg,0
data/sorted/metal/00006345.jpg,2
data/sorted/plastic/00023257.jpg,4
data/sorted/plastic/00002287.jpg,4
data/sorted/glass/00020021.jpg,1
data/sorted/paper/00014634.jpg,3
data/sorted/paper/00015361.jpg,3
data/sorted/plastic/00024044.jpg,4
data/sorted/glass/00020462.jpg,1
data/sorted/glass/00005669.jpg,1
data/sorted/cardboard/00000248.jpg,0
data/sorted/plastic/00009399.jpg,4
data/sorted/plastic/00008905.jpg,4
data/sorted/trash/00009654.jpg,5
data/sorted/metal/00006102.jpg,2
data/sorted/plastic/00024150.jpg,4
data/sorted/plastic/00023370.jpg,4
data/sorted/paper/00022860.jpg,3
data/sorted/paper/00015301.jpg,3
data/sorted/plastic/00024374.jpg,4
data/sorted/plastic/00016543.jpg,4
data/sorted/plastic/00016961.jpg,4
data/sorted/glass/00011908.jpg,1
data/sorted/paper/00014142.jpg,3
data/sorted/plastic/00008691.jpg,4
data/sorted/plastic/00016573.jpg,4
data/sorted/paper/00001470.jpg,3
data/sorted/glass/00000821.jpg,1
data/sorted/paper/00022193.jpg,3
data/sorted/glass/00000778.jpg,1
data/sorted/plastic/00016767.jpg,4
data/sorted/cardboard/00010055.jpg,0
data/sorted/cardboard/00017920.jpg,0
data/sorted/plastic/00009313.jpg,4
data/sorted/glass/00004153.jpg,1
data/sorted/glass/00005459.jpg,1
data/sorted/paper/00015370.jpg,3
data/sorted/paper/00001402.jpg,3
data/sorted/metal/00005933.jpg,2
data/sorted/glass/00005008.jpg,1
data/sorted/glass/00012710.jpg,1
data/sorted/paper/00007245.jpg,3
data/sorted/paper/00014824.jpg,3
data/sorted/metal/00005696.jpg,2
data/sorted/paper/00014111.jpg,3
data/sorted/cardboard/00018844.jpg,0
data/sorted/glass/00020167.jpg,1
data/sorted/plastic/00022981.jpg,4
data/sorted/paper/00007428.jpg,3
data/sorted/glass/00012983.jpg,1
data/sorted/metal/00013324.jpg,2
data/sorted/glass/00012892.jpg,1
data/sorted/glass/00019138.jpg,1
data/sorted/trash/00017334.jpg,5
data/sorted/cardboard/00010728.jpg,0
data/sorted/glass/00011690.jpg,1
data/sorted/paper/00014264.jpg,3
data/sorted/plastic/00023667.jpg,4
data/sorted/paper/00022239.jpg,3
data/sorted/glass/00012208.jpg,1
data/sorted/cardboard/00003718.jpg,0
data/sorted/cardboard/00011245.jpg,0
data/sorted/cardboard/00011381.jpg,0
data/sorted/metal/00013789.jpg,2
data/sorted/metal/00021480.jpg,2
data/sorted/plastic/00016383.jpg,4
data/sorted/cardboard/00003158.jpg,0
data/sorted/plastic/00016128.jpg,4
data/sorted/cardboard/00011190.jpg,0
data/sorted/metal/00006537.jpg,2
data/sorted/metal/00013219.jpg,2
data/sorted/paper/00015194.jpg,3
data/sorted/cardboard/00018328.jpg,0
data/sorted/plastic/00015773.jpg,4
data/sorted/metal/00020693.jpg,2
data/sorted/glass/00011723.jpg,1
data/sorted/glass/00011784.jpg,1
data/sorted/metal/00006070.jpg,2
data/sorted/glass/00005057.jpg,1
data/sorted/cardboard/00018822.jpg,0
data/sorted/glass/00011800.jpg,1
data/sorted/metal/00006238.jpg,2
data/sorted/cardboard/00000001.jpg,0
data/sorted/cardboard/00018765.jpg,0
data/sorted/plastic/00002202.jpg,4
data/sorted/plastic/00008929.jpg,4
data/sorted/cardboard/00010333.jpg,0
data/sorted/glass/00012563.jpg,1
data/sorted/paper/00001767.jpg,3
data/sorted/paper/00021901.jpg,3
data/sorted/glass/00004822.jpg,1
data/sorted/glass/00004862.jpg,1
data/sorted/paper/00014280.jpg,3
data/sorted/metal/00006593.jpg,2
data/sorted/paper/00021655.jpg,3
data/sorted/plastic/00009246.jpg,4
data/sorted/cardboard/00002653.jpg,0
data/sorted/paper/00022856.jpg,3
data/sorted/glass/00020502.jpg,1
data/sorted/cardboard/00018389.jpg,0
data/sorted/glass/00018963.jpg,1
data/sorted/plastic/00002065.jpg,4
data/sorted/plastic/00016456.jpg,4
data/sorted/cardboard/00011205.jpg,0
data/sorted/cardboard/00003661.jpg,0
data/sorted/paper/00007748.jpg,3
data/sorted/cardboard/00003933.jpg,0
data/sorted/trash/00009974.jpg,5
data/sorted/trash/00002419.jpg,5
data/sorted/glass/00000413.jpg,1
data/sorted/glass/00004162.jpg,1
data/sorted/plastic/00008680.jpg,4
data/sorted/plastic/00009318.jpg,4
data/sorted/metal/00006260.jpg,2
data/sorted/cardboard/00010041.jpg,0
data/sorted/glass/00012985.jpg,1
data/sorted/paper/00014265.jpg,3
data/sorted/plastic/00009131.jpg,4
data/sorted/glass/00005550.jpg,1
data/sorted/trash/00024561.jpg,5
data/sorted/glass/00005532.jpg,1
data/sorted/glass/00011516.jpg,1
data/sorted/glass/00004585.jpg,1
data/sorted/paper/00014864.jpg,3
data/sorted/glass/00005069.jpg,1
data/sorted/glass/00004428.jpg,1
data/sorted/plastic/00008586.jpg,4
data/sorted/metal/00000939.jpg,2
data/sorted/paper/00001680.jpg,3
data/sorted/plastic/00023653.jpg,4
data/sorted/paper/00022758.jpg,3
data/sorted/plastic/00016322.jpg,4
data/sorted/plastic/00002321.jpg,4
data/sorted/paper/00001633.jpg,3
data/sorted/metal/00013458.jpg,2
data/sorted/glass/00018942.jpg,1
data/sorted/cardboard/00011061.jpg,0
data/sorted/paper/00001828.jpg,3
data/sorted/glass/00012318.jpg,1
data/sorted/glass/00019721.jpg,1
data/sorted/glass/00004182.jpg,1
data/sorted/plastic/00016659.jpg,4
data/sorted/metal/00013327.jpg,2
data/sorted/paper/00022515.jpg,3
data/sorted/cardboard/00003328.jpg,0
data/sorted/glass/00005180.jpg,1
data/sorted/glass/00019699.jpg,1
data/sorted/paper/00014318.jpg,3
data/sorted/cardboard/00018111.jpg,0
data/sorted/plastic/00016317.jpg,4
data/sorted/plastic/00015640.jpg,4
data/sorted/glass/00019471.jpg,1
data/sorted/cardboard/00018759.jpg,0
data/sorted/glass/00011744.jpg,1
data/sorted/cardboard/00010696.jpg,0
data/sorted/paper/00022076.jpg,3
data/sorted/glass/00004408.jpg,1
data/sorted/plastic/00008119.jpg,4
data/sorted/paper/00006674.jpg,3
data/sorted/metal/00013157.jpg,2
data/sorted/glass/00018898.jpg,1
data/sorted/plastic/00008478.jpg,4
data/sorted/paper/00022731.jpg,3
data/sorted/paper/00001388.jpg,3
data/sorted/paper/00001406.jpg,3
data/sorted/trash/00009858.jpg,5
data/sorted/paper/00014736.jpg,3
data/sorted/plastic/00015644.jpg,4
data/sorted/glass/00000492.jpg,1
data/sorted/glass/00000521.jpg,1
data/sorted/metal/00006175.jpg,2
data/sorted/plastic/00008046.jpg,4
data/sorted/metal/00014059.jpg,2
data/sorted/metal/00014009.jpg,2
data/sorted/glass/00019707.jpg,1
data/sorted/glass/00013068.jpg,1
data/sorted/glass/00005224.jpg,1
data/sorted/cardboard/00018604.jpg,0
data/sorted/paper/00014636.jpg,3
data/sorted/plastic/00024200.jpg,4
data/sorted/glass/00000799.jpg,1
data/sorted/cardboard/00003780.jpg,0
data/sorted/glass/00004137.jpg,1
data/sorted/paper/00022805.jpg,3
data/sorted/metal/00021457.jpg,2
data/sorted/glass/00012777.jpg,1
data/sorted/cardboard/00018740.jpg,0
data/sorted/glass/00019314.jpg,1
data/sorted/plastic/00009108.jpg,4
data/sorted/metal/00006155.jpg,2
data/sorted/glass/00019135.jpg,1
data/sorted/paper/00015336.jpg,3
data/sorted/plastic/00008234.jpg,4
data/sorted/metal/00013916.jpg,2
data/sorted/cardboard/00000175.jpg,0
data/sorted/plastic/00016567.jpg,4
data/sorted/glass/00013042.jpg,1
data/sorted/plastic/00002260.jpg,4
data/sorted/plastic/00023372.jpg,4
data/sorted/cardboard/00003617.jpg,0
data/sorted/plastic/00024245.jpg,4
data/sorted/plastic/00015736.jpg,4
data/sorted/plastic/00008704.jpg,4
data/sorted/glass/00011706.jpg,1
data/sorted/glass/00004065.jpg,1
data/sorted/paper/00014924.jpg,3
data/sorted/plastic/00016389.jpg,4
data/sorted/glass/00004536.jpg,1
data/sorted/glass/00000749.jpg,1
data/sorted/plastic/00009097.jpg,4
data/sorted/plastic/00023354.jpg,4
data/sorted/metal/00013196.jpg,2
data/sorted/plastic/00023144.jpg,4
data/sorted/trash/00017114.jpg,5
data/sorted/trash/00009743.jpg,5
data/sorted/glass/00004537.jpg,1
data/sorted/glass/00012465.jpg,1
data/sorted/plastic/00016002.jpg,4
data/sorted/cardboard/00002602.jpg,0
data/sorted/glass/00019016.jpg,1
data/sorted/plastic/00016465.jpg,4
data/sorted/cardboard/00011170.jpg,0
data/sorted/cardboard/00010806.jpg,0
data/sorted/plastic/00002331.jpg,4
data/sorted/plastic/00023657.jpg,4
data/sorted/cardboard/00010863.jpg,0
data/sorted/metal/00013522.jpg,2
data/sorted/metal/00013819.jpg,2
data/sorted/cardboard/00002701.jpg,0
data/sorted/glass/00005087.jpg,1
data/sorted/trash/00017282.jpg,5
data/sorted/plastic/00023334.jpg,4
data/sorted/glass/00019438.jpg,1
data/sorted/paper/00007348.jpg,3
data/sorted/trash/00009671.jpg,5
data/sorted/glass/00012251.jpg,1
data/sorted/cardboard/00011272.jpg,0
data/sorted/glass/00011741.jpg,1
data/sorted/glass/00020523.jpg,1
data/sorted/glass/00019893.jpg,1
data/sorted/cardboard/00010139.jpg,0
data/sorted/metal/00020831.jpg,2
data/sorted/plastic/00009197.jpg,4
data/sorted/paper/00001839.jpg,3
data/sorted/cardboard/00017637.jpg,0
data/sorted/trash/00017100.jpg,5
data/sorted/cardboard/00003368.jpg,0
data/sorted/plastic/00008128.jpg,4
data/sorted/cardboard/00000003.jpg,0
data/sorted/plastic/00015595.jpg,4
data/sorted/trash/00009836.jpg,5
data/sorted/cardboard/00010571.jpg,0
data/sorted/plastic/00023703.jpg,4
data/sorted/glass/00020076.jpg,1
data/sorted/glass/00004477.jpg,1
data/sorted/glass/00020066.jpg,1
data/sorted/trash/00024862.jpg,5
data/sorted/plastic/00015724.jpg,4
data/sorted/cardboard/00003028.jpg,0
data/sorted/glass/00004255.jpg,1
data/sorted/cardboard/00017747.jpg,0
data/sorted/trash/00017116.jpg,5
data/sorted/paper/00022455.jpg,3
data/sorted/paper/00001477.jpg,3
data/sorted/paper/00022838.jpg,3
data/sorted/trash/00017170.jpg,5
data/sorted/paper/00007901.jpg,3
data/sorted/paper/00001496.jpg,3
data/sorted/metal/00006469.jpg,2
data/sorted/plastic/00023308.jpg,4
data/sorted/plastic/00023811.jpg,4
data/sorted/paper/00022415.jpg,3
data/sorted/paper/00022237.jpg,3
data/sorted/glass/00018993.jpg,1
data/sorted/plastic/00016410.jpg,4
data/sorted/glass/00018890.jpg,1
data/sorted/glass/00005339.jpg,1
data/sorted/cardboard/00011210.jpg,0
data/sorted/cardboard/00003494.jpg,0
data/sorted/paper/00022564.jpg,3
data/sorted/paper/00001805.jpg,3
data/sorted/metal/00021510.jpg,2
data/sorted/cardboard/00018402.jpg,0
data/sorted/paper/00007896.jpg,3
data/sorted/plastic/00016291.jpg,4
data/sorted/metal/00013448.jpg,2
data/sorted/glass/00020020.jpg,1
data/sorted/cardboard/00010536.jpg,0
data/sorted/paper/00021918.jpg,3
data/sorted/metal/00020611.jpg,2
data/sorted/cardboard/00003175.jpg,0
data/sorted/glass/00011879.jpg,1
data/sorted/glass/00005583.jpg,1
data/sorted/paper/00022600.jpg,3
data/sorted/plastic/00009354.jpg,4
data/sorted/metal/00006247.jpg,2
data/sorted/glass/00005365.jpg,1
data/sorted/plastic/00016464.jpg,4
data/sorted/glass/00004534.jpg,1
data/sorted/paper/00021921.jpg,3
data/sorted/metal/00020679.jpg,2
data/sorted/metal/00013160.jpg,2
data/sorted/plastic/00008669.jpg,4
data/sorted/cardboard/00017979.jpg,0
data/sorted/paper/00014693.jpg,3
data/sorted/paper/00015003.jpg,3
data/sorted/cardboard/00017908.jpg,0
data/sorted/metal/00021142.jpg,2
data/sorted/glass/00011560.jpg,1
data/sorted/metal/00013489.jpg,2
data/sorted/plastic/00009063.jpg,4
data/sorted/plastic/00024178.jpg,4
data/sorted/cardboard/00003398.jpg,0
data/sorted/paper/00001558.jpg,3
data/sorted/cardboard/00003460.jpg,0
data/sorted/glass/00018867.jpg,1
data/sorted/cardboard/00000055.jpg,0
data/sorted/paper/00022144.jpg,3
data/sorted/trash/00024619.jpg,5
data/sorted/plastic/00023899.jpg,4
data/sorted/paper/00022567.jpg,3
data/sorted/plastic/00023837.jpg,4
data/sorted/paper/00001770.jpg,3
data/sorted/glass/00011785.jpg,1
data/sorted/metal/00013654.jpg,2
data/sorted/trash/00024690.jpg,5
data/sorted/cardboard/00002566.jpg,0
data/sorted/metal/00021117.jpg,2
data/sorted/paper/00014244.jpg,3
data/sorted/glass/00012487.jpg,1
data/sorted/glass/00000422.jpg,1
data/sorted/plastic/00024427.jpg,4
data/sorted/metal/00014008.jpg,2
data/sorted/glass/00004401.jpg,1
data/sorted/plastic/00016500.jpg,4
data/sorted/glass/00019074.jpg,1
data/sorted/plastic/00016713.jpg,4
data/sorted/cardboard/00018809.jpg,0
data/sorted/plastic/00008666.jpg,4
data/sorted/plastic/00009149.jpg,4
data/sorted/plastic/00008350.jpg,4
data/sorted/cardboard/00010798.jpg,0
data/sorted/cardboard/00017814.jpg,0
data/sorted/cardboard/00010302.jpg,0
data/sorted/glass/00019356.jpg,1
data/sorted/paper/00022864.jpg,3
data/sorted/cardboard/00003015.jpg,0
data/sorted/cardboard/00018552.jpg,0
data/sorted/paper/00007843.jpg,3
data/sorted/trash/00017320.jpg,5
data/sorted/paper/00014943.jpg,3
data/sorted/plastic/00023541.jpg,4
data/sorted/plastic/00015583.jpg,4
data/sorted/glass/00012137.jpg,1
data/sorted/paper/00022769.jpg,3
data/sorted/glass/00012272.jpg,1
data/sorted/glass/00012996.jpg,1
data/sorted/metal/00021337.jpg,2
data/sorted/paper/00014191.jpg,3
data/sorted/cardboard/00018767.jpg,0
data/sorted/plastic/00022902.jpg,4
data/sorted/plastic/00023360.jpg,4
data/sorted/paper/00021865.jpg,3
data/sorted/glass/00005217.jpg,1
data/sorted/glass/00020425.jpg,1
data/sorted/plastic/00002288.jpg,4
data/sorted/paper/00007395.jpg,3
data/sorted/plastic/00023104.jpg,4
data/sorted/glass/00019419.jpg,1
data/sorted/plastic/00002035.jpg,4
data/sorted/cardboard/00018431.jpg,0
data/sorted/glass/00004494.jpg,1
data/sorted/cardboard/00018337.jpg,0
data/sorted/cardboard/00018682.jpg,0
data/sorted/glass/00019310.jpg,1
data/sorted/cardboard/00017925.jpg,0
data/sorted/plastic/00023300.jpg,4
data/sorted/glass/00004694.jpg,1
data/sorted/plastic/00015699.jpg,4
data/sorted/metal/00021318.jpg,2
data/sorted/paper/00022855.jpg,3
data/sorted/plastic/00024191.jpg,4
data/sorted/glass/00020199.jpg,1
data/sorted/plastic/00002361.jpg,4
data/sorted/paper/00014266.jpg,3
data/sorted/trash/00017035.jpg,5
data/sorted/paper/00007698.jpg,3
data/sorted/cardboard/00011015.jpg,0
data/sorted/plastic/00008781.jpg,4
data/sorted/glass/00004757.jpg,1
data/sorted/glass/00019448.jpg,1
data/sorted/cardboard/00017480.jpg,0
data/sorted/paper/00015371.jpg,3
data/sorted/glass/00011922.jpg,1
data/sorted/paper/00022447.jpg,3
data/sorted/plastic/00024080.jpg,4
data/sorted/glass/00020017.jpg,1
data/sorted/paper/00014704.jpg,3
data/sorted/cardboard/00011395.jpg,0
data/sorted/cardboard/00010208.jpg,0
data/sorted/trash/00024857.jpg,5
data/sorted/plastic/00008167.jpg,4
data/sorted/paper/00014950.jpg,3
data/sorted/plastic/00009094.jpg,4
data/sorted/cardboard/00011094.jpg,0
data/sorted/paper/00006617.jpg,3
data/sorted/metal/00020650.jpg,2
data/sorted/glass/00005240.jpg,1
data/sorted/plastic/00015436.jpg,4
data/sorted/metal/00013903.jpg,2
data/sorted/trash/00024828.jpg,5
data/sorted/cardboard/00010868.jpg,0
data/sorted/metal/00006217.jpg,2
data/sorted/trash/00009649.jpg,5
data/sorted/glass/00012591.jpg,1
data/sorted/paper/00007235.jpg,3
data/sorted/plastic/00008539.jpg,4
data/sorted/plastic/00016747.jpg,4
data/sorted/metal/00014020.jpg,2
data/sorted/metal/00006564.jpg,2
data/sorted/cardboard/00017906.jpg,0
data/sorted/cardboard/00018120.jpg,0
data/sorted/cardboard/00018239.jpg,0
data/sorted/glass/00004049.jpg,1
data/sorted/metal/00006100.jpg,2
data/sorted/plastic/00002080.jpg,4
data/sorted/plastic/00008949.jpg,4
data/sorted/glass/00004972.jpg,1
data/sorted/metal/00006078.jpg,2
data/sorted/cardboard/00003696.jpg,0
data/sorted/glass/00004136.jpg,1
data/sorted/metal/00001058.jpg,2
data/sorted/metal/00006133.jpg,2
data/sorted/cardboard/00017691.jpg,0
data/sorted/glass/00019222.jpg,1
data/sorted/cardboard/00010680.jpg,0
data/sorted/plastic/00023137.jpg,4
data/sorted/cardboard/00017885.jpg,0
data/sorted/cardboard/00011197.jpg,0
data/sorted/cardboard/00018594.jpg,0
data/sorted/plastic/00008499.jpg,4
data/sorted/glass/00005262.jpg,1
data/sorted/metal/00005693.jpg,2
data/sorted/glass/00005602.jpg,1
data/sorted/glass/00012577.jpg,1
data/sorted/cardboard/00010301.jpg,0
data/sorted/plastic/00024353.jpg,4
data/sorted/cardboard/00003089.jpg,0
data/sorted/metal/00005724.jpg,2
data/sorted/paper/00014121.jpg,3
data/sorted/glass/00005027.jpg,1
data/sorted/plastic/00023159.jpg,4
data/sorted/plastic/00015833.jpg,4
data/sorted/plastic/00009160.jpg,4
data/sorted/trash/00017446.jpg,5
data/sorted/glass/00011649.jpg,1
data/sorted/metal/00013266.jpg,2
data/sorted/plastic/00008112.jpg,4
data/sorted/trash/00024482.jpg,5
data/sorted/metal/00021341.jpg,2
data/sorted/glass/00019735.jpg,1
data/sorted/glass/00012422.jpg,1
data/sorted/plastic/00023077.jpg,4
data/sorted/trash/00024894.jpg,5
data/sorted/glass/00019102.jpg,1
data/sorted/paper/00015321.jpg,3
data/sorted/trash/00024665.jpg,5
data/sorted/glass/00000748.jpg,1
data/sorted/glass/00011889.jpg,1
data/sorted/cardboard/00002808.jpg,0
data/sorted/glass/00012040.jpg,1
data/sorted/paper/00022662.jpg,3
data/sorted/glass/00005405.jpg,1
data/sorted/glass/00004879.jpg,1
data/sorted/glass/00020279.jpg,1
data/sorted/plastic/00023805.jpg,4
data/sorted/paper/00022793.jpg,3
data/sorted/glass/00000513.jpg,1
data/sorted/metal/00013870.jpg,2
data/sorted/cardboard/00018798.jpg,0
data/sorted/plastic/00016160.jpg,4
data/sorted/cardboard/00002824.jpg,0
data/sorted/paper/00021578.jpg,3
data/sorted/glass/00000517.jpg,1
data/sorted/metal/00006581.jpg,2
data/sorted/metal/00020892.jpg,2
data/sorted/cardboard/00010142.jpg,0
data/sorted/metal/00013818.jpg,2
data/sorted/cardboard/00018624.jpg,0
data/sorted/plastic/00022872.jpg,4
data/sorted/glass/00000581.jpg,1
data/sorted/cardboard/00003241.jpg,0
data/sorted/paper/00022656.jpg,3
data/sorted/trash/00002519.jpg,5
data/sorted/metal/00013413.jpg,2
data/sorted/paper/00021802.jpg,3
data/sorted/cardboard/00000258.jpg,0
data/sorted/cardboard/00011264.jpg,0
data/sorted/metal/00013840.jpg,2
data/sorted/plastic/00023032.jpg,4
data/sorted/cardboard/00000318.jpg,0
data/sorted/trash/00024572.jpg,5
data/sorted/plastic/00015727.jpg,4
data/sorted/paper/00022247.jpg,3
data/sorted/glass/00011551.jpg,1
data/sorted/cardboard/00011216.jpg,0
data/sorted/metal/00021316.jpg,2
data/sorted/cardboard/00002672.jpg,0
data/sorted/metal/00006476.jpg,2
data/sorted/plastic/00007961.jpg,4
data/sorted/plastic/00023973.jpg,4
data/sorted/trash/00017381.jpg,5
data/sorted/paper/00006939.jpg,3
data/sorted/glass/00012798.jpg,1
data/sorted/metal/00005966.jpg,2
data/sorted/paper/00007618.jpg,3
data/sorted/metal/00005722.jpg,2
data/sorted/cardboard/00017458.jpg,0
data/sorted/paper/00001769.jpg,3
data/sorted/trash/00009602.jpg,5
data/sorted/trash/00017057.jpg,5
data/sorted/glass/00004403.jpg,1
data/sorted/trash/00024906.jpg,5
data/sorted/paper/00001421.jpg,3
data/sorted/cardboard/00000057.jpg,0
data/sorted/plastic/00009180.jpg,4
data/sorted/glass/00019443.jpg,1
data/sorted/cardboard/00010866.jpg,0
data/sorted/paper/00014791.jpg,3
data/sorted/glass/00011846.jpg,1
data/sorted/cardboard/00010668.jpg,0
data/sorted/paper/00006995.jpg,3
data/sorted/cardboard/00003786.jpg,0
data/sorted/metal/00013636.jpg,2
data/sorted/glass/00004866.jpg,1
data/sorted/plastic/00008915.jpg,4
data/sorted/paper/00014667.jpg,3
data/sorted/trash/00002471.jpg,5
data/sorted/glass/00019257.jpg,1
data/sorted/cardboard/00011096.jpg,0
data/sorted/cardboard/00002940.jpg,0
data/sorted/paper/00015374.jpg,3
data/sorted/metal/00013786.jpg,2
data/sorted/cardboard/00017801.jpg,0
data/sorted/paper/00007382.jpg,3
data/sorted/glass/00005170.jpg,1
data/sorted/paper/00022276.jpg,3
data/sorted/cardboard/00002606.jpg,0
data/sorted/paper/00001401.jpg,3
data/sorted/cardboard/00018722.jpg,0
data/sorted/cardboard/00010390.jpg,0
data/sorted/paper/00007431.jpg,3
data/sorted/cardboard/00018814.jpg,0
data/sorted/trash/00009955.jpg,5
data/sorted/plastic/00023664.jpg,4
data/sorted/paper/00014253.jpg,3
data/sorted/glass/00004054.jpg,1
data/sorted/glass/00005052.jpg,1
data/sorted/paper/00022652.jpg,3
data/sorted/cardboard/00003410.jpg,0
data/sorted/paper/00001665.jpg,3
data/sorted/trash/00024472.jpg,5
data/sorted/plastic/00009366.jpg,4
data/sorted/metal/00021121.jpg,2
data/sorted/glass/00005048.jpg,1
data/sorted/plastic/00016640.jpg,4
data/sorted/glass/00019406.jpg,1
data/sorted/plastic/00009075.jpg,4
data/sorted/plastic/00023134.jpg,4
data/sorted/trash/00017435.jpg,5
data/sorted/cardboard/00017506.jpg,0
data/sorted/glass/00012614.jpg,1
data/sorted/glass/00005499.jpg,1
data/sorted/cardboard/00003486.jpg,0
data/sorted/glass/00005098.jpg,1
data/sorted/cardboard/00003518.jpg,0
data/sorted/paper/00001868.jpg,3
data/sorted/plastic/00016348.jpg,4
data/sorted/plastic/00001987.jpg,4
data/sorted/glass/00004470.jpg,1
data/sorted/paper/00014129.jpg,3
data/sorted/paper/00014128.jpg,3
data/sorted/glass/00019254.jpg,1
data/sorted/paper/00007914.jpg,3
data/sorted/cardboard/00018357.jpg,0
data/sorted/cardboard/00018625.jpg,0
data/sorted/paper/00001532.jpg,3
data/sorted/paper/00001699.jpg,3
data/sorted/glass/00005423.jpg,1
data/sorted/metal/00001182.jpg,2
data/sorted/plastic/00023794.jpg,4
data/sorted/glass/00012899.jpg,1
data/sorted/paper/00014161.jpg,3
data/sorted/paper/00007626.jpg,3
data/sorted/plastic/00016501.jpg,4
data/sorted/paper/00014698.jpg,3
data/sorted/cardboard/00017621.jpg,0
data/sorted/plastic/00023832.jpg,4
data/sorted/plastic/00008710.jpg,4
data/sorted/cardboard/00018226.jpg,0
data/sorted/plastic/00008415.jpg,4
data/sorted/cardboard/00010093.jpg,0
data/sorted/paper/00014211.jpg,3
data/sorted/paper/00021848.jpg,3
data/sorted/cardboard/00018107.jpg,0
data/sorted/metal/00013194.jpg,2
data/sorted/metal/00020733.jpg,2
data/sorted/trash/00009738.jpg,5
data/sorted/paper/00014844.jpg,3
data/sorted/paper/00014218.jpg,3
data/sorted/cardboard/00018526.jpg,0
data/sorted/paper/00007794.jpg,3
data/sorted/paper/00022636.jpg,3
data/sorted/plastic/00016661.jpg,4
data/sorted/cardboard/00017896.jpg,0
data/sorted/glass/00012156.jpg,1
data/sorted/metal/00001108.jpg,2
data/sorted/cardboard/00002735.jpg,0
data/sorted/paper/00022626.jpg,3
data/sorted/paper/00007220.jpg,3
data/sorted/glass/00013012.jpg,1
data/sorted/glass/00012423.jpg,1
data/sorted/plastic/00009136.jpg,4
data/sorted/plastic/00016495.jpg,4
data/sorted/glass/00005377.jpg,1
data/sorted/cardboard/00000400.jpg,0
data/sorted/paper/00022631.jpg,3
data/sorted/paper/00022468.jpg,3
data/sorted/paper/00001369.jpg,3
data/sorted/glass/00011778.jpg,1
data/sorted/cardboard/00000284.jpg,0
data/sorted/metal/00005935.jpg,2
data/sorted/cardboard/00017540.jpg,0
data/sorted/plastic/00015866.jpg,4
data/sorted/metal/00013677.jpg,2
data/sorted/plastic/00016067.jpg,4
data/sorted/glass/00019264.jpg,1
data/sorted/paper/00022675.jpg,3
data/sorted/glass/00013075.jpg,1
data/sorted/glass/00019022.jpg,1
data/sorted/paper/00007088.jpg,3
data/sorted/trash/00024811.jpg,5
data/sorted/glass/00000425.jpg,1
data/sorted/trash/00002502.jpg,5
data/sorted/glass/00000812.jpg,1
data/sorted/plastic/00008416.jpg,4
data/sorted/cardboard/00003427.jpg,0
data/sorted/paper/00022755.jpg,3
data/sorted/glass/00012162.jpg,1
data/sorted/glass/00004786.jpg,1
data/sorted/glass/00020168.jpg,1
data/sorted/metal/00013738.jpg,2
data/sorted/plastic/00016964.jpg,4
data/sorted/glass/00011814.jpg,1
data/sorted/plastic/00016838.jpg,4
data/sorted/metal/00006397.jpg,2
data/sorted/glass/00004679.jpg,1
data/sorted/trash/00009791.jpg,5
data/sorted/plastic/00007981.jpg,4
data/sorted/trash/00009657.jpg,5
data/sorted/metal/00020726.jpg,2
data/sorted/plastic/00024079.jpg,4
data/sorted/paper/00001555.jpg,3
data/sorted/metal/00005945.jpg,2
data/sorted/cardboard/00010616.jpg,0
data/sorted/glass/00011520.jpg,1
data/sorted/cardboard/00018688.jpg,0
data/sorted/glass/00020574.jpg,1
data/sorted/cardboard/00018807.jpg,0
data/sorted/cardboard/00002592.jpg,0
data/sorted/cardboard/00011285.jpg,0
data/sorted/paper/00022361.jpg,3
data/sorted/glass/00020159.jpg,1
data/sorted/paper/00022726.jpg,3
data/sorted/paper/00021799.jpg,3
data/sorted/cardboard/00018141.jpg,0
data/sorted/cardboard/00003448.jpg,0
data/sorted/paper/00014231.jpg,3
data/sorted/paper/00022312.jpg,3
data/sorted/glass/00020013.jpg,1
data/sorted/paper/00022528.jpg,3
data/sorted/plastic/00016524.jpg,4
data/sorted/metal/00021456.jpg,2
data/sorted/cardboard/00011288.jpg,0
data/sorted/plastic/00016512.jpg,4
data/sorted/plastic/00008551.jpg,4
data/sorted/plastic/00023650.jpg,4
data/sorted/glass/00004872.jpg,1
data/sorted/glass/00000665.jpg,1
data/sorted/plastic/00002107.jpg,4
data/sorted/cardboard/00002559.jpg,0
data/sorted/glass/00019176.jpg,1
data/sorted/glass/00005185.jpg,1
data/sorted/plastic/00023798.jpg,4
data/sorted/plastic/00024059.jpg,4
data/sorted/metal/00005769.jpg,2
data/sorted/metal/00005791.jpg,2
data/sorted/glass/00005158.jpg,1
data/sorted/paper/00006806.jpg,3
data/sorted/metal/00006295.jpg,2
data/sorted/paper/00007900.jpg,3
data/sorted/glass/00011843.jpg,1
data/sorted/plastic/00002388.jpg,4
data/sorted/plastic/00009244.jpg,4
data/sorted/cardboard/00010058.jpg,0
data/sorted/cardboard/00002899.jpg,0
data/sorted/glass/00005277.jpg,1
data/sorted/trash/00009656.jpg,5
data/sorted/paper/00014275.jpg,3
data/sorted/metal/00005828.jpg,2
data/sorted/cardboard/00018863.jpg,0
data/sorted/glass/00020548.jpg,1
data/sorted/glass/00011898.jpg,1
data/sorted/glass/00004646.jpg,1
data/sorted/glass/00000859.jpg,1
data/sorted/cardboard/00011337.jpg,0
data/sorted/plastic/00024137.jpg,4
data/sorted/glass/00011591.jpg,1
data/sorted/plastic/00008582.jpg,4
data/sorted/plastic/00016399.jpg,4
data/sorted/metal/00020629.jpg,2
data/sorted/glass/00020476.jpg,1
data/sorted/paper/00022732.jpg,3
data/sorted/cardboard/00003103.jpg,0
data/sorted/cardboard/00010849.jpg,0
data/sorted/paper/00007887.jpg,3
data/sorted/glass/00020417.jpg,1
data/sorted/glass/00011556.jpg,1
data/sorted/plastic/00022974.jpg,4
data/sorted/cardboard/00002944.jpg,0
data/sorted/paper/00001628.jpg,3
data/sorted/metal/00006039.jpg,2
data/sorted/metal/00021030.jpg,2
data/sorted/glass/00019589.jpg,1
data/sorted/metal/00021004.jpg,2
data/sorted/paper/00001661.jpg,3
data/sorted/paper/00007040.jpg,3
data/sorted/cardboard/00000308.jpg,0
data/sorted/paper/00006620.jpg,3
data/sorted/paper/00015036.jpg,3
data/sorted/glass/00005144.jpg,1
data/sorted/metal/00005709.jpg,2
data/sorted/glass/00004910.jpg,1
data/sorted/glass/00012071.jpg,1
data/sorted/glass/00003947.jpg,1
data/sorted/cardboard/00000151.jpg,0
data/sorted/paper/00007829.jpg,3
data/sorted/glass/00018914.jpg,1
data/sorted/cardboard/00010721.jpg,0
data/sorted/paper/00007710.jpg,3
data/sorted/paper/00015161.jpg,3
data/sorted/paper/00007677.jpg,3
data/sorted/glass/00011608.jpg,1
data/sorted/glass/00012578.jpg,1
data/sorted/cardboard/00018270.jpg,0
data/sorted/trash/00024864.jpg,5
data/sorted/paper/00022320.jpg,3
data/sorted/glass/00005469.jpg,1
data/sorted/paper/00014641.jpg,3
data/sorted/cardboard/00000077.jpg,0
data/sorted/glass/00004457.jpg,1
data/sorted/cardboard/00010581.jpg,0
data/sorted/paper/00006741.jpg,3
data/sorted/metal/00001299.jpg,2
data/sorted/glass/00012192.jpg,1
data/sorted/glass/00018918.jpg,1
data/sorted/glass/00019318.jpg,1
data/sorted/paper/00021999.jpg,3
data/sorted/paper/00014500.jpg,3
data/sorted/glass/00013005.jpg,1
data/sorted/glass/00004975.jpg,1
data/sorted/cardboard/00018699.jpg,0
data/sorted/plastic/00016585.jpg,4
data/sorted/trash/00002408.jpg,5
data/sorted/paper/00022007.jpg,3
data/sorted/metal/00020960.jpg,2
data/sorted/plastic/00023482.jpg,4
data/sorted/cardboard/00017628.jpg,0
data/sorted/paper/00022863.jpg,3
data/sorted/cardboard/00010320.jpg,0
data/sorted/metal/00001061.jpg,2
data/sorted/metal/00013234.jpg,2
data/sorted/plastic/00023834.jpg,4
data/sorted/plastic/00015778.jpg,4
data/sorted/paper/00022474.jpg,3
data/sorted/glass/00005328.jpg,1
data/sorted/metal/00005748.jpg,2
data/sorted/plastic/00008922.jpg,4
data/sorted/glass/00005215.jpg,1
data/sorted/cardboard/00000081.jpg,0
data/sorted/glass/00020034.jpg,1
data/sorted/trash/00024832.jpg,5
data/sorted/cardboard/00003330.jpg,0
data/sorted/paper/00014583.jpg,3
data/sorted/glass/00005016.jpg,1
data/sorted/trash/00009715.jpg,5
data/sorted/plastic/00016031.jpg,4
data/sorted/cardboard/00000002.jpg,0
data/sorted/cardboard/00010966.jpg,0
data/sorted/plastic/00009361.jpg,4
data/sorted/cardboard/00010533.jpg,0
data/sorted/plastic/00009390.jpg,4
data/sorted/plastic/00008421.jpg,4
data/sorted/plastic/00008045.jpg,4
data/sorted/cardboard/00010277.jpg,0
data/sorted/trash/00024859.jpg,5
data/sorted/paper/00007778.jpg,3
data/sorted/plastic/00002114.jpg,4
data/sorted/glass/00005592.jpg,1
data/sorted/plastic/00024164.jpg,4
data/sorted/paper/00015253.jpg,3
data/sorted/cardboard/00017655.jpg,0
data/sorted/cardboard/00003787.jpg,0
data/sorted/metal/00020657.jpg,2
data/sorted/metal/00001125.jpg,2
data/sorted/glass/00011589.jpg,1
data/sorted/paper/00007724.jpg,3
data/sorted/metal/00020628.jpg,2
data/sorted/cardboard/00003697.jpg,0
data/sorted/plastic/00024023.jpg,4
data/sorted/metal/00001307.jpg,2
data/sorted/glass/00003985.jpg,1
data/sorted/cardboard/00018433.jpg,0
data/sorted/plastic/00022961.jpg,4
data/sorted/metal/00020993.jpg,2
data/sorted/plastic/00023342.jpg,4
data/sorted/cardboard/00017836.jpg,0
data/sorted/paper/00014591.jpg,3
data/sorted/plastic/00016078.jpg,4
data/sorted/plastic/00009009.jpg,4
data/sorted/trash/00009833.jpg,5
data/sorted/cardboard/00017610.jpg,0
data/sorted/cardboard/00011165.jpg,0
data/sorted/glass/00011407.jpg,1
data/sorted/trash/00017200.jpg,5
data/sorted/metal/00013245.jpg,2
data/sorted/paper/00021935.jpg,3
data/sorted/glass/00018913.jpg,1
data/sorted/plastic/00024360.jpg,4
data/sorted/glass/00012962.jpg,1
data/sorted/glass/00012526.jpg,1
data/sorted/plastic/00015941.jpg,4
data/sorted/glass/00004973.jpg,1
data/sorted/plastic/00002305.jpg,4
data/sorted/metal/00005819.jpg,2
data/sorted/paper/00006822.jpg,3
data/sorted/plastic/00023244.jpg,4
data/sorted/paper/00006778.jpg,3
data/sorted/paper/00006893.jpg,3
data/sorted/plastic/00008474.jpg,4
data/sorted/cardboard/00017574.jpg,0
data/sorted/cardboard/00003934.jpg,0
data/sorted/paper/00022014.jpg,3
data/sorted/glass/00012236.jpg,1
data/sorted/metal/00006373.jpg,2
data/sorted/plastic/00016471.jpg,4
data/sorted/paper/00021923.jpg,3
data/sorted/glass/00000439.jpg,1
data/sorted/metal/00013254.jpg,2
data/sorted/paper/00007745.jpg,3
data/sorted/paper/00007075.jpg,3
data/sorted/glass/00005241.jpg,1
data/sorted/plastic/00008838.jpg,4
data/sorted/paper/00007866.jpg,3
data/sorted/metal/00006222.jpg,2
data/sorted/plastic/00009468.jpg,4
data/sorted/plastic/00008253.jpg,4
data/sorted/plastic/00016007.jpg,4
data/sorted/cardboard/00018354.jpg,0
data/sorted/trash/00024485.jpg,5
data/sorted/trash/00017425.jpg,5
data/sorted/metal/00013370.jpg,2
data/sorted/cardboard/00010756.jpg,0
data/sorted/paper/00021545.jpg,3
data/sorted/paper/00015294.jpg,3
data/sorted/paper/00021774.jpg,3
data/sorted/glass/00013092.jpg,1
data/sorted/glass/00012386.jpg,1
data/sorted/glass/00019680.jpg,1
data/sorted/plastic/00009409.jpg,4
data/sorted/paper/00007667.jpg,3
data/sorted/paper/00001523.jpg,3
data/sorted/glass/00011655.jpg,1
data/sorted/cardboard/00003329.jpg,0
data/sorted/plastic/00024083.jpg,4
data/sorted/cardboard/00010958.jpg,0
data/sorted/paper/00001530.jpg,3
data/sorted/paper/00021617.jpg,3
data/sorted/glass/00012972.jpg,1
data/sorted/glass/00012776.jpg,1
data/sorted/plastic/00024100.jpg,4
data/sorted/cardboard/00018019.jpg,0
data/sorted/glass/00005537.jpg,1
data/sorted/paper/00007697.jpg,3
data/sorted/cardboard/00003500.jpg,0
data/sorted/metal/00020994.jpg,2
data/sorted/paper/00014361.jpg,3
data/sorted/cardboard/00000363.jpg,0
data/sorted/trash/00009587.jpg,5
data/sorted/glass/00013027.jpg,1
data/sorted/cardboard/00018272.jpg,0
data/sorted/cardboard/00018442.jpg,0
data/sorted/paper/00007650.jpg,3
data/sorted/paper/00022783.jpg,3
data/sorted/trash/00009793.jpg,5
data/sorted/cardboard/00002570.jpg,0
data/sorted/trash/00017011.jpg,5
data/sorted/metal/00020844.jpg,2
data/sorted/metal/00020988.jpg,2
data/sorted/cardboard/00003481.jpg,0
data/sorted/paper/00022221.jpg,3
data/sorted/glass/00019746.jpg,1
data/sorted/glass/00011671.jpg,1
data/sorted/plastic/00024043.jpg,4
data/sorted/plastic/00002318.jpg,4
data/sorted/plastic/00024001.jpg,4
data/sorted/paper/00001339.jpg,3
data/sorted/cardboard/00018342.jpg,0
data/sorted/paper/00001508.jpg,3
data/sorted/plastic/00002381.jpg,4
data/sorted/plastic/00009348.jpg,4
data/sorted/glass/00013013.jpg,1
data/sorted/plastic/00023903.jpg,4
data/sorted/cardboard/00003662.jpg,0
data/sorted/glass/00013126.jpg,1
data/sorted/cardboard/00011328.jpg,0
data/sorted/plastic/00023631.jpg,4
data/sorted/trash/00017037.jpg,5
data/sorted/glass/00013134.jpg,1
data/sorted/metal/00021478.jpg,2
data/sorted/paper/00021616.jpg,3
data/sorted/cardboard/00017459.jpg,0
data/sorted/glass/00020580.jpg,1
data/sorted/glass/00012410.jpg,1
data/sorted/plastic/00024409.jpg,4
data/sorted/cardboard/00017735.jpg,0
data/sorted/glass/00005102.jpg,1
data/sorted/metal/00013613.jpg,2
data/sorted/paper/00022559.jpg,3
data/sorted/cardboard/00002850.jpg,0
data/sorted/trash/00009821.jpg,5
data/sorted/glass/00005434.jpg,1
data/sorted/cardboard/00002744.jpg,0
data/sorted/cardboard/00017528.jpg,0
data/sorted/cardboard/00010531.jpg,0
data/sorted/cardboard/00003924.jpg,0
data/sorted/plastic/00016405.jpg,4
data/sorted/metal/00013406.jpg,2
data/sorted/glass/00011436.jpg,1
data/sorted/paper/00014805.jpg,3
data/sorted/metal/00005747.jpg,2
data/sorted/paper/00014893.jpg,3
data/sorted/glass/00019601.jpg,1
data/sorted/plastic/00015785.jpg,4
data/sorted/cardboard/00017838.jpg,0
data/sorted/glass/00013028.jpg,1
data/sorted/glass/00004741.jpg,1
data/sorted/cardboard/00010578.jpg,0
data/sorted/glass/00020535.jpg,1
data/sorted/glass/00005137.jpg,1
data/sorted/plastic/00002239.jpg,4
data/sorted/glass/00004647.jpg,1
data/sorted/paper/00014632.jpg,3
data/sorted/plastic/00008231.jpg,4
data/sorted/glass/00011804.jpg,1
data/sorted/plastic/00023639.jpg,4
data/sorted/glass/00019666.jpg,1
data/sorted/metal/00013401.jpg,2
data/sorted/plastic/00015657.jpg,4
data/sorted/paper/00015163.jpg,3
data/sorted/glass/00019265.jpg,1
data/sorted/plastic/00016108.jpg,4
data/sorted/cardboard/00000154.jpg,0
data/sorted/metal/00021151.jpg,2
data/sorted/cardboard/00017661.jpg,0
data/sorted/plastic/00008771.jpg,4
data/sorted/glass/00004041.jpg,1
data/sorted/paper/00001855.jpg,3
data/sorted/plastic/00024101.jpg,4
data/sorted/paper/00014542.jpg,3
data/sorted/glass/00020115.jpg,1
data/sorted/cardboard/00011151.jpg,0
data/sorted/cardboard/00002718.jpg,0
data/sorted/paper/00007584.jpg,3
data/sorted/paper/00007390.jpg,3
data/sorted/plastic/00023852.jpg,4
data/sorted/glass/00012441.jpg,1
data/sorted/paper/00015271.jpg,3
data/sorted/cardboard/00017962.jpg,0
data/sorted/glass/00000500.jpg,1
data/sorted/glass/00019019.jpg,1
data/sorted/glass/00004801.jpg,1
data/sorted/metal/00013619.jpg,2
data/sorted/paper/00007534.jpg,3
data/sorted/glass/00011541.jpg,1
data/sorted/glass/00003959.jpg,1
data/sorted/metal/00013498.jpg,2
data/sorted/metal/00006051.jpg,2
data/sorted/glass/00004524.jpg,1
data/sorted/paper/00014501.jpg,3
data/sorted/plastic/00022982.jpg,4
data/sorted/plastic/00022932.jpg,4
data/sorted/plastic/00008509.jpg,4
data/sorted/glass/00011724.jpg,1
data/sorted/metal/00006298.jpg,2
data/sorted/glass/00004351.jpg,1
data/sorted/paper/00022502.jpg,3
data/sorted/cardboard/00010665.jpg,0
data/sorted/cardboard/00003394.jpg,0
data/sorted/glass/00013122.jpg,1
data/sorted/plastic/00023103.jpg,4
data/sorted/trash/00009893.jpg,5
data/sorted/metal/00013380.jpg,2
data/sorted/cardboard/00018106.jpg,0
data/sorted/trash/00009720.jpg,5
data/sorted/glass/00011619.jpg,1
data/sorted/cardboard/00011274.jpg,0
data/sorted/cardboard/00017572.jpg,0
data/sorted/glass/00018967.jpg,1
data/sorted/paper/00007765.jpg,3
data/sorted/plastic/00008596.jpg,4
data/sorted/cardboard/00000335.jpg,0
data/sorted/plastic/00008916.jpg,4
data/sorted/paper/00001449.jpg,3
data/sorted/plastic/00008556.jpg,4
data/sorted/glass/00019598.jpg,1
data/sorted/glass/00004122.jpg,1
data/sorted/cardboard/00010039.jpg,0
data/sorted/cardboard/00010910.jpg,0
data/sorted/glass/00005123.jpg,1
data/sorted/metal/00021248.jpg,2
data/sorted/paper/00022503.jpg,3
data/sorted/glass/00004135.jpg,1
data/sorted/paper/00006979.jpg,3
data/sorted/plastic/00016194.jpg,4
data/sorted/paper/00001716.jpg,3
data/sorted/metal/00021476.jpg,2
data/sorted/plastic/00023434.jpg,4
data/sorted/cardboard/00003194.jpg,0
data/sorted/glass/00012945.jpg,1
data/sorted/plastic/00009309.jpg,4
data/sorted/paper/00001778.jpg,3
data/sorted/paper/00022516.jpg,3
data/sorted/cardboard/00017591.jpg,0
data/sorted/plastic/00024212.jpg,4
data/sorted/glass/00004853.jpg,1
data/sorted/glass/00012754.jpg,1
data/sorted/trash/00017131.jpg,5
data/sorted/paper/00007688.jpg,3
data/sorted/plastic/00016003.jpg,4
data/sorted/cardboard/00003338.jpg,0
data/sorted/cardboard/00003678.jpg,0
data/sorted/glass/00005274.jpg,1
data/sorted/cardboard/00010218.jpg,0
data/sorted/cardboard/00011075.jpg,0
data/sorted/metal/00021202.jpg,2
data/sorted/paper/00007305.jpg,3
data/sorted/plastic/00002110.jpg,4
data/sorted/metal/00006011.jpg,2
data/sorted/cardboard/00000280.jpg,0
data/sorted/paper/00006655.jpg,3
data/sorted/cardboard/00018349.jpg,0
data/sorted/cardboard/00003699.jpg,0
data/sorted/cardboard/00010304.jpg,0
data/sorted/plastic/00002014.jpg,4
data/sorted/glass/00011865.jpg,1
data/sorted/glass/00004747.jpg,1
data/sorted/plastic/00023220.jpg,4
data/sorted/cardboard/00003256.jpg,0
data/sorted/glass/00003953.jpg,1
data/sorted/paper/00007423.jpg,3
data/sorted/trash/00024518.jpg,5
data/sorted/plastic/00016445.jpg,4
data/sorted/glass/00005358.jpg,1
data/sorted/metal/00001085.jpg,2
data/sorted/glass/00000548.jpg,1
data/sorted/glass/00012378.jpg,1
data/sorted/metal/00013883.jpg,2
data/sorted/glass/00004368.jpg,1
data/sorted/paper/00021672.jpg,3
data/sorted/plastic/00015839.jpg,4
data/sorted/cardboard/00017695.jpg,0
data/sorted/paper/00007666.jpg,3
data/sorted/glass/00018988.jpg,1
data/sorted/glass/00004188.jpg,1
data/sorted/plastic/00001972.jpg,4
data/sorted/paper/00014093.jpg,3
data/sorted/cardboard/00011136.jpg,0
data/sorted/plastic/00016578.jpg,4
data/sorted/paper/00001395.jpg,3
data/sorted/cardboard/00018147.jpg,0
data/sorted/cardboard/00000376.jpg,0
data/sorted/cardboard/00018576.jpg,0
data/sorted/plastic/00023379.jpg,4
data/sorted/plastic/00016806.jpg,4
data/sorted/trash/00017145.jpg,5
data/sorted/paper/00001681.jpg,3
data/sorted/glass/00013101.jpg,1
data/sorted/cardboard/00018228.jpg,0
data/sorted/plastic/00023975.jpg,4
data/sorted/glass/00000854.jpg,1
data/sorted/cardboard/00018094.jpg,0
data/sorted/paper/00014238.jpg,3
data/sorted/cardboard/00003811.jpg,0
data/sorted/cardboard/00011089.jpg,0
data/sorted/metal/00006502.jpg,2
data/sorted/glass/00019336.jpg,1
data/sorted/paper/00022055.jpg,3
data/sorted/paper/00007402.jpg,3
data/sorted/plastic/00024110.jpg,4
data/sorted/metal/00020633.jpg,2
data/sorted/glass/00019170.jpg,1
data/sorted/plastic/00008946.jpg,4
data/sorted/cardboard/00010171.jpg,0
data/sorted/plastic/00002374.jpg,4
data/sorted/plastic/00015981.jpg,4
data/sorted/glass/00011499.jpg,1
data/sorted/metal/00013419.jpg,2
data/sorted/glass/00019690.jpg,1
data/sorted/trash/00024830.jpg,5
data/sorted/glass/00019228.jpg,1
data/sorted/glass/00011766.jpg,1
data/sorted/glass/00011621.jpg,1
data/sorted/plastic/00016679.jpg,4
data/sorted/cardboard/00000128.jpg,0
data/sorted/trash/00024540.jpg,5
data/sorted/plastic/00024449.jpg,4
data/sorted/metal/00001305.jpg,2
data/sorted/plastic/00015850.jpg,4
data/sorted/cardboard/00002732.jpg,0
data/sorted/paper/00022420.jpg,3
data/sorted/glass/00012329.jpg,1
data/sorted/metal/00021112.jpg,2
data/sorted/metal/00005949.jpg,2
data/sorted/cardboard/00017945.jpg,0
data/sorted/glass/00019458.jpg,1
data/sorted/glass/00004672.jpg,1
data/sorted/plastic/00023625.jpg,4
data/sorted/paper/00007632.jpg,3
data/sorted/paper/00014240.jpg,3
data/sorted/paper/00021693.jpg,3
data/sorted/plastic/00008061.jpg,4
data/sorted/cardboard/00003452.jpg,0
data/sorted/cardboard/00003154.jpg,0
data/sorted/cardboard/00003381.jpg,0
data/sorted/cardboard/00003297.jpg,0
data/sorted/paper/00014871.jpg,3
data/sorted/cardboard/00003188.jpg,0
data/sorted/glass/00005156.jpg,1
data/sorted/paper/00007606.jpg,3
data/sorted/cardboard/00011352.jpg,0
data/sorted/cardboard/00003391.jpg,0
data/sorted/paper/00014132.jpg,3
data/sorted/cardboard/00003283.jpg,0
data/sorted/plastic/00023871.jpg,4
data/sorted/trash/00017329.jpg,5
data/sorted/plastic/00022956.jpg,4
data/sorted/cardboard/00011227.jpg,0
data/sorted/glass/00020464.jpg,1
data/sorted/cardboard/00010833.jpg,0
data/sorted/glass/00020421.jpg,1
data/sorted/metal/00013960.jpg,2
data/sorted/cardboard/00003078.jpg,0
data/sorted/cardboard/00011292.jpg,0
data/sorted/cardboard/00003848.jpg,0
data/sorted/plastic/00024430.jpg,4
data/sorted/paper/00015254.jpg,3
data/sorted/plastic/00016918.jpg,4
data/sorted/glass/00012816.jpg,1
data/sorted/metal/00013523.jpg,2
data/sorted/cardboard/00011067.jpg,0
data/sorted/glass/00012148.jpg,1
data/sorted/plastic/00024434.jpg,4
data/sorted/glass/00004625.jpg,1
data/sorted/glass/00012484.jpg,1
data/sorted/cardboard/00002872.jpg,0
data/sorted/trash/00024522.jpg,5
data/sorted/plastic/00023730.jpg,4
data/sorted/glass/00000707.jpg,1
data/sorted/paper/00006852.jpg,3
data/sorted/trash/00017134.jpg,5
data/sorted/glass/00011685.jpg,1
data/sorted/paper/00022334.jpg,3
data/sorted/paper/00015083.jpg,3
data/sorted/metal/00006234.jpg,2
data/sorted/metal/00021161.jpg,2
data/sorted/plastic/00009086.jpg,4
data/sorted/trash/00002480.jpg,5
data/sorted/metal/00013798.jpg,2
data/sorted/metal/00021299.jpg,2
data/sorted/metal/00006436.jpg,2
data/sorted/metal/00013478.jpg,2
data/sorted/cardboard/00010526.jpg,0
data/sorted/metal/00020954.jpg,2
data/sorted/plastic/00016861.jpg,4
data/sorted/cardboard/00011187.jpg,0
data/sorted/plastic/00016186.jpg,4
data/sorted/metal/00021336.jpg,2
data/sorted/glass/00012874.jpg,1
data/sorted/trash/00017405.jpg,5
data/sorted/plastic/00015893.jpg,4
data/sorted/plastic/00008028.jpg,4
data/sorted/plastic/00023559.jpg,4
data/sorted/glass/00005508.jpg,1
data/sorted/paper/00001762.jpg,3
data/sorted/plastic/00016737.jpg,4
data/sorted/metal/00021443.jpg,2
data/sorted/glass/00020399.jpg,1
data/sorted/metal/00006561.jpg,2
data/sorted/glass/00005129.jpg,1
data/sorted/paper/00007358.jpg,3
data/sorted/cardboard/00017697.jpg,0
data/sorted/glass/00012048.jpg,1
data/sorted/glass/00012428.jpg,1
data/sorted/paper/00006842.jpg,3
data/sorted/metal/00013348.jpg,2
data/sorted/metal/00006327.jpg,2
data/sorted/cardboard/00010108.jpg,0
data/sorted/paper/00021622.jpg,3
data/sorted/paper/00022084.jpg,3
data/sorted/cardboard/00002751.jpg,0
data/sorted/plastic/00023098.jpg,4
data/sorted/plastic/00016712.jpg,4
data/sorted/paper/00006726.jpg,3
data/sorted/plastic/00002152.jpg,4
data/sorted/glass/00019937.jpg,1
data/sorted/plastic/00016280.jpg,4
data/sorted/paper/00021883.jpg,3
data/sorted/trash/00024681.jpg,5
data/sorted/metal/00006237.jpg,2
data/sorted/paper/00022343.jpg,3
data/sorted/plastic/00015572.jpg,4
data/sorted/glass/00020422.jpg,1
data/sorted/plastic/00023070.jpg,4
data/sorted/cardboard/00003829.jpg,0
data/sorted/paper/00006958.jpg,3
data/sorted/cardboard/00003489.jpg,0
data/sorted/plastic/00016788.jpg,4
data/sorted/glass/00004717.jpg,1
data/sorted/glass/00004530.jpg,1
data/sorted/paper/00021630.jpg,3
data/sorted/trash/00009850.jpg,5
data/sorted/plastic/00008807.jpg,4
data/sorted/cardboard/00010088.jpg,0
data/sorted/plastic/00008089.jpg,4
data/sorted/glass/00011633.jpg,1
data/sorted/paper/00006840.jpg,3
data/sorted/trash/00017098.jpg,5
data/sorted/plastic/00023857.jpg,4
data/sorted/metal/00006120.jpg,2
data/sorted/metal/00013775.jpg,2
data/sorted/plastic/00024379.jpg,4
data/sorted/plastic/00015766.jpg,4
data/sorted/cardboard/00010775.jpg,0
data/sorted/plastic/00002164.jpg,4
data/sorted/metal/00000990.jpg,2
data/sorted/cardboard/00002647.jpg,0
data/sorted/paper/00015196.jpg,3
data/sorted/paper/00014188.jpg,3
data/sorted/paper/00007562.jpg,3
data/sorted/paper/00014220.jpg,3
data/sorted/paper/00022165.jpg,3
data/sorted/glass/00012170.jpg,1
data/sorted/paper/00021555.jpg,3
data/sorted/cardboard/00000221.jpg,0
data/sorted/cardboard/00018855.jpg,0
data/sorted/glass/00004923.jpg,1
data/sorted/paper/00021955.jpg,3
data/sorted/paper/00001754.jpg,3
data/sorted/metal/00006453.jpg,2
data/sorted/paper/00014825.jpg,3
data/sorted/cardboard/00018312.jpg,0
data/sorted/paper/00006680.jpg,3
data/sorted/paper/00014604.jpg,3
data/sorted/cardboard/00000286.jpg,0
data/sorted/glass/00004981.jpg,1
data/sorted/metal/00013993.jpg,2
data/sorted/glass/00011848.jpg,1
data/sorted/plastic/00008574.jpg,4
data/sorted/paper/00022152.jpg,3
data/sorted/paper/00007690.jpg,3
data/sorted/glass/00011553.jpg,1
data/sorted/trash/00002470.jpg,5
data/sorted/cardboard/00017737.jpg,0
data/sorted/paper/00014935.jpg,3
data/sorted/glass/00020586.jpg,1
data/sorted/cardboard/00017851.jpg,0
data/sorted/glass/00005275.jpg,1
data/sorted/metal/00021160.jpg,2
data/sorted/paper/00022330.jpg,3
data/sorted/plastic/00008393.jpg,4
data/sorted/cardboard/00010992.jpg,0
data/sorted/paper/00022490.jpg,3
data/sorted/plastic/00009060.jpg,4
data/sorted/glass/00019360.jpg,1
data/sorted/glass/00004273.jpg,1
data/sorted/metal/00013153.jpg,2
data/sorted/glass/00004186.jpg,1
data/sorted/plastic/00023182.jpg,4
data/sorted/metal/00001266.jpg,2
data/sorted/plastic/00024386.jpg,4
data/sorted/plastic/00015707.jpg,4
data/sorted/paper/00007443.jpg,3
data/sorted/trash/00009935.jpg,5
data/sorted/trash/00002434.jpg,5
data/sorted/glass/00019456.jpg,1
data/sorted/plastic/00002282.jpg,4
data/sorted/glass/00020558.jpg,1
data/sorted/glass/00012230.jpg,1
data/sorted/plastic/00015624.jpg,4
data/sorted/plastic/00024404.jpg,4
data/sorted/paper/00007460.jpg,3
data/sorted/cardboard/00003742.jpg,0
data/sorted/glass/00012652.jpg,1
data/sorted/plastic/00002211.jpg,4
data/sorted/plastic/00015421.jpg,4
data/sorted/glass/00004953.jpg,1
data/sorted/glass/00005569.jpg,1
data/sorted/glass/00005332.jpg,1
data/sorted/glass/00018946.jpg,1
data/sorted/glass/00019290.jpg,1
data/sorted/trash/00024854.jpg,5
data/sorted/cardboard/00018334.jpg,0
data/sorted/cardboard/00000217.jpg,0
data/sorted/metal/00006243.jpg,2
data/sorted/cardboard/00000052.jpg,0
data/sorted/metal/00013416.jpg,2
data/sorted/cardboard/00003779.jpg,0
data/sorted/plastic/00024450.jpg,4
data/sorted/cardboard/00002703.jpg,0
data/sorted/cardboard/00002758.jpg,0
data/sorted/paper/00007186.jpg,3
data/sorted/paper/00007034.jpg,3
data/sorted/trash/00002524.jpg,5
data/sorted/plastic/00024265.jpg,4
data/sorted/paper/00014927.jpg,3
data/sorted/metal/00013203.jpg,2
data/sorted/paper/00022647.jpg,3
data/sorted/glass/00012146.jpg,1
data/sorted/paper/00014733.jpg,3
data/sorted/metal/00013657.jpg,2
data/sorted/cardboard/00002951.jpg,0
data/sorted/glass/00019143.jpg,1
data/sorted/cardboard/00010331.jpg,0
data/sorted/cardboard/00002923.jpg,0
data/sorted/glass/00005619.jpg,1
data/sorted/plastic/00015765.jpg,4
data/sorted/metal/00021091.jpg,2
data/sorted/plastic/00008023.jpg,4
data/sorted/paper/00001660.jpg,3
data/sorted/trash/00009549.jpg,5
data/sorted/cardboard/00003281.jpg,0
data/sorted/paper/00001878.jpg,3
data/sorted/glass/00004465.jpg,1
data/sorted/glass/00019426.jpg,1
data/sorted/plastic/00023915.jpg,4
data/sorted/cardboard/00003113.jpg,0
data/sorted/cardboard/00017762.jpg,0
data/sorted/glass/00004192.jpg,1
data/sorted/glass/00005546.jpg,1
data/sorted/cardboard/00003057.jpg,0
data/sorted/cardboard/00003520.jpg,0
data/sorted/plastic/00023337.jpg,4
data/sorted/glass/00000460.jpg,1
data/sorted/metal/00013830.jpg,2
data/sorted/metal/00021065.jpg,2
data/sorted/cardboard/00003439.jpg,0
data/sorted/glass/00012697.jpg,1
data/sorted/paper/00007430.jpg,3
data/sorted/cardboard/00000298.jpg,0
data/sorted/plastic/00009452.jpg,4
data/sorted/cardboard/00010216.jpg,0
data/sorted/paper/00007818.jpg,3
data/sorted/cardboard/00003868.jpg,0
data/sorted/plastic/00002344.jpg,4
data/sorted/plastic/00015891.jpg,4
data/sorted/glass/00019587.jpg,1
data/sorted/paper/00007561.jpg,3
data/sorted/trash/00017298.jpg,5
data/sorted/trash/00024637.jpg,5
data/sorted/metal/00021465.jpg,2
data/sorted/plastic/00023736.jpg,4
data/sorted/plastic/00008590.jpg,4
data/sorted/cardboard/00011348.jpg,0
data/sorted/plastic/00016487.jpg,4
data/sorted/glass/00018941.jpg,1
data/sorted/plastic/00024225.jpg,4
data/sorted/plastic/00015915.jpg,4
data/sorted/plastic/00002199.jpg,4
data/sorted/paper/00022073.jpg,3
data/sorted/paper/00001688.jpg,3
data/sorted/paper/00015057.jpg,3
data/sorted/paper/00022348.jpg,3
data/sorted/trash/00017095.jpg,5
data/sorted/paper/00007342.jpg,3
data/sorted/paper/00014070.jpg,3
data/sorted/plastic/00008612.jpg,4
data/sorted/glass/00005094.jpg,1
data/sorted/glass/00020339.jpg,1
data/sorted/paper/00007788.jpg,3
data/sorted/plastic/00016236.jpg,4
data/sorted/metal/00006115.jpg,2
data/sorted/paper/00006891.jpg,3
data/sorted/trash/00024796.jpg,5
data/sorted/trash/00009805.jpg,5
data/sorted/glass/00012342.jpg,1
data/sorted/trash/00017023.jpg,5
data/sorted/cardboard/00018098.jpg,0
data/sorted/glass/00012571.jpg,1
data/sorted/glass/00004932.jpg,1
data/sorted/trash/00017346.jpg,5
data/sorted/paper/00007493.jpg,3
data/sorted/cardboard/00017549.jpg,0
data/sorted/glass/00004181.jpg,1
data/sorted/glass/00013137.jpg,1
data/sorted/paper/00006878.jpg,3
data/sorted/glass/00012556.jpg,1
data/sorted/trash/00009596.jpg,5
data/sorted/paper/00014177.jpg,3
data/sorted/metal/00021118.jpg,2
data/sorted/plastic/00024211.jpg,4
data/sorted/plastic/00008510.jpg,4
data/sorted/glass/00012508.jpg,1
data/sorted/metal/00021229.jpg,2
data/sorted/trash/00002461.jpg,5
data/sorted/cardboard/00017927.jpg,0
data/sorted/cardboard/00000144.jpg,0
data/sorted/metal/00013747.jpg,2
data/sorted/cardboard/00010322.jpg,0
data/sorted/glass/00011465.jpg,1
data/sorted/cardboard/00003036.jpg,0
data/sorted/glass/00012503.jpg,1
data/sorted/paper/00015011.jpg,3
data/sorted/metal/00021430.jpg,2
data/sorted/plastic/00008136.jpg,4
data/sorted/cardboard/00018826.jpg,0
data/sorted/plastic/00001943.jpg,4
data/sorted/plastic/00023212.jpg,4
data/sorted/paper/00001552.jpg,3
data/sorted/plastic/00015747.jpg,4
data/sorted/metal/00000943.jpg,2
data/sorted/cardboard/00017700.jpg,0
data/sorted/metal/00006061.jpg,2
data/sorted/paper/00014766.jpg,3
data/sorted/glass/00004854.jpg,1
data/sorted/cardboard/00000294.jpg,0
data/sorted/paper/00021784.jpg,3
data/sorted/paper/00015184.jpg,3
data/sorted/glass/00004724.jpg,1
data/sorted/cardboard/00002615.jpg,0
data/sorted/cardboard/00002785.jpg,0
data/sorted/paper/00007458.jpg,3
data/sorted/metal/00005710.jpg,2
data/sorted/plastic/00008460.jpg,4
data/sorted/glass/00019136.jpg,1
data/sorted/metal/00021154.jpg,2
data/sorted/cardboard/00000126.jpg,0
data/sorted/plastic/00022876.jpg,4
data/sorted/trash/00017318.jpg,5
data/sorted/paper/00001870.jpg,3
data/sorted/glass/00005055.jpg,1
data/sorted/glass/00020366.jpg,1
data/sorted/glass/00012689.jpg,1
data/sorted/plastic/00015668.jpg,4
data/sorted/plastic/00016781.jpg,4
data/sorted/metal/00001031.jpg,2
data/sorted/plastic/00002073.jpg,4
data/sorted/glass/00012908.jpg,1
data/sorted/glass/00004010.jpg,1
data/sorted/cardboard/00011361.jpg,0
data/sorted/cardboard/00010102.jpg,0
data/sorted/metal/00013991.jpg,2
data/sorted/cardboard/00010445.jpg,0
data/sorted/trash/00009576.jpg,5
data/sorted/paper/00022771.jpg,3
data/sorted/trash/00009667.jpg,5
data/sorted/glass/00019211.jpg,1
data/sorted/paper/00021592.jpg,3
data/sorted/glass/00004726.jpg,1
data/sorted/trash/00017315.jpg,5
data/sorted/cardboard/00002943.jpg,0
data/sorted/paper/00022429.jpg,3
data/sorted/trash/00017401.jpg,5
data/sorted/cardboard/00018325.jpg,0
data/sorted/plastic/00023683.jpg,4
data/sorted/glass/00019487.jpg,1
data/sorted/cardboard/00017684.jpg,0
data/sorted/paper/00014273.jpg,3
data/sorted/cardboard/00011335.jpg,0
data/sorted/plastic/00008030.jpg,4
data/sorted/cardboard/00003315.jpg,0
data/sorted/metal/00021361.jpg,2
data/sorted/trash/00009567.jpg,5
data/sorted/glass/00000780.jpg,1
data/sorted/plastic/00016462.jpg,4
data/sorted/plastic/00015979.jpg,4
data/sorted/glass/00005613.jpg,1
data/sorted/glass/00011750.jpg,1
data/sorted/metal/00020811.jpg,2
data/sorted/cardboard/00018573.jpg,0
data/sorted/plastic/00023602.jpg,4
data/sorted/cardboard/00000399.jpg,0
data/sorted/plastic/00023877.jpg,4
data/sorted/glass/00019891.jpg,1
data/sorted/glass/00011658.jpg,1
data/sorted/plastic/00023411.jpg,4
data/sorted/cardboard/00017738.jpg,0
data/sorted/metal/00001270.jpg,2
data/sorted/glass/00012196.jpg,1
data/sorted/glass/00004999.jpg,1
data/sorted/paper/00007762.jpg,3
data/sorted/cardboard/00018149.jpg,0
data/sorted/cardboard/00003149.jpg,0
data/sorted/glass/00004595.jpg,1
data/sorted/glass/00012803.jpg,1
data/sorted/glass/00004077.jpg,1
data/sorted/cardboard/00003275.jpg,0
data/sorted/plastic/00009445.jpg,4
data/sorted/glass/00000435.jpg,1
data/sorted/paper/00007354.jpg,3
data/sorted/cardboard/00002720.jpg,0
data/sorted/trash/00017351.jpg,5
data/sorted/paper/00007158.jpg,3
data/sorted/paper/00007355.jpg,3
data/sorted/glass/00004936.jpg,1
data/sorted/glass/00011638.jpg,1
data/sorted/paper/00022779.jpg,3
data/sorted/plastic/00024214.jpg,4
data/sorted/cardboard/00010000.jpg,0
data/sorted/metal/00001196.jpg,2
data/sorted/glass/00005606.jpg,1
data/sorted/metal/00013357.jpg,2
data/sorted/paper/00001393.jpg,3
data/sorted/plastic/00023647.jpg,4
data/sorted/paper/00014249.jpg,3
data/sorted/glass/00013014.jpg,1
data/sorted/plastic/00016989.jpg,4
data/sorted/cardboard/00002807.jpg,0
data/sorted/metal/00013399.jpg,2
data/sorted/trash/00017440.jpg,5
data/sorted/plastic/00016387.jpg,4
data/sorted/plastic/00009153.jpg,4
data/sorted/metal/00013707.jpg,2
data/sorted/glass/00018939.jpg,1
data/sorted/glass/00012915.jpg,1
data/sorted/glass/00004171.jpg,1
data/sorted/trash/00024604.jpg,5
data/sorted/glass/00013061.jpg,1
data/sorted/paper/00014521.jpg,3
data/sorted/metal/00013288.jpg,2
data/sorted/plastic/00002086.jpg,4
data/sorted/cardboard/00010770.jpg,0
data/sorted/plastic/00016509.jpg,4
data/sorted/plastic/00002220.jpg,4
data/sorted/plastic/00015550.jpg,4
data/sorted/plastic/00009283.jpg,4
data/sorted/metal/00020944.jpg,2
data/sorted/glass/00000714.jpg,1
data/sorted/trash/00009820.jpg,5
data/sorted/cardboard/00018414.jpg,0
data/sorted/glass/00000589.jpg,1
data/sorted/trash/00024746.jpg,5
data/sorted/paper/00001602.jpg,3
data/sorted/cardboard/00009991.jpg,0
data/sorted/metal/00013762.jpg,2
data/sorted/cardboard/00000033.jpg,0
data/sorted/plastic/00009398.jpg,4
data/sorted/cardboard/00017826.jpg,0
data/sorted/metal/00006572.jpg,2
data/sorted/glass/00019397.jpg,1
data/sorted/cardboard/00017582.jpg,0
data/sorted/glass/00000733.jpg,1
data/sorted/paper/00022191.jpg,3
data/sorted/paper/00022818.jpg,3
data/sorted/cardboard/00010207.jpg,0
data/sorted/paper/00022485.jpg,3
data/sorted/plastic/00024081.jpg,4
data/sorted/cardboard/00003423.jpg,0
data/sorted/plastic/00008785.jpg,4
data/sorted/metal/00020766.jpg,2
data/sorted/plastic/00024419.jpg,4
data/sorted/glass/00018897.jpg,1
data/sorted/paper/00022013.jpg,3
data/sorted/trash/00009575.jpg,5
data/sorted/cardboard/00002546.jpg,0
data/sorted/glass/00005580.jpg,1
data/sorted/cardboard/00017780.jpg,0
data/sorted/paper/00001320.jpg,3
data/sorted/paper/00014370.jpg,3
data/sorted/glass/00012385.jpg,1
data/sorted/plastic/00008751.jpg,4
data/sorted/metal/00006307.jpg,2
data/sorted/glass/00005566.jpg,1
data/sorted/metal/00020904.jpg,2
data/sorted/paper/00007817.jpg,3
data/sorted/cardboard/00003535.jpg,0
data/sorted/glass/00012540.jpg,1
data/sorted/metal/00005993.jpg,2
data/sorted/paper/00014579.jpg,3
data/sorted/plastic/00023382.jpg,4
data/sorted/glass/00018944.jpg,1
data/sorted/paper/00021714.jpg,3
data/sorted/cardboard/00003234.jpg,0
data/sorted/paper/00021537.jpg,3
data/sorted/trash/00017044.jpg,5
data/sorted/paper/00006606.jpg,3
data/sorted/metal/00013684.jpg,2
data/sorted/glass/00013131.jpg,1
data/sorted/glass/00005607.jpg,1
data/sorted/paper/00001831.jpg,3
data/sorted/cardboard/00003073.jpg,0
data/sorted/metal/00021367.jpg,2
data/sorted/plastic/00023096.jpg,4
data/sorted/metal/00001106.jpg,2
data/sorted/plastic/00008685.jpg,4
data/sorted/trash/00002493.jpg,5
data/sorted/paper/00014754.jpg,3
data/sorted/cardboard/00010090.jpg,0
data/sorted/paper/00021803.jpg,3
data/sorted/plastic/00024186.jpg,4
data/sorted/plastic/00016595.jpg,4
data/sorted/metal/00006403.jpg,2
data/sorted/plastic/00023597.jpg,4
data/sorted/plastic/00023030.jpg,4
data/sorted/cardboard/00017495.jpg,0
data/sorted/metal/00006340.jpg,2
data/sorted/paper/00007646.jpg,3
data/sorted/glass/00004490.jpg,1
data/sorted/paper/00006707.jpg,3
data/sorted/cardboard/00010075.jpg,0
data/sorted/glass/00011645.jpg,1
data/sorted/plastic/00007983.jpg,4
data/sorted/glass/00011698.jpg,1
data/sorted/paper/00014750.jpg,3
data/sorted/paper/00014415.jpg,3
data/sorted/cardboard/00010544.jpg,0
data/sorted/paper/00015357.jpg,3
data/sorted/paper/00014681.jpg,3
data/sorted/paper/00022319.jpg,3
data/sorted/plastic/00008462.jpg,4
data/sorted/paper/00007840.jpg,3
data/sorted/metal/00006587.jpg,2
data/sorted/plastic/00024040.jpg,4
data/sorted/trash/00009957.jpg,5
data/sorted/glass/00019148.jpg,1
data/sorted/cardboard/00018534.jpg,0
data/sorted/plastic/00015784.jpg,4
data/sorted/paper/00015248.jpg,3
data/sorted/plastic/00015880.jpg,4
data/sorted/cardboard/00003928.jpg,0
data/sorted/glass/00019870.jpg,1
data/sorted/glass/00011911.jpg,1
data/sorted/cardboard/00017476.jpg,0
data/sorted/paper/00014251.jpg,3
data/sorted/plastic/00023598.jpg,4
data/sorted/trash/00024653.jpg,5
data/sorted/paper/00007680.jpg,3
data/sorted/plastic/00015448.jpg,4
data/sorted/cardboard/00003555.jpg,0
data/sorted/cardboard/00018591.jpg,0
data/sorted/plastic/00008692.jpg,4
data/sorted/metal/00006446.jpg,2
data/sorted/cardboard/00010604.jpg,0
data/sorted/plastic/00009437.jpg,4
data/sorted/metal/00006338.jpg,2
data/sorted/trash/00002407.jpg,5
data/sorted/paper/00015309.jpg,3
data/sorted/plastic/00016047.jpg,4
data/sorted/metal/00013418.jpg,2
data/sorted/paper/00001783.jpg,3
data/sorted/glass/00020046.jpg,1
data/sorted/paper/00014662.jpg,3
data/sorted/paper/00001357.jpg,3
data/sorted/glass/00004894.jpg,1
data/sorted/paper/00022387.jpg,3
data/sorted/plastic/00008965.jpg,4
data/sorted/plastic/00023768.jpg,4
data/sorted/plastic/00016064.jpg,4
data/sorted/trash/00024706.jpg,5
data/sorted/glass/00019514.jpg,1
data/sorted/cardboard/00010401.jpg,0
data/sorted/trash/00009840.jpg,5
data/sorted/paper/00015092.jpg,3
data/sorted/plastic/00023459.jpg,4
data/sorted/plastic/00008429.jpg,4
data/sorted/glass/00011821.jpg,1
data/sorted/plastic/00024127.jpg,4
data/sorted/paper/00022054.jpg,3
data/sorted/paper/00014384.jpg,3
data/sorted/metal/00021262.jpg,2
data/sorted/cardboard/00018477.jpg,0
data/sorted/metal/00000968.jpg,2
data/sorted/metal/00013952.jpg,2
data/sorted/paper/00022739.jpg,3
data/sorted/metal/00000975.jpg,2
data/sorted/cardboard/00018407.jpg,0
data/sorted/paper/00007066.jpg,3
data/sorted/glass/00000805.jpg,1
data/sorted/glass/00004093.jpg,1
data/sorted/glass/00019530.jpg,1
data/sorted/plastic/00009201.jpg,4
data/sorted/metal/00006046.jpg,2
data/sorted/paper/00015147.jpg,3
data/sorted/paper/00007653.jpg,3
data/sorted/plastic/00009095.jpg,4
data/sorted/plastic/00002310.jpg,4
data/sorted/cardboard/00011145.jpg,0
data/sorted/paper/00021608.jpg,3
data/sorted/cardboard/00003647.jpg,0
data/sorted/glass/00004217.jpg,1
data/sorted/plastic/00008837.jpg,4
data/sorted/glass/00020073.jpg,1
data/sorted/paper/00001857.jpg,3
data/sorted/glass/00004863.jpg,1
data/sorted/metal/00013279.jpg,2
data/sorted/glass/00000855.jpg,1
data/sorted/metal/00001155.jpg,2
data/sorted/paper/00022392.jpg,3
data/sorted/plastic/00024458.jpg,4
data/sorted/paper/00006795.jpg,3
data/sorted/plastic/00023007.jpg,4
data/sorted/glass/00012600.jpg,1
data/sorted/plastic/00008968.jpg,4
data/sorted/paper/00015063.jpg,3
data/sorted/cardboard/00010232.jpg,0
data/sorted/paper/00022245.jpg,3
data/sorted/plastic/00002095.jpg,4
data/sorted/paper/00022192.jpg,3
data/sorted/paper/00022725.jpg,3
data/sorted/paper/00007779.jpg,3
data/sorted/paper/00015076.jpg,3
data/sorted/glass/00011984.jpg,1
data/sorted/paper/00014764.jpg,3
data/sorted/cardboard/00010927.jpg,0
data/sorted/cardboard/00010168.jpg,0
data/sorted/plastic/00024391.jpg,4
data/sorted/plastic/00023851.jpg,4
data/sorted/plastic/00008857.jpg,4
data/sorted/metal/00006375.jpg,2
data/sorted/glass/00019809.jpg,1
data/sorted/plastic/00023652.jpg,4
data/sorted/paper/00007045.jpg,3
data/sorted/cardboard/00003090.jpg,0
data/sorted/glass/00000418.jpg,1
data/sorted/trash/00009919.jpg,5
data/sorted/cardboard/00003178.jpg,0
data/sorted/cardboard/00000385.jpg,0
data/sorted/cardboard/00010274.jpg,0
data/sorted/cardboard/00018555.jpg,0
data/sorted/plastic/00023253.jpg,4
data/sorted/glass/00000604.jpg,1
data/sorted/glass/00019948.jpg,1
data/sorted/glass/00005526.jpg,1
data/sorted/plastic/00023945.jpg,4
data/sorted/glass/00019370.jpg,1
data/sorted/plastic/00024185.jpg,4
data/sorted/plastic/00016709.jpg,4
data/sorted/metal/00021448.jpg,2
data/sorted/glass/00019422.jpg,1
data/sorted/metal/00001173.jpg,2
data/sorted/cardboard/00003432.jpg,0
data/sorted/paper/00022724.jpg,3
data/sorted/plastic/00023746.jpg,4
data/sorted/paper/00007156.jpg,3
data/sorted/cardboard/00018804.jpg,0
data/sorted/glass/00012935.jpg,1
data/sorted/metal/00013484.jpg,2
data/sorted/cardboard/00018073.jpg,0
data/sorted/paper/00001376.jpg,3
data/sorted/metal/00001064.jpg,2
data/sorted/glass/00004022.jpg,1
data/sorted/trash/00009652.jpg,5
data/sorted/plastic/00008619.jpg,4
data/sorted/plastic/00016181.jpg,4
data/sorted/paper/00014453.jpg,3
data/sorted/paper/00021960.jpg,3
data/sorted/cardboard/00003788.jpg,0
data/sorted/glass/00003980.jpg,1
data/sorted/cardboard/00017761.jpg,0
data/sorted/paper/00001804.jpg,3
data/sorted/plastic/00008118.jpg,4
data/sorted/paper/00022182.jpg,3
data/sorted/plastic/00002113.jpg,4
data/sorted/plastic/00002006.jpg,4
data/sorted/metal/00013379.jpg,2
data/sorted/metal/00013456.jpg,2
data/sorted/paper/00006728.jpg,3
data/sorted/cardboard/00010098.jpg,0
data/sorted/plastic/00016954.jpg,4
data/sorted/plastic/00023921.jpg,4
data/sorted/cardboard/00010183.jpg,0
data/sorted/plastic/00015440.jpg,4
data/sorted/cardboard/00002585.jpg,0
data/sorted/plastic/00022886.jpg,4
data/sorted/metal/00005845.jpg,2
data/sorted/cardboard/00002660.jpg,0
data/sorted/glass/00011595.jpg,1
data/sorted/plastic/00016829.jpg,4
data/sorted/metal/00013430.jpg,2
data/sorted/cardboard/00017949.jpg,0
data/sorted/metal/00020647.jpg,2
data/sorted/metal/00021095.jpg,2
data/sorted/metal/00006432.jpg,2
data/sorted/paper/00014630.jpg,3
data/sorted/glass/00005149.jpg,1
data/sorted/glass/00019498.jpg,1
data/sorted/glass/00012316.jpg,1
data/sorted/cardboard/00018582.jpg,0
data/sorted/glass/00012117.jpg,1
data/sorted/glass/00013003.jpg,1
data/sorted/plastic/00015701.jpg,4
data/sorted/plastic/00008217.jpg,4
data/sorted/plastic/00009347.jpg,4
data/sorted/plastic/00002105.jpg,4
data/sorted/paper/00022310.jpg,3
data/sorted/paper/00015107.jpg,3
data/sorted/glass/00012694.jpg,1
data/sorted/plastic/00024253.jpg,4
data/sorted/glass/00004164.jpg,1
data/sorted/cardboard/00017751.jpg,0
data/sorted/glass/00004033.jpg,1
data/sorted/metal/00013225.jpg,2
data/sorted/cardboard/00017563.jpg,0
data/sorted/paper/00022257.jpg,3
data/sorted/glass/00011976.jpg,1
data/sorted/glass/00019505.jpg,1
data/sorted/trash/00017096.jpg,5
data/sorted/cardboard/00018195.jpg,0
data/sorted/glass/00020494.jpg,1
data/sorted/plastic/00022896.jpg,4
data/sorted/metal/00021073.jpg,2
data/sorted/glass/00012118.jpg,1
data/sorted/plastic/00002121.jpg,4
data/sorted/metal/00021149.jpg,2
data/sorted/cardboard/00017467.jpg,0
data/sorted/paper/00021632.jpg,3
data/sorted/plastic/00023855.jpg,4
data/sorted/plastic/00002023.jpg,4
data/sorted/cardboard/00010298.jpg,0
data/sorted/cardboard/00010295.jpg,0
data/sorted/glass/00000437.jpg,1
data/sorted/plastic/00015677.jpg,4
data/sorted/metal/00006364.jpg,2
data/sorted/paper/00007299.jpg,3
data/sorted/plastic/00016336.jpg,4
data/sorted/trash/00009909.jpg,5
data/sorted/glass/00020067.jpg,1
data/sorted/glass/00004657.jpg,1
data/sorted/plastic/00023704.jpg,4
data/sorted/plastic/00015545.jpg,4
data/sorted/plastic/00015702.jpg,4
data/sorted/trash/00002501.jpg,5
data/sorted/plastic/00009032.jpg,4
data/sorted/cardboard/00003690.jpg,0
data/sorted/cardboard/00018701.jpg,0
data/sorted/cardboard/00011161.jpg,0
data/sorted/cardboard/00002610.jpg,0
data/sorted/metal/00005742.jpg,2
data/sorted/cardboard/00010364.jpg,0
data/sorted/plastic/00008100.jpg,4
data/sorted/cardboard/00018242.jpg,0
data/sorted/glass/00020465.jpg,1
data/sorted/paper/00022208.jpg,3
data/sorted/metal/00021022.jpg,2
data/sorted/plastic/00023697.jpg,4
data/sorted/glass/00020092.jpg,1
data/sorted/glass/00020345.jpg,1
data/sorted/paper/00022688.jpg,3
data/sorted/glass/00012130.jpg,1
data/sorted/metal/00006195.jpg,2
data/sorted/paper/00015242.jpg,3
data/sorted/plastic/00009146.jpg,4
data/sorted/plastic/00008062.jpg,4
data/sorted/glass/00004878.jpg,1
data/sorted/glass/00020262.jpg,1
data/sorted/plastic/00023790.jpg,4
data/sorted/plastic/00022890.jpg,4
data/sorted/paper/00021546.jpg,3
data/sorted/glass/00019428.jpg,1
data/sorted/paper/00015039.jpg,3
data/sorted/plastic/00002315.jpg,4
data/sorted/plastic/00016904.jpg,4
data/sorted/glass/00004380.jpg,1
data/sorted/metal/00005952.jpg,2
data/sorted/glass/00011825.jpg,1
data/sorted/plastic/00023289.jpg,4
data/sorted/cardboard/00018664.jpg,0
data/sorted/metal/00013490.jpg,2
data/sorted/cardboard/00010084.jpg,0
data/sorted/paper/00001852.jpg,3
data/sorted/plastic/00015620.jpg,4
data/sorted/cardboard/00003892.jpg,0
data/sorted/cardboard/00003184.jpg,0
data/sorted/glass/00019544.jpg,1
data/sorted/glass/00020526.jpg,1
data/sorted/cardboard/00018532.jpg,0
data/sorted/cardboard/00011326.jpg,0
data/sorted/cardboard/00010094.jpg,0
data/sorted/glass/00004327.jpg,1
data/sorted/paper/00014664.jpg,3
data/sorted/plastic/00002045.jpg,4
data/sorted/metal/00005795.jpg,2
data/sorted/cardboard/00003764.jpg,0
data/sorted/cardboard/00018401.jpg,0
data/sorted/glass/00012823.jpg,1
data/sorted/cardboard/00017819.jpg,0
data/sorted/glass/00005386.jpg,1
data/sorted/glass/00012209.jpg,1
data/sorted/cardboard/00003127.jpg,0
data/sorted/paper/00015244.jpg,3
data/sorted/glass/00019200.jpg,1
data/sorted/cardboard/00010180.jpg,0
data/sorted/glass/00000679.jpg,1
data/sorted/cardboard/00003676.jpg,0
data/sorted/glass/00012151.jpg,1
data/sorted/paper/00022018.jpg,3
data/sorted/glass/00011647.jpg,1
data/sorted/paper/00014601.jpg,3
data/sorted/paper/00007468.jpg,3
data/sorted/plastic/00002169.jpg,4
data/sorted/glass/00019732.jpg,1
data/sorted/glass/00019583.jpg,1
data/sorted/metal/00013217.jpg,2
data/sorted/metal/00006178.jpg,2
data/sorted/cardboard/00010252.jpg,0
data/sorted/glass/00012872.jpg,1
data/sorted/paper/00014549.jpg,3
data/sorted/paper/00007555.jpg,3
data/sorted/paper/00015162.jpg,3
data/sorted/cardboard/00011307.jpg,0
data/sorted/paper/00006930.jpg,3
data/sorted/glass/00004018.jpg,1
data/sorted/cardboard/00000123.jpg,0
data/sorted/plastic/00023991.jpg,4
data/sorted/glass/00020133.jpg,1
data/sorted/glass/00000567.jpg,1
data/sorted/metal/00013525.jpg,2
data/sorted/glass/00005504.jpg,1
data/sorted/paper/00007726.jpg,3
data/sorted/trash/00002490.jpg,5
data/sorted/metal/00013894.jpg,2
data/sorted/plastic/00009310.jpg,4
data/sorted/cardboard/00002717.jpg,0
data/sorted/plastic/00016050.jpg,4
data/sorted/plastic/00023863.jpg,4
data/sorted/paper/00007035.jpg,3
data/sorted/paper/00021984.jpg,3
data/sorted/glass/00018902.jpg,1
data/sorted/trash/00017421.jpg,5
data/sorted/metal/00013879.jpg,2
data/sorted/metal/00021218.jpg,2
data/sorted/glass/00012692.jpg,1
data/sorted/metal/00005792.jpg,2
data/sorted/plastic/00001981.jpg,4
data/sorted/paper/00021937.jpg,3
data/sorted/trash/00017012.jpg,5
data/sorted/cardboard/00017834.jpg,0
data/sorted/glass/00004572.jpg,1
data/sorted/cardboard/00018811.jpg,0
data/sorted/paper/00015306.jpg,3
data/sorted/metal/00006545.jpg,2
data/sorted/cardboard/00017817.jpg,0
data/sorted/glass/00011489.jpg,1
data/sorted/glass/00005611.jpg,1
data/sorted/glass/00004766.jpg,1
data/sorted/paper/00022058.jpg,3
data/sorted/glass/00012176.jpg,1
data/sorted/metal/00006521.jpg,2
data/sorted/paper/00007737.jpg,3
data/sorted/plastic/00002299.jpg,4
data/sorted/cardboard/00018494.jpg,0
data/sorted/cardboard/00002786.jpg,0
data/sorted/plastic/00024243.jpg,4
data/sorted/paper/00014314.jpg,3
data/sorted/paper/00014956.jpg,3
data/sorted/glass/00005492.jpg,1
data/sorted/metal/00001006.jpg,2
data/sorted/cardboard/00000341.jpg,0
data/sorted/cardboard/00010507.jpg,0
data/sorted/cardboard/00018130.jpg,0
data/sorted/paper/00014293.jpg,3
data/sorted/cardboard/00017603.jpg,0
data/sorted/cardboard/00003341.jpg,0
data/sorted/metal/00001246.jpg,2
data/sorted/glass/00000723.jpg,1
data/sorted/cardboard/00010205.jpg,0
data/sorted/glass/00019767.jpg,1
data/sorted/glass/00011484.jpg,1
data/sorted/glass/00018935.jpg,1
data/sorted/glass/00011573.jpg,1
data/sorted/glass/00004087.jpg,1
data/sorted/plastic/00023266.jpg,4
data/sorted/cardboard/00010768.jpg,0
data/sorted/cardboard/00011135.jpg,0
data/sorted/paper/00021698.jpg,3
data/sorted/cardboard/00003809.jpg,0
data/sorted/metal/00005799.jpg,2
data/sorted/cardboard/00018428.jpg,0
data/sorted/cardboard/00002811.jpg,0
data/sorted/cardboard/00003177.jpg,0
data/sorted/trash/00009700.jpg,5
data/sorted/metal/00020704.jpg,2
data/sorted/glass/00019490.jpg,1
data/sorted/paper/00007438.jpg,3
data/sorted/paper/00014342.jpg,3
data/sorted/glass/00019400.jpg,1
data/sorted/glass/00012726.jpg,1
data/sorted/metal/00006451.jpg,2
data/sorted/trash/00002442.jpg,5
data/sorted/plastic/00016187.jpg,4
data/sorted/plastic/00015687.jpg,4
data/sorted/glass/00018927.jpg,1
data/sorted/plastic/00016863.jpg,4
data/sorted/cardboard/00011086.jpg,0
data/sorted/cardboard/00017987.jpg,0
data/sorted/plastic/00024285.jpg,4
data/sorted/cardboard/00017527.jpg,0
data/sorted/glass/00011739.jpg,1
data/sorted/trash/00009887.jpg,5
data/sorted/plastic/00001984.jpg,4
data/sorted/cardboard/00011221.jpg,0
data/sorted/glass/00020143.jpg,1
data/sorted/plastic/00008616.jpg,4
data/sorted/cardboard/00010652.jpg,0
data/sorted/glass/00005130.jpg,1
data/sorted/plastic/00024039.jpg,4
data/sorted/cardboard/00017959.jpg,0
data/sorted/plastic/00015872.jpg,4
data/sorted/paper/00001419.jpg,3
data/sorted/glass/00004071.jpg,1
data/sorted/cardboard/00003459.jpg,0
data/sorted/trash/00009917.jpg,5
data/sorted/paper/00014799.jpg,3
data/sorted/glass/00020406.jpg,1
data/sorted/cardboard/00003051.jpg,0
data/sorted/cardboard/00010690.jpg,0
data/sorted/glass/00011980.jpg,1
data/sorted/plastic/00016832.jpg,4
data/sorted/cardboard/00003466.jpg,0
data/sorted/trash/00017223.jpg,5
data/sorted/cardboard/00017456.jpg,0
data/sorted/plastic/00023034.jpg,4
data/sorted/plastic/00015415.jpg,4
data/sorted/paper/00015236.jpg,3
data/sorted/paper/00014776.jpg,3
data/sorted/trash/00024545.jpg,5
data/sorted/metal/00013152.jpg,2
data/sorted/paper/00007665.jpg,3
data/sorted/glass/00019417.jpg,1
data/sorted/plastic/00023218.jpg,4
data/sorted/plastic/00024034.jpg,4
data/sorted/trash/00017135.jpg,5
data/sorted/paper/00014158.jpg,3
data/sorted/metal/00013571.jpg,2
data/sorted/glass/00004804.jpg,1
data/sorted/glass/00019617.jpg,1
data/sorted/plastic/00015639.jpg,4
data/sorted/cardboard/00011150.jpg,0
data/sorted/plastic/00023900.jpg,4
data/sorted/cardboard/00011030.jpg,0
data/sorted/glass/00019407.jpg,1
data/sorted/plastic/00009120.jpg,4
data/sorted/glass/00020023.jpg,1
data/sorted/cardboard/00000024.jpg,0
data/sorted/glass/00011664.jpg,1
data/sorted/metal/00006281.jpg,2
data/sorted/metal/00013520.jpg,2
data/sorted/plastic/00009062.jpg,4
data/sorted/cardboard/00018276.jpg,0
data/sorted/plastic/00023329.jpg,4
data/sorted/paper/00015286.jpg,3
data/sorted/trash/00002485.jpg,5
data/sorted/plastic/00002247.jpg,4
data/sorted/cardboard/00018000.jpg,0
data/sorted/paper/00022518.jpg,3
data/sorted/metal/00021156.jpg,2
data/sorted/glass/00019815.jpg,1
data/sorted/glass/00012168.jpg,1
data/sorted/glass/00019974.jpg,1
data/sorted/plastic/00016852.jpg,4
data/sorted/cardboard/00017958.jpg,0
data/sorted/cardboard/00018440.jpg,0
data/sorted/plastic/00023581.jpg,4
data/sorted/plastic/00022883.jpg,4
data/sorted/plastic/00008944.jpg,4
data/sorted/metal/00006486.jpg,2
data/sorted/glass/00004483.jpg,1
data/sorted/glass/00018984.jpg,1
data/sorted/cardboard/00003311.jpg,0
data/sorted/metal/00005943.jpg,2
data/sorted/cardboard/00010365.jpg,0
data/sorted/cardboard/00017968.jpg,0
data/sorted/glass/00020134.jpg,1
data/sorted/glass/00000635.jpg,1
data/sorted/glass/00004460.jpg,1
data/sorted/plastic/00015541.jpg,4
data/sorted/glass/00020550.jpg,1
data/sorted/plastic/00002153.jpg,4
data/sorted/cardboard/00018230.jpg,0
data/sorted/metal/00000961.jpg,2
data/sorted/plastic/00008687.jpg,4
data/sorted/plastic/00016188.jpg,4
data/sorted/metal/00006549.jpg,2
data/sorted/paper/00001739.jpg,3
data/sorted/plastic/00016727.jpg,4
data/sorted/glass/00018896.jpg,1
data/sorted/paper/00014981.jpg,3
data/sorted/paper/00007041.jpg,3
data/sorted/glass/00012930.jpg,1
data/sorted/paper/00022482.jpg,3
data/sorted/cardboard/00010125.jpg,0
data/sorted/cardboard/00003898.jpg,0
data/sorted/trash/00009776.jpg,5
data/sorted/glass/00005037.jpg,1
data/sorted/plastic/00015996.jpg,4
data/sorted/glass/00020086.jpg,1
data/sorted/metal/00006279.jpg,2
data/sorted/metal/00013588.jpg,2
data/sorted/plastic/00008009.jpg,4
data/sorted/paper/00021662.jpg,3
data/sorted/plastic/00002093.jpg,4
data/sorted/metal/00014055.jpg,2
data/sorted/plastic/00008506.jpg,4
data/sorted/plastic/00015759.jpg,4
data/sorted/trash/00009875.jpg,5
data/sorted/glass/00019371.jpg,1
data/sorted/glass/00012394.jpg,1
data/sorted/trash/00002499.jpg,5
data/sorted/cardboard/00017812.jpg,0
data/sorted/paper/00015008.jpg,3
data/sorted/paper/00022473.jpg,3
data/sorted/cardboard/00010491.jpg,0
data/sorted/cardboard/00003862.jpg,0
data/sorted/metal/00001135.jpg,2
data/sorted/glass/00019736.jpg,1
data/sorted/glass/00000582.jpg,1
data/sorted/plastic/00008898.jpg,4
data/sorted/metal/00020921.jpg,2
data/sorted/paper/00015200.jpg,3
data/sorted/paper/00014862.jpg,3
data/sorted/glass/00012967.jpg,1
data/sorted/plastic/00015600.jpg,4
data/sorted/cardboard/00000058.jpg,0
data/sorted/paper/00007233.jpg,3
data/sorted/glass/00004084.jpg,1
data/sorted/metal/00021050.jpg,2
data/sorted/glass/00013064.jpg,1
data/sorted/cardboard/00010810.jpg,0
data/sorted/glass/00004016.jpg,1
data/sorted/metal/00005874.jpg,2
data/sorted/paper/00001799.jpg,3
data/sorted/cardboard/00000140.jpg,0
data/sorted/trash/00002438.jpg,5
data/sorted/cardboard/00003521.jpg,0
data/sorted/glass/00005664.jpg,1
data/sorted/paper/00001359.jpg,3
data/sorted/paper/00021700.jpg,3
data/sorted/plastic/00009300.jpg,4
data/sorted/glass/00012779.jpg,1
data/sorted/plastic/00002021.jpg,4
data/sorted/paper/00007397.jpg,3
data/sorted/glass/00020148.jpg,1
data/sorted/glass/00019672.jpg,1
data/sorted/paper/00014202.jpg,3
data/sorted/paper/00022184.jpg,3
data/sorted/cardboard/00002712.jpg,0
data/sorted/plastic/00008584.jpg,4
data/sorted/trash/00024805.jpg,5
data/sorted/cardboard/00011164.jpg,0
data/sorted/metal/00021398.jpg,2
data/sorted/cardboard/00010478.jpg,0
data/sorted/paper/00006710.jpg,3
data/sorted/cardboard/00010702.jpg,0
data/sorted/cardboard/00010952.jpg,0
data/sorted/cardboard/00002750.jpg,0
data/sorted/cardboard/00018546.jpg,0
data/sorted/cardboard/00003469.jpg,0
data/sorted/glass/00012174.jpg,1
data/sorted/paper/00007935.jpg,3
data/sorted/glass/00019961.jpg,1
data/sorted/paper/00022378.jpg,3
data/sorted/glass/00012216.jpg,1
data/sorted/cardboard/00011249.jpg,0
data/sorted/metal/00020929.jpg,2
data/sorted/paper/00015035.jpg,3
data/sorted/paper/00001670.jpg,3
data/sorted/glass/00003998.jpg,1
data/sorted/paper/00014827.jpg,3
data/sorted/cardboard/00003789.jpg,0
data/sorted/trash/00024718.jpg,5
data/sorted/glass/00011850.jpg,1
data/sorted/cardboard/00002855.jpg,0
data/sorted/metal/00020917.jpg,2
data/sorted/paper/00006722.jpg,3
data/sorted/metal/00020655.jpg,2
data/sorted/glass/00020025.jpg,1
data/sorted/metal/00006540.jpg,2
data/sorted/metal/00021212.jpg,2
data/sorted/cardboard/00011149.jpg,0
data/sorted/plastic/00023146.jpg,4
data/sorted/glass/00005034.jpg,1
data/sorted/plastic/00015589.jpg,4
data/sorted/cardboard/00018363.jpg,0
data/sorted/cardboard/00003288.jpg,0
data/sorted/plastic/00023719.jpg,4
data/sorted/plastic/00008564.jpg,4
data/sorted/plastic/00016309.jpg,4
data/sorted/paper/00015341.jpg,3
data/sorted/paper/00014254.jpg,3
data/sorted/trash/00017371.jpg,5
data/sorted/glass/00000454.jpg,1
data/sorted/metal/00000985.jpg,2
data/sorted/glass/00012594.jpg,1
data/sorted/plastic/00016197.jpg,4
data/sorted/plastic/00016129.jpg,4
data/sorted/metal/00001127.jpg,2
data/sorted/paper/00001677.jpg,3
data/sorted/metal/00006303.jpg,2
data/sorted/metal/00020810.jpg,2
data/sorted/metal/00013213.jpg,2
data/sorted/paper/00001802.jpg,3
data/sorted/paper/00007853.jpg,3
data/sorted/glass/00011892.jpg,1
data/sorted/cardboard/00003473.jpg,0
data/sorted/paper/00001331.jpg,3
data/sorted/cardboard/00017776.jpg,0
data/sorted/plastic/00023506.jpg,4
data/sorted/cardboard/00017683.jpg,0
data/sorted/trash/00017076.jpg,5
data/sorted/glass/00019576.jpg,1
data/sorted/plastic/00001960.jpg,4
data/sorted/cardboard/00018629.jpg,0
data/sorted/trash/00017360.jpg,5
data/sorted/metal/00001141.jpg,2
data/sorted/trash/00024590.jpg,5
data/sorted/glass/00019317.jpg,1
data/sorted/metal/00013333.jpg,2
data/sorted/metal/00005982.jpg,2
data/sorted/cardboard/00010107.jpg,0
data/sorted/glass/00020045.jpg,1
data/sorted/paper/00007225.jpg,3
data/sorted/cardboard/00011026.jpg,0
data/sorted/trash/00009827.jpg,5
data/sorted/metal/00006255.jpg,2
data/sorted/cardboard/00018760.jpg,0
data/sorted/cardboard/00018248.jpg,0
data/sorted/glass/00000646.jpg,1
data/sorted/glass/00012182.jpg,1
data/sorted/cardboard/00003046.jpg,0
data/sorted/paper/00014245.jpg,3
data/sorted/glass/00004889.jpg,1
data/sorted/plastic/00023192.jpg,4
data/sorted/plastic/00002324.jpg,4
data/sorted/plastic/00008585.jpg,4
data/sorted/plastic/00008664.jpg,4
data/sorted/plastic/00008226.jpg,4
data/sorted/metal/00001113.jpg,2
data/sorted/paper/00022397.jpg,3
data/sorted/glass/00011534.jpg,1
data/sorted/paper/00007852.jpg,3
data/sorted/glass/00019588.jpg,1
data/sorted/paper/00007859.jpg,3
data/sorted/plastic/00001976.jpg,4
data/sorted/trash/00024732.jpg,5
data/sorted/metal/00013549.jpg,2
data/sorted/plastic/00002342.jpg,4
data/sorted/cardboard/00010186.jpg,0
data/sorted/paper/00022664.jpg,3
data/sorted/trash/00009556.jpg,5
data/sorted/cardboard/00018095.jpg,0
data/sorted/cardboard/00010198.jpg,0
data/sorted/plastic/00016167.jpg,4
data/sorted/paper/00021944.jpg,3
data/sorted/plastic/00009419.jpg,4
data/sorted/plastic/00015555.jpg,4
data/sorted/paper/00001372.jpg,3
data/sorted/metal/00021294.jpg,2
data/sorted/cardboard/00017721.jpg,0
data/sorted/paper/00021763.jpg,3
data/sorted/metal/00005826.jpg,2
data/sorted/plastic/00009306.jpg,4
data/sorted/glass/00003974.jpg,1
data/sorted/cardboard/00000072.jpg,0
data/sorted/paper/00014457.jpg,3
data/sorted/plastic/00009199.jpg,4
data/sorted/plastic/00023743.jpg,4
data/sorted/metal/00006148.jpg,2
data/sorted/plastic/00024021.jpg,4
data/sorted/glass/00019678.jpg,1
data/sorted/plastic/00016255.jpg,4
data/sorted/glass/00019233.jpg,1
data/sorted/glass/00020521.jpg,1
data/sorted/glass/00000480.jpg,1
data/sorted/paper/00006928.jpg,3
data/sorted/plastic/00023368.jpg,4
data/sorted/glass/00000610.jpg,1
data/sorted/plastic/00008914.jpg,4
data/sorted/glass/00005470.jpg,1
data/sorted/metal/00006226.jpg,2
data/sorted/glass/00012928.jpg,1
data/sorted/paper/00007294.jpg,3
data/sorted/plastic/00016437.jpg,4
data/sorted/glass/00011622.jpg,1
data/sorted/paper/00022464.jpg,3
data/sorted/trash/00017091.jpg,5
data/sorted/metal/00020616.jpg,2
data/sorted/paper/00006647.jpg,3
data/sorted/paper/00014645.jpg,3
data/sorted/glass/00019455.jpg,1
data/sorted/paper/00022784.jpg,3
data/sorted/cardboard/00018412.jpg,0
data/sorted/plastic/00016939.jpg,4
data/sorted/cardboard/00003147.jpg,0
data/sorted/plastic/00007964.jpg,4
data/sorted/plastic/00016242.jpg,4
data/sorted/glass/00012420.jpg,1
data/sorted/glass/00012294.jpg,1
data/sorted/glass/00005259.jpg,1
data/sorted/glass/00011819.jpg,1
data/sorted/glass/00019717.jpg,1
data/sorted/glass/00012903.jpg,1
data/sorted/cardboard/00003548.jpg,0
data/sorted/glass/00011693.jpg,1
data/sorted/paper/00021665.jpg,3
data/sorted/glass/00000828.jpg,1
data/sorted/paper/00014101.jpg,3
data/sorted/glass/00012955.jpg,1
data/sorted/paper/00021869.jpg,3
data/sorted/metal/00013403.jpg,2
data/sorted/plastic/00007952.jpg,4
data/sorted/paper/00007152.jpg,3
data/sorted/plastic/00009402.jpg,4
data/sorted/metal/00001311.jpg,2
data/sorted/trash/00024888.jpg,5
data/sorted/paper/00001728.jpg,3
data/sorted/cardboard/00011318.jpg,0
data/sorted/cardboard/00017989.jpg,0
data/sorted/trash/00017054.jpg,5
data/sorted/glass/00019965.jpg,1
data/sorted/glass/00005549.jpg,1
data/sorted/cardboard/00000264.jpg,0
data/sorted/glass/00019837.jpg,1
data/sorted/paper/00006790.jpg,3
data/sorted/paper/00015259.jpg,3
data/sorted/glass/00019234.jpg,1
data/sorted/plastic/00008388.jpg,4
data/sorted/glass/00013039.jpg,1
data/sorted/paper/00007261.jpg,3
data/sorted/plastic/00008776.jpg,4
data/sorted/plastic/00023176.jpg,4
data/sorted/paper/00007587.jpg,3
data/sorted/trash/00017120.jpg,5
data/sorted/metal/00001117.jpg,2
data/sorted/plastic/00023223.jpg,4
data/sorted/metal/00020786.jpg,2
data/sorted/cardboard/00003197.jpg,0
data/sorted/glass/00004639.jpg,1
data/sorted/trash/00009600.jpg,5
data/sorted/metal/00006029.jpg,2
data/sorted/glass/00005657.jpg,1
data/sorted/plastic/00024370.jpg,4
data/sorted/glass/00004047.jpg,1
data/sorted/glass/00012537.jpg,1
data/sorted/glass/00012096.jpg,1
data/sorted/plastic/00016700.jpg,4
data/sorted/glass/00019744.jpg,1
data/sorted/metal/00021263.jpg,2
data/sorted/glass/00011423.jpg,1
data/sorted/trash/00017361.jpg,5
data/sorted/glass/00020594.jpg,1
data/sorted/cardboard/00018042.jpg,0
data/sorted/glass/00011579.jpg,1
data/sorted/trash/00009905.jpg,5
data/sorted/plastic/00008375.jpg,4
data/sorted/plastic/00015635.jpg,4
data/sorted/paper/00014187.jpg,3
data/sorted/paper/00022748.jpg,3
data/sorted/paper/00014330.jpg,3
data/sorted/metal/00014011.jpg,2
data/sorted/cardboard/00018040.jpg,0
data/sorted/plastic/00009364.jpg,4
data/sorted/plastic/00002150.jpg,4
data/sorted/glass/00005501.jpg,1
data/sorted/paper/00022539.jpg,3
data/sorted/paper/00022458.jpg,3
data/sorted/metal/00020648.jpg,2
data/sorted/plastic/00023677.jpg,4
data/sorted/plastic/00023234.jpg,4
data/sorted/cardboard/00003747.jpg,0
data/sorted/plastic/00016684.jpg,4
data/sorted/glass/00005408.jpg,1
data/sorted/trash/00024594.jpg,5
data/sorted/glass/00004140.jpg,1
data/sorted/cardboard/00010608.jpg,0
data/sorted/glass/00005208.jpg,1
data/sorted/trash/00009648.jpg,5
data/sorted/cardboard/00003220.jpg,0
data/sorted/plastic/00008094.jpg,4
data/sorted/paper/00007155.jpg,3
data/sorted/glass/00012576.jpg,1
data/sorted/cardboard/00010699.jpg,0
data/sorted/trash/00024599.jpg,5
data/sorted/paper/00007302.jpg,3
data/sorted/plastic/00008181.jpg,4
data/sorted/glass/00012049.jpg,1
data/sorted/glass/00004487.jpg,1
data/sorted/plastic/00024012.jpg,4
data/sorted/trash/00017304.jpg,5
data/sorted/metal/00020826.jpg,2
data/sorted/cardboard/00018126.jpg,0
data/sorted/plastic/00016300.jpg,4
data/sorted/glass/00012991.jpg,1
data/sorted/glass/00012302.jpg,1
data/sorted/plastic/00008126.jpg,4
data/sorted/plastic/00002155.jpg,4
data/sorted/paper/00014300.jpg,3
data/sorted/cardboard/00010834.jpg,0
data/sorted/paper/00022578.jpg,3
data/sorted/paper/00014888.jpg,3
data/sorted/paper/00015280.jpg,3
data/sorted/paper/00001886.jpg,3
data/sorted/paper/00022375.jpg,3
data/sorted/glass/00019897.jpg,1
data/sorted/glass/00003969.jpg,1
data/sorted/plastic/00024462.jpg,4
data/sorted/plastic/00016049.jpg,4
data/sorted/cardboard/00017888.jpg,0
data/sorted/glass/00012315.jpg,1
data/sorted/plastic/00016282.jpg,4
data/sorted/plastic/00009024.jpg,4
data/sorted/glass/00019770.jpg,1
data/sorted/paper/00021540.jpg,3
data/sorted/metal/00006221.jpg,2
data/sorted/glass/00012320.jpg,1
data/sorted/paper/00021874.jpg,3
data/sorted/metal/00006415.jpg,2
data/sorted/paper/00014239.jpg,3
data/sorted/plastic/00023983.jpg,4
data/sorted/plastic/00016229.jpg,4
data/sorted/paper/00001900.jpg,3
data/sorted/glass/00004435.jpg,1
data/sorted/trash/00024523.jpg,5
data/sorted/cardboard/00017626.jpg,0
data/sorted/cardboard/00018182.jpg,0
data/sorted/plastic/00023305.jpg,4
data/sorted/cardboard/00010925.jpg,0
data/sorted/plastic/00016045.jpg,4
data/sorted/paper/00014730.jpg,3
data/sorted/plastic/00016413.jpg,4
data/sorted/paper/00021609.jpg,3
data/sorted/paper/00022051.jpg,3
data/sorted/paper/00007228.jpg,3
data/sorted/metal/00021228.jpg,2
data/sorted/trash/00017063.jpg,5
data/sorted/trash/00024749.jpg,5
data/sorted/plastic/00023099.jpg,4
data/sorted/plastic/00024152.jpg,4
data/sorted/cardboard/00003166.jpg,0
data/sorted/cardboard/00018662.jpg,0
data/sorted/paper/00014106.jpg,3
data/sorted/cardboard/00003276.jpg,0
data/sorted/glass/00000836.jpg,1
data/sorted/plastic/00002311.jpg,4
data/sorted/metal/00005902.jpg,2
data/sorted/glass/00011816.jpg,1
data/sorted/cardboard/00011290.jpg,0
data/sorted/glass/00019977.jpg,1
data/sorted/metal/00013170.jpg,2
data/sorted/plastic/00023799.jpg,4
data/sorted/metal/00021396.jpg,2
data/sorted/metal/00020671.jpg,2
data/sorted/cardboard/00017664.jpg,0
data/sorted/plastic/00015848.jpg,4
data/sorted/metal/00020607.jpg,2
data/sorted/trash/00009968.jpg,5
data/sorted/cardboard/00010790.jpg,0
data/sorted/cardboard/00003104.jpg,0
data/sorted/plastic/00009196.jpg,4
data/sorted/plastic/00023043.jpg,4
data/sorted/plastic/00008434.jpg,4
data/sorted/trash/00017181.jpg,5
data/sorted/plastic/00015881.jpg,4
data/sorted/glass/00005183.jpg,1
data/sorted/plastic/00015416.jpg,4
data/sorted/trash/00017234.jpg,5
data/sorted/metal/00013457.jpg,2
data/sorted/paper/00022666.jpg,3
data/sorted/paper/00007424.jpg,3
data/sorted/trash/00009701.jpg,5
data/sorted/plastic/00008850.jpg,4
data/sorted/plastic/00023830.jpg,4
data/sorted/glass/00011813.jpg,1
data/sorted/glass/00011928.jpg,1
data/sorted/glass/00012421.jpg,1
data/sorted/glass/00012369.jpg,1
data/sorted/paper/00015084.jpg,3
data/sorted/plastic/00024302.jpg,4
data/sorted/paper/00022641.jpg,3
data/sorted/metal/00006099.jpg,2
data/sorted/cardboard/00003349.jpg,0
data/sorted/glass/00011884.jpg,1
data/sorted/metal/00006177.jpg,2
data/sorted/metal/00013492.jpg,2
data/sorted/cardboard/00018853.jpg,0
data/sorted/metal/00020930.jpg,2
data/sorted/cardboard/00010280.jpg,0
data/sorted/glass/00005254.jpg,1
data/sorted/plastic/00002066.jpg,4
data/sorted/plastic/00002170.jpg,4
data/sorted/cardboard/00003388.jpg,0
data/sorted/glass/00012035.jpg,1
data/sorted/glass/00011786.jpg,1
data/sorted/glass/00012718.jpg,1
data/sorted/paper/00007282.jpg,3
data/sorted/cardboard/00018422.jpg,0
data/sorted/cardboard/00000375.jpg,0
data/sorted/paper/00015025.jpg,3
data/sorted/glass/00004402.jpg,1
data/sorted/paper/00014080.jpg,3
data/sorted/plastic/00007946.jpg,4
data/sorted/paper/00022107.jpg,3
data/sorted/plastic/00015529.jpg,4
data/sorted/metal/00013758.jpg,2
data/sorted/paper/00014270.jpg,3
data/sorted/metal/00013384.jpg,2
data/sorted/glass/00011413.jpg,1
data/sorted/plastic/00022983.jpg,4
data/sorted/trash/00009929.jpg,5
data/sorted/cardboard/00017595.jpg,0
data/sorted/plastic/00016253.jpg,4
data/sorted/paper/00015177.jpg,3
data/sorted/paper/00001564.jpg,3
data/sorted/cardboard/00010145.jpg,0
data/sorted/plastic/00008230.jpg,4
data/sorted/plastic/00015463.jpg,4
data/sorted/paper/00014974.jpg,3
data/sorted/paper/00001362.jpg,3
data/sorted/paper/00022456.jpg,3
data/sorted/plastic/00016911.jpg,4
data/sorted/plastic/00015715.jpg,4
data/sorted/glass/00004776.jpg,1
data/sorted/paper/00015098.jpg,3
data/sorted/paper/00021967.jpg,3
data/sorted/plastic/00016924.jpg,4
data/sorted/glass/00004553.jpg,1
data/sorted/paper/00007064.jpg,3
data/sorted/paper/00022264.jpg,3
data/sorted/glass/00011487.jpg,1
data/sorted/trash/00009747.jpg,5
data/sorted/cardboard/00003037.jpg,0
data/sorted/cardboard/00010611.jpg,0
data/sorted/metal/00020788.jpg,2
data/sorted/plastic/00002180.jpg,4
data/sorted/plastic/00023864.jpg,4
data/sorted/glass/00020142.jpg,1
data/sorted/metal/00013154.jpg,2
data/sorted/paper/00006934.jpg,3
data/sorted/plastic/00023455.jpg,4
data/sorted/glass/00019817.jpg,1
data/sorted/plastic/00024232.jpg,4
data/sorted/cardboard/00018447.jpg,0
data/sorted/paper/00014919.jpg,3
data/sorted/trash/00024743.jpg,5
data/sorted/glass/00020457.jpg,1
data/sorted/plastic/00009280.jpg,4
data/sorted/glass/00019155.jpg,1
data/sorted/trash/00024515.jpg,5
data/sorted/paper/00001827.jpg,3
data/sorted/glass/00000712.jpg,1
data/sorted/glass/00011896.jpg,1
data/sorted/plastic/00024303.jpg,4
data/sorted/metal/00013785.jpg,2
data/sorted/plastic/00015591.jpg,4
data/sorted/paper/00022740.jpg,3
data/sorted/glass/00012296.jpg,1
data/sorted/trash/00024478.jpg,5
data/sorted/paper/00022624.jpg,3
data/sorted/glass/00005564.jpg,1
data/sorted/glass/00013000.jpg,1
data/sorted/plastic/00009376.jpg,4
data/sorted/glass/00012475.jpg,1
data/sorted/paper/00021859.jpg,3
data/sorted/glass/00020552.jpg,1
data/sorted/glass/00020173.jpg,1
data/sorted/metal/00013471.jpg,2
data/sorted/paper/00015060.jpg,3
data/sorted/cardboard/00003844.jpg,0
data/sorted/glass/00012646.jpg,1
data/sorted/cardboard/00011200.jpg,0
data/sorted/plastic/00008312.jpg,4
data/sorted/paper/00021657.jpg,3
data/sorted/glass/00019482.jpg,1
data/sorted/trash/00002454.jpg,5
data/sorted/cardboard/00010761.jpg,0
data/sorted/glass/00020194.jpg,1
data/sorted/glass/00020160.jpg,1
data/sorted/glass/00004149.jpg,1
data/sorted/plastic/00023752.jpg,4
data/sorted/plastic/00007951.jpg,4
data/sorted/glass/00012303.jpg,1
data/sorted/cardboard/00018188.jpg,0
data/sorted/plastic/00002129.jpg,4
data/sorted/glass/00019014.jpg,1
data/sorted/metal/00006027.jpg,2
data/sorted/cardboard/00010008.jpg,0
data/sorted/paper/00022060.jpg,3
data/sorted/glass/00012055.jpg,1
data/sorted/metal/00021036.jpg,2
data/sorted/plastic/00008593.jpg,4
data/sorted/plastic/00015955.jpg,4
data/sorted/plastic/00015486.jpg,4
data/sorted/paper/00001563.jpg,3
data/sorted/paper/00014195.jpg,3
data/sorted/paper/00022580.jpg,3
data/sorted/glass/00019051.jpg,1
data/sorted/trash/00017251.jpg,5
data/sorted/cardboard/00017766.jpg,0
data/sorted/trash/00024714.jpg,5
data/sorted/cardboard/00017593.jpg,0
data/sorted/metal/00001098.jpg,2
data/sorted/paper/00022811.jpg,3
data/sorted/plastic/00009171.jpg,4
data/sorted/paper/00007607.jpg,3
data/sorted/paper/00007214.jpg,3
data/sorted/paper/00007141.jpg,3
data/sorted/cardboard/00010151.jpg,0
data/sorted/plastic/00009117.jpg,4
data/sorted/cardboard/00018747.jpg,0
data/sorted/cardboard/00018208.jpg,0
data/sorted/paper/00007414.jpg,3
data/sorted/paper/00007614.jpg,3
data/sorted/glass/00019466.jpg,1
data/sorted/metal/00013900.jpg,2
data/sorted/cardboard/00010742.jpg,0
data/sorted/glass/00020498.jpg,1
data/sorted/cardboard/00003526.jpg,0
data/sorted/trash/00009807.jpg,5
data/sorted/metal/00021103.jpg,2
data/sorted/plastic/00024093.jpg,4
data/sorted/glass/00020234.jpg,1
data/sorted/plastic/00023403.jpg,4
data/sorted/trash/00002443.jpg,5
data/sorted/plastic/00008057.jpg,4
data/sorted/plastic/00008281.jpg,4
data/sorted/glass/00012101.jpg,1
data/sorted/cardboard/00017607.jpg,0
data/sorted/trash/00009870.jpg,5
data/sorted/cardboard/00018783.jpg,0
data/sorted/glass/00005225.jpg,1
data/sorted/glass/00004912.jpg,1
data/sorted/metal/00020744.jpg,2
data/sorted/metal/00000976.jpg,2
data/sorted/glass/00004444.jpg,1
data/sorted/glass/00000458.jpg,1
data/sorted/paper/00015059.jpg,3
data/sorted/cardboard/00000048.jpg,0
data/sorted/plastic/00024441.jpg,4
data/sorted/plastic/00002291.jpg,4
data/sorted/cardboard/00000082.jpg,0
data/sorted/cardboard/00010307.jpg,0
data/sorted/metal/00013768.jpg,2
data/sorted/glass/00004261.jpg,1
data/sorted/glass/00005443.jpg,1
data/sorted/paper/00022127.jpg,3
data/sorted/paper/00022391.jpg,3
data/sorted/paper/00007101.jpg,3
data/sorted/paper/00021800.jpg,3
data/sorted/glass/00019368.jpg,1
data/sorted/paper/00014072.jpg,3
data/sorted/cardboard/00017849.jpg,0
data/sorted/plastic/00016347.jpg,4
data/sorted/cardboard/00010794.jpg,0
data/sorted/metal/00020932.jpg,2
data/sorted/paper/00022812.jpg,3
data/sorted/paper/00007129.jpg,3
data/sorted/trash/00009716.jpg,5
data/sorted/cardboard/00018362.jpg,0
data/sorted/cardboard/00018690.jpg,0
data/sorted/paper/00014783.jpg,3
data/sorted/plastic/00024281.jpg,4
data/sorted/trash/00024649.jpg,5
data/sorted/glass/00005261.jpg,1
data/sorted/plastic/00008686.jpg,4
data/sorted/cardboard/00011332.jpg,0
data/sorted/cardboard/00017841.jpg,0
data/sorted/trash/00024887.jpg,5
data/sorted/cardboard/00010212.jpg,0
data/sorted/paper/00007312.jpg,3
data/sorted/metal/00005888.jpg,2
data/sorted/paper/00007916.jpg,3
data/sorted/cardboard/00018778.jpg,0
data/sorted/glass/00004838.jpg,1
data/sorted/paper/00015312.jpg,3
data/sorted/trash/00024656.jpg,5
data/sorted/glass/00000647.jpg,1
data/sorted/cardboard/00018686.jpg,0
data/sorted/cardboard/00017760.jpg,0
data/sorted/paper/00007684.jpg,3
data/sorted/paper/00014485.jpg,3
data/sorted/trash/00017069.jpg,5
data/sorted/paper/00001854.jpg,3
data/sorted/glass/00020382.jpg,1
data/sorted/metal/00021477.jpg,2
data/sorted/glass/00004771.jpg,1
data/sorted/glass/00004678.jpg,1
data/sorted/paper/00006691.jpg,3
data/sorted/glass/00000584.jpg,1
data/sorted/trash/00024871.jpg,5
data/sorted/plastic/00022887.jpg,4
data/sorted/cardboard/00017853.jpg,0
data/sorted/paper/00007824.jpg,3
data/sorted/metal/00005906.jpg,2
data/sorted/plastic/00024176.jpg,4
data/sorted/metal/00020617.jpg,2
data/sorted/glass/00019702.jpg,1
data/sorted/glass/00019582.jpg,1
data/sorted/paper/00007116.jpg,3
data/sorted/paper/00006694.jpg,3
data/sorted/paper/00021906.jpg,3
data/sorted/paper/00014843.jpg,3
data/sorted/cardboard/00018785.jpg,0
data/sorted/glass/00019644.jpg,1
data/sorted/metal/00013337.jpg,2
data/sorted/cardboard/00002600.jpg,0
data/sorted/plastic/00016208.jpg,4
data/sorted/glass/00013105.jpg,1
data/sorted/paper/00015128.jpg,3
data/sorted/trash/00002397.jpg,5
data/sorted/metal/00006474.jpg,2
data/sorted/plastic/00016819.jpg,4
data/sorted/plastic/00015495.jpg,4
data/sorted/cardboard/00017730.jpg,0
data/sorted/metal/00013999.jpg,2
data/sorted/cardboard/00017743.jpg,0
data/sorted/plastic/00008599.jpg,4
data/sorted/glass/00012662.jpg,1
data/sorted/trash/00009560.jpg,5
data/sorted/cardboard/00002569.jpg,0
data/sorted/metal/00013678.jpg,2
data/sorted/trash/00009880.jpg,5
data/sorted/plastic/00009441.jpg,4
data/sorted/glass/00000505.jpg,1
data/sorted/glass/00012545.jpg,1
data/sorted/paper/00021977.jpg,3
data/sorted/plastic/00023426.jpg,4
data/sorted/paper/00006687.jpg,3
data/sorted/glass/00019071.jpg,1
data/sorted/glass/00019906.jpg,1
data/sorted/plastic/00008876.jpg,4
data/sorted/trash/00009728.jpg,5
data/sorted/trash/00009757.jpg,5
data/sorted/plastic/00009327.jpg,4
data/sorted/plastic/00009040.jpg,4
data/sorted/cardboard/00000299.jpg,0
data/sorted/cardboard/00010346.jpg,0
data/sorted/glass/00000642.jpg,1
data/sorted/paper/00022178.jpg,3
data/sorted/plastic/00023132.jpg,4
data/sorted/plastic/00008798.jpg,4
data/sorted/glass/00019524.jpg,1
data/sorted/plastic/00024131.jpg,4
data/sorted/cardboard/00003273.jpg,0
data/sorted/paper/00001724.jpg,3
data/sorted/cardboard/00010662.jpg,0
data/sorted/glass/00019044.jpg,1
data/sorted/trash/00009629.jpg,5
data/sorted/cardboard/00010609.jpg,0
data/sorted/glass/00020227.jpg,1
data/sorted/cardboard/00011296.jpg,0
data/sorted/plastic/00002174.jpg,4
data/sorted/plastic/00024219.jpg,4
data/sorted/metal/00013180.jpg,2
data/sorted/cardboard/00000251.jpg,0
data/sorted/paper/00021976.jpg,3
data/sorted/paper/00007434.jpg,3
data/sorted/paper/00021593.jpg,3
data/sorted/metal/00006309.jpg,2
data/sorted/metal/00006560.jpg,2
data/sorted/metal/00021045.jpg,2
data/sorted/plastic/00016959.jpg,4
data/sorted/plastic/00023491.jpg,4
data/sorted/plastic/00023885.jpg,4
data/sorted/paper/00021614.jpg,3
data/sorted/metal/00001256.jpg,2
data/sorted/metal/00006569.jpg,2
data/sorted/cardboard/00003310.jpg,0
data/sorted/metal/00014031.jpg,2
data/sorted/plastic/00008448.jpg,4
data/sorted/glass/00019062.jpg,1
data/sorted/metal/00006372.jpg,2
data/sorted/glass/00012980.jpg,1
data/sorted/paper/00007413.jpg,3
data/sorted/cardboard/00002698.jpg,0
data/sorted/cardboard/00002783.jpg,0
data/sorted/paper/00022171.jpg,3
data/sorted/plastic/00023726.jpg,4
data/sorted/paper/00014103.jpg,3
data/sorted/glass/00019334.jpg,1
data/sorted/glass/00005565.jpg,1
data/sorted/metal/00020624.jpg,2
data/sorted/paper/00014520.jpg,3
data/sorted/glass/00020599.jpg,1
data/sorted/trash/00024803.jpg,5
data/sorted/plastic/00015653.jpg,4
data/sorted/trash/00024576.jpg,5
data/sorted/paper/00007056.jpg,3
data/sorted/trash/00002441.jpg,5
data/sorted/paper/00007283.jpg,3
data/sorted/plastic/00024344.jpg,4
data/sorted/plastic/00008768.jpg,4
data/sorted/paper/00007881.jpg,3
data/sorted/plastic/00008883.jpg,4
data/sorted/trash/00009771.jpg,5
data/sorted/glass/00004738.jpg,1
data/sorted/paper/00015377.jpg,3
data/sorted/metal/00005934.jpg,2
data/sorted/metal/00013550.jpg,2
data/sorted/metal/00013183.jpg,2
data/sorted/paper/00021599.jpg,3
data/sorted/cardboard/00003815.jpg,0
data/sorted/glass/00011834.jpg,1
data/sorted/glass/00020371.jpg,1
data/sorted/metal/00014061.jpg,2
data/sorted/metal/00005779.jpg,2
data/sorted/plastic/00001998.jpg,4
data/sorted/plastic/00023213.jpg,4
data/sorted/paper/00007059.jpg,3
data/sorted/glass/00013132.jpg,1
data/sorted/paper/00022023.jpg,3
data/sorted/paper/00014811.jpg,3
data/sorted/metal/00006151.jpg,2
data/sorted/plastic/00015838.jpg,4
data/sorted/paper/00007174.jpg,3
data/sorted/cardboard/00018065.jpg,0
data/sorted/trash/00002523.jpg,5
data/sorted/plastic/00009057.jpg,4
data/sorted/paper/00022369.jpg,3
data/sorted/cardboard/00018083.jpg,0
data/sorted/plastic/00008035.jpg,4
data/sorted/cardboard/00003279.jpg,0
data/sorted/paper/00001562.jpg,3
data/sorted/metal/00013555.jpg,2
data/sorted/paper/00015019.jpg,3
data/sorted/paper/00022505.jpg,3
data/sorted/cardboard/00002979.jpg,0
data/sorted/trash/00017290.jpg,5
data/sorted/glass/00012564.jpg,1
data/sorted/glass/00004797.jpg,1
data/sorted/plastic/00015962.jpg,4
data/sorted/metal/00020699.jpg,2
data/sorted/plastic/00015616.jpg,4
data/sorted/glass/00012462.jpg,1
data/sorted/metal/00006435.jpg,2
data/sorted/plastic/00022980.jpg,4
data/sorted/cardboard/00003777.jpg,0
data/sorted/glass/00000588.jpg,1
data/sorted/cardboard/00000196.jpg,0
data/sorted/paper/00015178.jpg,3
data/sorted/paper/00007024.jpg,3
data/sorted/paper/00007668.jpg,3
data/sorted/glass/00000860.jpg,1
data/sorted/metal/00021418.jpg,2
data/sorted/glass/00019855.jpg,1
data/sorted/plastic/00001982.jpg,4
data/sorted/plastic/00016343.jpg,4
data/sorted/metal/00006166.jpg,2
data/sorted/paper/00014467.jpg,3
data/sorted/cardboard/00003926.jpg,0
data/sorted/glass/00012976.jpg,1
data/sorted/plastic/00008523.jpg,4
data/sorted/glass/00011969.jpg,1
data/sorted/paper/00021886.jpg,3
data/sorted/paper/00022183.jpg,3
data/sorted/glass/00005557.jpg,1
data/sorted/paper/00015047.jpg,3
data/sorted/cardboard/00018143.jpg,0
data/sorted/cardboard/00010402.jpg,0
data/sorted/cardboard/00003244.jpg,0
data/sorted/glass/00004433.jpg,1
data/sorted/cardboard/00011020.jpg,0
data/sorted/paper/00021751.jpg,3
data/sorted/paper/00014917.jpg,3
data/sorted/paper/00007118.jpg,3
data/sorted/glass/00005413.jpg,1
data/sorted/paper/00021638.jpg,3
data/sorted/plastic/00022986.jpg,4
data/sorted/paper/00007897.jpg,3
data/sorted/glass/00004897.jpg,1
data/sorted/glass/00011634.jpg,1
data/sorted/cardboard/00000054.jpg,0
data/sorted/glass/00020346.jpg,1
data/sorted/paper/00001897.jpg,3
data/sorted/paper/00014081.jpg,3
data/sorted/paper/00021940.jpg,3
data/sorted/cardboard/00018286.jpg,0
data/sorted/paper/00007043.jpg,3
data/sorted/trash/00024664.jpg,5
data/sorted/plastic/00015606.jpg,4
data/sorted/metal/00006302.jpg,2
data/sorted/glass/00000865.jpg,1
data/sorted/glass/00018868.jpg,1
data/sorted/paper/00006807.jpg,3
data/sorted/plastic/00009077.jpg,4
data/sorted/trash/00009811.jpg,5
data/sorted/cardboard/00003891.jpg,0
data/sorted/glass/00020043.jpg,1
data/sorted/cardboard/00018752.jpg,0
data/sorted/glass/00004158.jpg,1
data/sorted/plastic/00008900.jpg,4
data/sorted/cardboard/00010490.jpg,0
data/sorted/glass/00005578.jpg,1
data/sorted/plastic/00016422.jpg,4
data/sorted/paper/00014332.jpg,3
data/sorted/plastic/00016621.jpg,4
data/sorted/paper/00007362.jpg,3
data/sorted/paper/00007763.jpg,3
data/sorted/cardboard/00018802.jpg,0
data/sorted/glass/00004539.jpg,1
data/sorted/metal/00005753.jpg,2
data/sorted/glass/00011887.jpg,1
data/sorted/plastic/00023879.jpg,4
data/sorted/trash/00009574.jpg,5
data/sorted/metal/00006352.jpg,2
data/sorted/plastic/00016976.jpg,4
data/sorted/glass/00012737.jpg,1
data/sorted/cardboard/00018634.jpg,0
data/sorted/metal/00013435.jpg,2
data/sorted/glass/00012458.jpg,1
data/sorted/paper/00022595.jpg,3
data/sorted/trash/00002510.jpg,5
data/sorted/plastic/00016392.jpg,4
data/sorted/metal/00001013.jpg,2
data/sorted/metal/00013296.jpg,2
data/sorted/plastic/00008843.jpg,4
data/sorted/cardboard/00011176.jpg,0
data/sorted/trash/00009981.jpg,5
data/sorted/glass/00012830.jpg,1
data/sorted/plastic/00023356.jpg,4
data/sorted/plastic/00002099.jpg,4
data/sorted/paper/00022111.jpg,3
data/sorted/trash/00009601.jpg,5
data/sorted/cardboard/00003132.jpg,0
data/sorted/glass/00004961.jpg,1
data/sorted/paper/00021794.jpg,3
data/sorted/paper/00006907.jpg,3
data/sorted/paper/00022219.jpg,3
data/sorted/cardboard/00003390.jpg,0
data/sorted/glass/00019972.jpg,1
data/sorted/paper/00007669.jpg,3
data/sorted/plastic/00002303.jpg,4
data/sorted/paper/00007189.jpg,3
data/sorted/glass/00019398.jpg,1
data/sorted/metal/00013585.jpg,2
data/sorted/cardboard/00018757.jpg,0
data/sorted/glass/00004218.jpg,1
data/sorted/glass/00011626.jpg,1
data/sorted/plastic/00016142.jpg,4
data/sorted/paper/00001381.jpg,3
data/sorted/metal/00013303.jpg,2
data/sorted/paper/00014992.jpg,3
data/sorted/cardboard/00000029.jpg,0
data/sorted/trash/00009930.jpg,5
data/sorted/paper/00021538.jpg,3
data/sorted/glass/00004718.jpg,1
data/sorted/glass/00012338.jpg,1
data/sorted/glass/00005090.jpg,1
data/sorted/paper/00007845.jpg,3
data/sorted/plastic/00008909.jpg,4
data/sorted/cardboard/00017634.jpg,0
data/sorted/paper/00015185.jpg,3
data/sorted/metal/00014024.jpg,2
data/sorted/plastic/00023155.jpg,4
data/sorted/plastic/00016210.jpg,4
data/sorted/glass/00020427.jpg,1
data/sorted/paper/00007332.jpg,3
data/sorted/cardboard/00002857.jpg,0
data/sorted/plastic/00008787.jpg,4
data/sorted/glass/00003963.jpg,1
data/sorted/paper/00014437.jpg,3
data/sorted/paper/00014663.jpg,3
data/sorted/paper/00022243.jpg,3
data/sorted/plastic/00007998.jpg,4
data/sorted/paper/00015249.jpg,3
data/sorted/cardboard/00017625.jpg,0
data/sorted/paper/00015382.jpg,3
data/sorted/metal/00020882.jpg,2
data/sorted/cardboard/00018714.jpg,0
data/sorted/plastic/00009302.jpg,4
data/sorted/trash/00017265.jpg,5
data/sorted/plastic/00015811.jpg,4
data/sorted/cardboard/00017715.jpg,0
data/sorted/cardboard/00018348.jpg,0
data/sorted/trash/00024787.jpg,5
data/sorted/cardboard/00011342.jpg,0
data/sorted/paper/00014086.jpg,3
data/sorted/glass/00004238.jpg,1
data/sorted/cardboard/00018003.jpg,0
data/sorted/cardboard/00003875.jpg,0
data/sorted/plastic/00023010.jpg,4
data/sorted/paper/00015350.jpg,3
data/sorted/metal/00013376.jpg,2
data/sorted/cardboard/00000229.jpg,0
data/sorted/glass/00004185.jpg,1
data/sorted/glass/00004505.jpg,1
data/sorted/plastic/00023645.jpg,4
data/sorted/trash/00017221.jpg,5
data/sorted/glass/00019867.jpg,1
data/sorted/cardboard/00017840.jpg,0
data/sorted/metal/00021157.jpg,2
data/sorted/glass/00004283.jpg,1
data/sorted/metal/00001214.jpg,2
data/sorted/paper/00007193.jpg,3
data/sorted/cardboard/00010449.jpg,0
data/sorted/glass/00000466.jpg,1
data/sorted/cardboard/00010998.jpg,0
data/sorted/glass/00011435.jpg,1
data/sorted/cardboard/00017488.jpg,0
data/sorted/cardboard/00017952.jpg,0
data/sorted/cardboard/00010646.jpg,0
data/sorted/plastic/00007956.jpg,4
data/sorted/plastic/00008199.jpg,4
data/sorted/cardboard/00011178.jpg,0
data/sorted/cardboard/00018565.jpg,0
data/sorted/plastic/00009000.jpg,4
data/sorted/paper/00014419.jpg,3
data/sorted/paper/00006605.jpg,3
data/sorted/metal/00021194.jpg,2
data/sorted/paper/00014762.jpg,3
data/sorted/metal/00020739.jpg,2
data/sorted/glass/00012946.jpg,1
data/sorted/glass/00011765.jpg,1
data/sorted/cardboard/00017889.jpg,0
data/sorted/metal/00020656.jpg,2
data/sorted/glass/00004201.jpg,1
data/sorted/glass/00000682.jpg,1
data/sorted/metal/00020853.jpg,2
data/sorted/glass/00019822.jpg,1
data/sorted/cardboard/00002694.jpg,0
data/sorted/cardboard/00003426.jpg,0
data/sorted/glass/00020325.jpg,1
data/sorted/paper/00022226.jpg,3
data/sorted/paper/00015031.jpg,3
data/sorted/metal/00021135.jpg,2
data/sorted/cardboard/00017518.jpg,0
data/sorted/cardboard/00018295.jpg,0
data/sorted/glass/00000549.jpg,1
data/sorted/plastic/00023008.jpg,4
data/sorted/plastic/00023632.jpg,4
data/sorted/cardboard/00010244.jpg,0
data/sorted/plastic/00016151.jpg,4
data/sorted/glass/00004643.jpg,1
data/sorted/plastic/00015494.jpg,4
data/sorted/trash/00009969.jpg,5
data/sorted/paper/00015056.jpg,3
data/sorted/cardboard/00018694.jpg,0
data/sorted/plastic/00024284.jpg,4
data/sorted/cardboard/00002705.jpg,0
data/sorted/cardboard/00010380.jpg,0
data/sorted/trash/00009936.jpg,5
data/sorted/glass/00004241.jpg,1
data/sorted/glass/00000406.jpg,1
data/sorted/plastic/00015447.jpg,4
data/sorted/glass/00011795.jpg,1
data/sorted/plastic/00016482.jpg,4
data/sorted/glass/00011891.jpg,1
data/sorted/paper/00006866.jpg,3
data/sorted/glass/00019813.jpg,1
data/sorted/cardboard/00017727.jpg,0
data/sorted/glass/00019068.jpg,1
data/sorted/cardboard/00018231.jpg,0
data/sorted/plastic/00016382.jpg,4
data/sorted/glass/00019557.jpg,1
data/sorted/cardboard/00003413.jpg,0
data/sorted/glass/00012187.jpg,1
data/sorted/plastic/00023373.jpg,4
data/sorted/paper/00014837.jpg,3
data/sorted/paper/00001743.jpg,3
data/sorted/plastic/00016555.jpg,4
data/sorted/cardboard/00003907.jpg,0
data/sorted/plastic/00009203.jpg,4
data/sorted/metal/00001251.jpg,2
data/sorted/metal/00000928.jpg,2
data/sorted/paper/00014328.jpg,3
data/sorted/glass/00012219.jpg,1
data/sorted/paper/00006998.jpg,3
data/sorted/cardboard/00018696.jpg,0
data/sorted/glass/00019698.jpg,1
data/sorted/paper/00021925.jpg,3
data/sorted/trash/00017422.jpg,5
data/sorted/glass/00004812.jpg,1
data/sorted/paper/00015020.jpg,3
data/sorted/paper/00001356.jpg,3
data/sorted/paper/00015216.jpg,3
data/sorted/glass/00019912.jpg,1
data/sorted/metal/00020918.jpg,2
data/sorted/paper/00022781.jpg,3
data/sorted/cardboard/00002945.jpg,0
data/sorted/cardboard/00017585.jpg,0
data/sorted/metal/00006116.jpg,2
data/sorted/paper/00006854.jpg,3
data/sorted/trash/00009810.jpg,5
data/sorted/glass/00000687.jpg,1
data/sorted/paper/00007695.jpg,3
data/sorted/paper/00006662.jpg,3
data/sorted/plastic/00023663.jpg,4
data/sorted/metal/00000984.jpg,2
data/sorted/glass/00004236.jpg,1
data/sorted/glass/00019462.jpg,1
data/sorted/plastic/00024235.jpg,4
data/sorted/glass/00003946.jpg,1
data/sorted/paper/00001861.jpg,3
data/sorted/trash/00017047.jpg,5
data/sorted/plastic/00015565.jpg,4
data/sorted/plastic/00023831.jpg,4
data/sorted/plastic/00023363.jpg,4
data/sorted/plastic/00015422.jpg,4
data/sorted/trash/00017379.jpg,5
data/sorted/cardboard/00010683.jpg,0
data/sorted/glass/00020121.jpg,1
data/sorted/paper/00001446.jpg,3
data/sorted/paper/00014842.jpg,3
data/sorted/plastic/00016335.jpg,4
data/sorted/plastic/00016909.jpg,4
data/sorted/metal/00021406.jpg,2
data/sorted/paper/00006649.jpg,3
data/sorted/glass/00005623.jpg,1
data/sorted/paper/00021668.jpg,3
data/sorted/paper/00015314.jpg,3
data/sorted/plastic/00016664.jpg,4
data/sorted/metal/00005904.jpg,2
data/sorted/plastic/00024270.jpg,4
data/sorted/paper/00007498.jpg,3
data/sorted/metal/00001206.jpg,2
data/sorted/paper/00014515.jpg,3
data/sorted/glass/00011629.jpg,1
data/sorted/plastic/00009265.jpg,4
data/sorted/paper/00021824.jpg,3
data/sorted/metal/00013528.jpg,2
data/sorted/paper/00022149.jpg,3
data/sorted/plastic/00008451.jpg,4
data/sorted/glass/00020485.jpg,1
data/sorted/metal/00001139.jpg,2
data/sorted/metal/00013501.jpg,2
data/sorted/plastic/00002032.jpg,4
data/sorted/plastic/00002244.jpg,4
data/sorted/metal/00006230.jpg,2
data/sorted/paper/00014075.jpg,3
data/sorted/cardboard/00003759.jpg,0
data/sorted/glass/00019944.jpg,1
data/sorted/plastic/00016406.jpg,4
data/sorted/paper/00014397.jpg,3
data/sorted/cardboard/00002704.jpg,0
data/sorted/plastic/00015745.jpg,4
data/sorted/paper/00015206.jpg,3
data/sorted/cardboard/00002674.jpg,0
data/sorted/cardboard/00010692.jpg,0
data/sorted/glass/00011845.jpg,1
data/sorted/glass/00012746.jpg,1
data/sorted/plastic/00016063.jpg,4
data/sorted/glass/00019366.jpg,1
data/sorted/plastic/00002219.jpg,4
data/sorted/glass/00019632.jpg,1
data/sorted/cardboard/00010340.jpg,0
data/sorted/plastic/00008635.jpg,4
data/sorted/plastic/00015517.jpg,4
data/sorted/glass/00004970.jpg,1
data/sorted/cardboard/00011266.jpg,0
data/sorted/paper/00015111.jpg,3
data/sorted/cardboard/00002675.jpg,0
data/sorted/cardboard/00018151.jpg,0
data/sorted/cardboard/00002887.jpg,0
data/sorted/glass/00019558.jpg,1
data/sorted/trash/00002491.jpg,5
data/sorted/plastic/00016812.jpg,4
data/sorted/paper/00022765.jpg,3
data/sorted/metal/00013956.jpg,2
data/sorted/cardboard/00011156.jpg,0
data/sorted/paper/00007315.jpg,3
data/sorted/metal/00021000.jpg,2
data/sorted/plastic/00016217.jpg,4
data/sorted/glass/00019820.jpg,1
data/sorted/metal/00021146.jpg,2
data/sorted/paper/00006767.jpg,3
data/sorted/trash/00024755.jpg,5
data/sorted/glass/00012861.jpg,1
data/sorted/cardboard/00011277.jpg,0
data/sorted/trash/00024543.jpg,5
data/sorted/plastic/00024442.jpg,4
data/sorted/glass/00019470.jpg,1
data/sorted/glass/00005444.jpg,1
data/sorted/plastic/00002120.jpg,4
data/sorted/cardboard/00017627.jpg,0
data/sorted/plastic/00024405.jpg,4
data/sorted/cardboard/00011319.jpg,0
data/sorted/glass/00000774.jpg,1
data/sorted/cardboard/00018581.jpg,0
data/sorted/plastic/00009281.jpg,4
data/sorted/plastic/00009362.jpg,4
data/sorted/plastic/00016305.jpg,4
data/sorted/paper/00006986.jpg,3
data/sorted/glass/00019551.jpg,1
data/sorted/paper/00006902.jpg,3
data/sorted/glass/00019872.jpg,1
data/sorted/plastic/00009184.jpg,4
data/sorted/glass/00004800.jpg,1
data/sorted/cardboard/00000202.jpg,0
data/sorted/paper/00014350.jpg,3
data/sorted/paper/00021671.jpg,3
data/sorted/cardboard/00002799.jpg,0
data/sorted/metal/00006395.jpg,2
data/sorted/plastic/00009473.jpg,4
data/sorted/glass/00004758.jpg,1
data/sorted/metal/00013984.jpg,2
data/sorted/glass/00019833.jpg,1
data/sorted/cardboard/00010067.jpg,0
data/sorted/cardboard/00003454.jpg,0
data/sorted/cardboard/00010638.jpg,0
data/sorted/glass/00000404.jpg,1
data/sorted/paper/00014602.jpg,3
data/sorted/glass/00005460.jpg,1
data/sorted/cardboard/00010838.jpg,0
data/sorted/glass/00004491.jpg,1
data/sorted/cardboard/00011079.jpg,0
data/sorted/metal/00020610.jpg,2
data/sorted/plastic/00016665.jpg,4
data/sorted/plastic/00015437.jpg,4
data/sorted/paper/00021807.jpg,3
data/sorted/paper/00014966.jpg,3
data/sorted/glass/00019652.jpg,1
data/sorted/metal/00006188.jpg,2
data/sorted/paper/00014680.jpg,3
data/sorted/metal/00021049.jpg,2
data/sorted/paper/00007290.jpg,3
data/sorted/glass/00012932.jpg,1
data/sorted/metal/00013321.jpg,2
data/sorted/paper/00001761.jpg,3
data/sorted/paper/00007872.jpg,3
data/sorted/paper/00022638.jpg,3
data/sorted/paper/00001845.jpg,3
data/sorted/plastic/00016594.jpg,4
data/sorted/plastic/00024177.jpg,4
data/sorted/paper/00007408.jpg,3
data/sorted/glass/00012619.jpg,1
data/sorted/glass/00011966.jpg,1
data/sorted/plastic/00023550.jpg,4
data/sorted/paper/00015026.jpg,3
data/sorted/plastic/00023457.jpg,4
data/sorted/cardboard/00017830.jpg,0
data/sorted/paper/00007758.jpg,3
data/sorted/metal/00001171.jpg,2
data/sorted/plastic/00009447.jpg,4
data/sorted/trash/00017321.jpg,5
data/sorted/metal/00014052.jpg,2
data/sorted/paper/00001351.jpg,3
data/sorted/paper/00001547.jpg,3
data/sorted/plastic/00008191.jpg,4
data/sorted/glass/00004228.jpg,1
data/sorted/cardboard/00018220.jpg,0
data/sorted/cardboard/00002828.jpg,0
data/sorted/trash/00002392.jpg,5
data/sorted/cardboard/00011126.jpg,0
data/sorted/paper/00015187.jpg,3
data/sorted/metal/00001258.jpg,2
data/sorted/metal/00020964.jpg,2
data/sorted/paper/00021620.jpg,3
data/sorted/plastic/00023050.jpg,4
data/sorted/cardboard/00018507.jpg,0
data/sorted/paper/00006890.jpg,3
data/sorted/cardboard/00002734.jpg,0
data/sorted/plastic/00023279.jpg,4
data/sorted/paper/00022305.jpg,3
data/sorted/cardboard/00010877.jpg,0
data/sorted/plastic/00016272.jpg,4
data/sorted/plastic/00016970.jpg,4
data/sorted/glass/00004103.jpg,1
data/sorted/paper/00007091.jpg,3
data/sorted/glass/00011648.jpg,1
data/sorted/cardboard/00011327.jpg,0
data/sorted/cardboard/00011058.jpg,0
data/sorted/plastic/00016561.jpg,4
data/sorted/cardboard/00011141.jpg,0
data/sorted/glass/00000451.jpg,1
data/sorted/glass/00019959.jpg,1
data/sorted/cardboard/00003885.jpg,0
data/sorted/metal/00013455.jpg,2
data/sorted/paper/00007741.jpg,3
data/sorted/paper/00014123.jpg,3
data/sorted/metal/00021452.jpg,2
data/sorted/metal/00005954.jpg,2
data/sorted/trash/00017402.jpg,5
data/sorted/metal/00006106.jpg,2
data/sorted/metal/00006174.jpg,2
data/sorted/cardboard/00018663.jpg,0
data/sorted/metal/00013909.jpg,2
data/sorted/paper/00006947.jpg,3
data/sorted/paper/00006810.jpg,3
data/sorted/cardboard/00000028.jpg,0
data/sorted/cardboard/00002616.jpg,0
data/sorted/plastic/00023130.jpg,4
data/sorted/glass/00004296.jpg,1
data/sorted/paper/00022377.jpg,3
data/sorted/trash/00009689.jpg,5
data/sorted/plastic/00024354.jpg,4
data/sorted/cardboard/00010313.jpg,0
data/sorted/paper/00022865.jpg,3
data/sorted/paper/00007491.jpg,3
data/sorted/glass/00012963.jpg,1
data/sorted/plastic/00023031.jpg,4
data/sorted/trash/00017436.jpg,5
data/sorted/glass/00020185.jpg,1
data/sorted/metal/00021114.jpg,2
data/sorted/paper/00007032.jpg,3
data/sorted/trash/00009623.jpg,5
data/sorted/metal/00006440.jpg,2
data/sorted/cardboard/00002659.jpg,0
data/sorted/glass/00004908.jpg,1
data/sorted/glass/00019711.jpg,1
data/sorted/metal/00001167.jpg,2
data/sorted/plastic/00016650.jpg,4
data/sorted/plastic/00008655.jpg,4
data/sorted/paper/00006750.jpg,3
data/sorted/glass/00019648.jpg,1
data/sorted/cardboard/00003808.jpg,0
data/sorted/plastic/00023669.jpg,4
data/sorted/metal/00013621.jpg,2
data/sorted/plastic/00015757.jpg,4
data/sorted/glass/00012057.jpg,1
data/sorted/glass/00011913.jpg,1
data/sorted/plastic/00015459.jpg,4
data/sorted/glass/00005223.jpg,1
data/sorted/trash/00024844.jpg,5
data/sorted/paper/00015227.jpg,3
data/sorted/glass/00005531.jpg,1
data/sorted/plastic/00016100.jpg,4
data/sorted/paper/00015203.jpg,3
data/sorted/plastic/00015456.jpg,4
data/sorted/plastic/00008498.jpg,4
data/sorted/plastic/00015590.jpg,4
data/sorted/plastic/00008081.jpg,4
data/sorted/cardboard/00017498.jpg,0
data/sorted/cardboard/00003236.jpg,0
data/sorted/paper/00015220.jpg,3
data/sorted/trash/00017016.jpg,5
data/sorted/trash/00017427.jpg,5
data/sorted/plastic/00016499.jpg,4
data/sorted/plastic/00015641.jpg,4
data/sorted/glass/00019904.jpg,1
data/sorted/paper/00022201.jpg,3
data/sorted/metal/00006594.jpg,2
data/sorted/cardboard/00017478.jpg,0
data/sorted/metal/00020734.jpg,2
data/sorted/glass/00005440.jpg,1
data/sorted/cardboard/00017657.jpg,0
data/sorted/glass/00004930.jpg,1
data/sorted/paper/00014975.jpg,3
data/sorted/glass/00013008.jpg,1
data/sorted/metal/00006344.jpg,2
data/sorted/plastic/00002274.jpg,4
data/sorted/trash/00002474.jpg,5
data/sorted/trash/00009589.jpg,5
data/sorted/glass/00011635.jpg,1
data/sorted/glass/00020101.jpg,1
data/sorted/paper/00001557.jpg,3
data/sorted/paper/00022039.jpg,3
data/sorted/metal/00013724.jpg,2
data/sorted/cardboard/00000188.jpg,0
data/sorted/metal/00021059.jpg,2
data/sorted/trash/00009673.jpg,5
data/sorted/metal/00001162.jpg,2
data/sorted/glass/00020113.jpg,1
data/sorted/glass/00020149.jpg,1
data/sorted/cardboard/00000301.jpg,0
data/sorted/paper/00015050.jpg,3
data/sorted/paper/00015302.jpg,3
data/sorted/trash/00009966.jpg,5
data/sorted/metal/00013461.jpg,2
data/sorted/metal/00006262.jpg,2
data/sorted/plastic/00015916.jpg,4
data/sorted/plastic/00008033.jpg,4
data/sorted/paper/00022244.jpg,3
data/sorted/trash/00024464.jpg,5
data/sorted/paper/00014741.jpg,3
data/sorted/glass/00012818.jpg,1
data/sorted/paper/00006805.jpg,3
data/sorted/trash/00024900.jpg,5
data/sorted/paper/00014422.jpg,3
data/sorted/plastic/00001915.jpg,4
data/sorted/paper/00007383.jpg,3
data/sorted/cardboard/00003502.jpg,0
data/sorted/paper/00014114.jpg,3
data/sorted/cardboard/00018731.jpg,0
data/sorted/metal/00020666.jpg,2
data/sorted/plastic/00016009.jpg,4
data/sorted/paper/00014431.jpg,3
data/sorted/metal/00020955.jpg,2
data/sorted/paper/00014343.jpg,3
data/sorted/metal/00005940.jpg,2
data/sorted/paper/00001484.jpg,3
data/sorted/trash/00024534.jpg,5
data/sorted/plastic/00008906.jpg,4
data/sorted/plastic/00009033.jpg,4
data/sorted/metal/00021511.jpg,2
data/sorted/metal/00006472.jpg,2
data/sorted/plastic/00015769.jpg,4
data/sorted/glass/00020277.jpg,1
data/sorted/glass/00013111.jpg,1
data/sorted/paper/00022117.jpg,3
data/sorted/plastic/00016118.jpg,4
data/sorted/plastic/00008232.jpg,4
data/sorted/plastic/00009030.jpg,4
data/sorted/glass/00019919.jpg,1
data/sorted/paper/00014227.jpg,3
data/sorted/cardboard/00002927.jpg,0
data/sorted/cardboard/00018570.jpg,0
data/sorted/plastic/00002133.jpg,4
data/sorted/trash/00024553.jpg,5
data/sorted/metal/00013210.jpg,2
data/sorted/plastic/00008220.jpg,4
data/sorted/cardboard/00010898.jpg,0
data/sorted/trash/00024531.jpg,5
data/sorted/plastic/00008099.jpg,4
data/sorted/plastic/00024091.jpg,4
data/sorted/paper/00015034.jpg,3
data/sorted/plastic/00002188.jpg,4
data/sorted/cardboard/00010946.jpg,0
data/sorted/paper/00014621.jpg,3
data/sorted/trash/00002400.jpg,5
data/sorted/glass/00004311.jpg,1
data/sorted/paper/00007656.jpg,3
data/sorted/cardboard/00018551.jpg,0
data/sorted/cardboard/00011253.jpg,0
data/sorted/glass/00000611.jpg,1
data/sorted/plastic/00023003.jpg,4
data/sorted/trash/00024730.jpg,5
data/sorted/glass/00012138.jpg,1
data/sorted/cardboard/00003252.jpg,0
data/sorted/paper/00014728.jpg,3
data/sorted/glass/00019091.jpg,1
data/sorted/cardboard/00018233.jpg,0
data/sorted/cardboard/00010496.jpg,0
data/sorted/plastic/00008540.jpg,4
data/sorted/trash/00009967.jpg,5
data/sorted/plastic/00024229.jpg,4
data/sorted/plastic/00015674.jpg,4
data/sorted/paper/00021933.jpg,3
data/sorted/plastic/00008641.jpg,4
data/sorted/metal/00005701.jpg,2
data/sorted/glass/00004548.jpg,1
data/sorted/cardboard/00018596.jpg,0
data/sorted/metal/00020942.jpg,2
data/sorted/glass/00012931.jpg,1
data/sorted/metal/00021226.jpg,2
data/sorted/cardboard/00010215.jpg,0
data/sorted/plastic/00023245.jpg,4
data/sorted/glass/00005044.jpg,1
data/sorted/glass/00000751.jpg,1
data/sorted/metal/00020729.jpg,2
data/sorted/metal/00013342.jpg,2
data/sorted/paper/00015104.jpg,3
data/sorted/paper/00021649.jpg,3
data/sorted/trash/00024840.jpg,5
data/sorted/plastic/00023678.jpg,4
data/sorted/metal/00013813.jpg,2
data/sorted/paper/00022078.jpg,3
data/sorted/plastic/00023818.jpg,4
data/sorted/plastic/00008034.jpg,4
data/sorted/plastic/00023611.jpg,4
data/sorted/plastic/00002092.jpg,4
data/sorted/metal/00006020.jpg,2
data/sorted/glass/00005173.jpg,1
data/sorted/cardboard/00010002.jpg,0
data/sorted/cardboard/00017561.jpg,0
data/sorted/plastic/00008864.jpg,4
data/sorted/paper/00022759.jpg,3
data/sorted/cardboard/00002582.jpg,0
data/sorted/metal/00013708.jpg,2
data/sorted/glass/00020243.jpg,1
data/sorted/cardboard/00018724.jpg,0
data/sorted/paper/00007008.jpg,3
data/sorted/cardboard/00003534.jpg,0
data/sorted/cardboard/00010338.jpg,0
data/sorted/metal/00021404.jpg,2
data/sorted/cardboard/00003192.jpg,0
data/sorted/plastic/00008090.jpg,4
data/sorted/cardboard/00010395.jpg,0
data/sorted/plastic/00008487.jpg,4
data/sorted/plastic/00016917.jpg,4
data/sorted/glass/00005309.jpg,1
data/sorted/metal/00013371.jpg,2
data/sorted/trash/00002401.jpg,5
data/sorted/cardboard/00018735.jpg,0
data/sorted/paper/00001757.jpg,3
data/sorted/glass/00012240.jpg,1
data/sorted/plastic/00016811.jpg,4
data/sorted/plastic/00009087.jpg,4
data/sorted/cardboard/00000380.jpg,0
data/sorted/glass/00000591.jpg,1
data/sorted/paper/00022268.jpg,3
data/sorted/metal/00006497.jpg,2
data/sorted/plastic/00008861.jpg,4
data/sorted/paper/00001527.jpg,3
data/sorted/trash/00017192.jpg,5
data/sorted/plastic/00016115.jpg,4
data/sorted/plastic/00009102.jpg,4
data/sorted/cardboard/00010978.jpg,0
data/sorted/cardboard/00011218.jpg,0
data/sorted/cardboard/00010615.jpg,0
data/sorted/plastic/00008449.jpg,4
data/sorted/metal/00013178.jpg,2
data/sorted/metal/00006588.jpg,2
data/sorted/glass/00005525.jpg,1
data/sorted/cardboard/00018676.jpg,0
data/sorted/glass/00012074.jpg,1
data/sorted/metal/00020880.jpg,2
data/sorted/metal/00006571.jpg,2
data/sorted/cardboard/00018146.jpg,0
data/sorted/glass/00012856.jpg,1
data/sorted/plastic/00024308.jpg,4
data/sorted/plastic/00015743.jpg,4
data/sorted/plastic/00016553.jpg,4
data/sorted/paper/00001887.jpg,3
data/sorted/paper/00014828.jpg,3
data/sorted/metal/00005713.jpg,2
data/sorted/metal/00020847.jpg,2
data/sorted/glass/00019980.jpg,1
data/sorted/cardboard/00018087.jpg,0
data/sorted/plastic/00016444.jpg,4
data/sorted/plastic/00023910.jpg,4
data/sorted/paper/00007170.jpg,3
data/sorted/metal/00013212.jpg,2
data/sorted/cardboard/00018588.jpg,0
data/sorted/plastic/00023438.jpg,4
data/sorted/glass/00011735.jpg,1
data/sorted/paper/00014450.jpg,3
data/sorted/glass/00004440.jpg,1
data/sorted/trash/00024914.jpg,5
data/sorted/glass/00004673.jpg,1
data/sorted/plastic/00023241.jpg,4
data/sorted/glass/00019593.jpg,1
data/sorted/plastic/00015849.jpg,4
data/sorted/paper/00015120.jpg,3
data/sorted/cardboard/00003766.jpg,0
data/sorted/glass/00004730.jpg,1
data/sorted/plastic/00002385.jpg,4
data/sorted/plastic/00009085.jpg,4
data/sorted/glass/00000664.jpg,1
data/sorted/metal/00006414.jpg,2
data/sorted/glass/00020028.jpg,1
data/sorted/glass/00020598.jpg,1
data/sorted/paper/00007718.jpg,3
data/sorted/paper/00022604.jpg,3
data/sorted/glass/00003997.jpg,1
data/sorted/paper/00006994.jpg,3
data/sorted/glass/00005384.jpg,1
data/sorted/cardboard/00010932.jpg,0
data/sorted/glass/00005348.jpg,1
data/sorted/paper/00001451.jpg,3
data/sorted/paper/00021647.jpg,3
data/sorted/plastic/00015643.jpg,4
data/sorted/glass/00011757.jpg,1
data/sorted/glass/00012200.jpg,1
data/sorted/glass/00020391.jpg,1
data/sorted/cardboard/00017604.jpg,0
data/sorted/glass/00011509.jpg,1
data/sorted/glass/00000861.jpg,1
data/sorted/plastic/00023497.jpg,4
data/sorted/glass/00018893.jpg,1
data/sorted/cardboard/00000035.jpg,0
data/sorted/metal/00013597.jpg,2
data/sorted/plastic/00023651.jpg,4
data/sorted/trash/00024893.jpg,5
data/sorted/glass/00005349.jpg,1
data/sorted/metal/00006434.jpg,2
data/sorted/paper/00007018.jpg,3
data/sorted/cardboard/00010836.jpg,0
data/sorted/paper/00015113.jpg,3
data/sorted/metal/00001012.jpg,2
data/sorted/plastic/00023051.jpg,4
data/sorted/paper/00014455.jpg,3
data/sorted/glass/00019806.jpg,1
data/sorted/paper/00014932.jpg,3
data/sorted/paper/00022388.jpg,3
data/sorted/plastic/00009005.jpg,4
data/sorted/metal/00005841.jpg,2
data/sorted/metal/00014034.jpg,2
data/sorted/metal/00020977.jpg,2
data/sorted/glass/00012127.jpg,1
data/sorted/plastic/00008208.jpg,4
data/sorted/paper/00006817.jpg,3
data/sorted/plastic/00016384.jpg,4
data/sorted/plastic/00016708.jpg,4
data/sorted/glass/00012627.jpg,1
data/sorted/plastic/00024418.jpg,4
data/sorted/metal/00006326.jpg,2
data/sorted/plastic/00001926.jpg,4
data/sorted/glass/00011918.jpg,1
data/sorted/plastic/00009486.jpg,4
data/sorted/glass/00019420.jpg,1
data/sorted/cardboard/00003020.jpg,0
data/sorted/glass/00012012.jpg,1
data/sorted/plastic/00023933.jpg,4
data/sorted/cardboard/00002666.jpg,0
data/sorted/metal/00021209.jpg,2
data/sorted/glass/00004775.jpg,1
data/sorted/glass/00012001.jpg,1
data/sorted/metal/00001050.jpg,2
data/sorted/paper/00014640.jpg,3
data/sorted/metal/00021528.jpg,2
data/sorted/paper/00006868.jpg,3
data/sorted/paper/00021702.jpg,3
data/sorted/metal/00013446.jpg,2
data/sorted/plastic/00008439.jpg,4
data/sorted/trash/00017444.jpg,5
data/sorted/plastic/00023826.jpg,4
data/sorted/cardboard/00010870.jpg,0
data/sorted/paper/00006730.jpg,3
data/sorted/plastic/00016800.jpg,4
data/sorted/cardboard/00003586.jpg,0
data/sorted/paper/00022304.jpg,3
data/sorted/cardboard/00003403.jpg,0
data/sorted/glass/00004291.jpg,1
data/sorted/plastic/00009357.jpg,4
data/sorted/glass/00012202.jpg,1
data/sorted/plastic/00009315.jpg,4
data/sorted/cardboard/00000130.jpg,0
data/sorted/metal/00013516.jpg,2
data/sorted/cardboard/00011382.jpg,0
data/sorted/metal/00021063.jpg,2
data/sorted/metal/00000924.jpg,2
data/sorted/cardboard/00010251.jpg,0
data/sorted/metal/00014048.jpg,2
data/sorted/cardboard/00018667.jpg,0
data/sorted/plastic/00023252.jpg,4
data/sorted/metal/00006463.jpg,2
data/sorted/metal/00013423.jpg,2
data/sorted/glass/00020547.jpg,1
data/sorted/glass/00000835.jpg,1
data/sorted/metal/00013734.jpg,2
data/sorted/plastic/00023125.jpg,4
data/sorted/glass/00005036.jpg,1
data/sorted/glass/00012491.jpg,1
data/sorted/plastic/00008618.jpg,4
data/sorted/glass/00019556.jpg,1
data/sorted/glass/00019229.jpg,1
data/sorted/cardboard/00010103.jpg,0
data/sorted/paper/00014883.jpg,3
data/sorted/paper/00007171.jpg,3
data/sorted/glass/00004995.jpg,1
data/sorted/trash/00009683.jpg,5
data/sorted/glass/00005554.jpg,1
data/sorted/trash/00024550.jpg,5
data/sorted/cardboard/00018320.jpg,0
data/sorted/paper/00001410.jpg,3
data/sorted/plastic/00009467.jpg,4
data/sorted/cardboard/00018108.jpg,0
data/sorted/cardboard/00010414.jpg,0
data/sorted/glass/00000487.jpg,1
data/sorted/glass/00012247.jpg,1
data/sorted/metal/00021186.jpg,2
data/sorted/metal/00021415.jpg,2
data/sorted/glass/00020341.jpg,1
data/sorted/glass/00019849.jpg,1
data/sorted/plastic/00023838.jpg,4
data/sorted/glass/00011417.jpg,1
data/sorted/paper/00007603.jpg,3
data/sorted/paper/00007160.jpg,3
data/sorted/trash/00024470.jpg,5
data/sorted/plastic/00002272.jpg,4
data/sorted/metal/00006519.jpg,2
data/sorted/paper/00001438.jpg,3
data/sorted/paper/00021943.jpg,3
data/sorted/plastic/00016020.jpg,4
data/sorted/glass/00004485.jpg,1
data/sorted/cardboard/00018803.jpg,0
data/sorted/plastic/00002227.jpg,4
data/sorted/paper/00021574.jpg,3
data/sorted/metal/00021206.jpg,2
data/sorted/paper/00022707.jpg,3
data/sorted/metal/00020926.jpg,2
data/sorted/glass/00000465.jpg,1
data/sorted/glass/00011824.jpg,1
data/sorted/glass/00012290.jpg,1
data/sorted/glass/00020102.jpg,1
data/sorted/plastic/00023335.jpg,4
data/sorted/plastic/00016071.jpg,4
data/sorted/paper/00007258.jpg,3
data/sorted/glass/00019064.jpg,1
data/sorted/cardboard/00003806.jpg,0
data/sorted/paper/00007350.jpg,3
data/sorted/metal/00013247.jpg,2
data/sorted/paper/00006677.jpg,3
data/sorted/plastic/00016292.jpg,4
data/sorted/metal/00005679.jpg,2
data/sorted/glass/00011472.jpg,1
data/sorted/paper/00015192.jpg,3
data/sorted/glass/00019898.jpg,1
data/sorted/glass/00019042.jpg,1
data/sorted/cardboard/00010559.jpg,0
data/sorted/paper/00015154.jpg,3
data/sorted/cardboard/00003541.jpg,0
data/sorted/paper/00014404.jpg,3
data/sorted/plastic/00016511.jpg,4
data/sorted/metal/00005726.jpg,2
data/sorted/trash/00024691.jpg,5
data/sorted/glass/00004662.jpg,1
data/sorted/cardboard/00018513.jpg,0
data/sorted/glass/00019562.jpg,1
data/sorted/cardboard/00010949.jpg,0
data/sorted/metal/00021277.jpg,2
data/sorted/glass/00013017.jpg,1
data/sorted/plastic/00016069.jpg,4
data/sorted/glass/00020431.jpg,1
data/sorted/paper/00014931.jpg,3
data/sorted/plastic/00015900.jpg,4
data/sorted/metal/00006421.jpg,2
data/sorted/cardboard/00010529.jpg,0
data/sorted/plastic/00015661.jpg,4
data/sorted/glass/00018962.jpg,1
data/sorted/glass/00019425.jpg,1
data/sorted/glass/00012136.jpg,1
data/sorted/plastic/00015632.jpg,4
data/sorted/cardboard/00010369.jpg,0
data/sorted/plastic/00023540.jpg,4
data/sorted/cardboard/00000089.jpg,0
data/sorted/metal/00021034.jpg,2
data/sorted/cardboard/00011103.jpg,0
data/sorted/glass/00011703.jpg,1
data/sorted/plastic/00024028.jpg,4
data/sorted/glass/00000595.jpg,1
data/sorted/cardboard/00010319.jpg,0
data/sorted/plastic/00008895.jpg,4
data/sorted/paper/00022339.jpg,3
data/sorted/glass/00019164.jpg,1
data/sorted/plastic/00023875.jpg,4
data/sorted/paper/00021734.jpg,3
data/sorted/glass/00000445.jpg,1
data/sorted/glass/00012961.jpg,1
data/sorted/paper/00022617.jpg,3
data/sorted/glass/00012304.jpg,1
data/sorted/cardboard/00011380.jpg,0
data/sorted/paper/00001367.jpg,3
data/sorted/paper/00007752.jpg,3
data/sorted/cardboard/00000235.jpg,0
data/sorted/paper/00001443.jpg,3
data/sorted/glass/00004067.jpg,1
data/sorted/glass/00011700.jpg,1
data/sorted/glass/00005567.jpg,1
data/sorted/paper/00007377.jpg,3
data/sorted/glass/00005172.jpg,1
data/sorted/plastic/00009089.jpg,4
data/sorted/metal/00021338.jpg,2
data/sorted/metal/00001138.jpg,2
data/sorted/paper/00007511.jpg,3
data/sorted/plastic/00023727.jpg,4
data/sorted/paper/00007436.jpg,3
data/sorted/plastic/00015964.jpg,4
data/sorted/metal/00020996.jpg,2
data/sorted/metal/00013835.jpg,2
data/sorted/plastic/00008006.jpg,4
data/sorted/plastic/00023028.jpg,4
data/sorted/metal/00013601.jpg,2
data/sorted/paper/00007714.jpg,3
data/sorted/cardboard/00003264.jpg,0
data/sorted/paper/00014567.jpg,3
data/sorted/glass/00003966.jpg,1
data/sorted/paper/00015390.jpg,3
data/sorted/cardboard/00003029.jpg,0
data/sorted/cardboard/00002737.jpg,0
data/sorted/glass/00012677.jpg,1
data/sorted/plastic/00009377.jpg,4
data/sorted/metal/00013252.jpg,2
data/sorted/plastic/00024117.jpg,4
data/sorted/metal/00021455.jpg,2
data/sorted/plastic/00008515.jpg,4
data/sorted/cardboard/00017665.jpg,0
data/sorted/plastic/00023273.jpg,4
data/sorted/paper/00001423.jpg,3
data/sorted/paper/00001896.jpg,3
data/sorted/cardboard/00018508.jpg,0
data/sorted/paper/00007513.jpg,3
data/sorted/glass/00000730.jpg,1
data/sorted/glass/00012912.jpg,1
data/sorted/plastic/00016564.jpg,4
data/sorted/cardboard/00003819.jpg,0
data/sorted/plastic/00023441.jpg,4
data/sorted/metal/00006576.jpg,2
data/sorted/glass/00000464.jpg,1
data/sorted/cardboard/00010386.jpg,0
data/sorted/plastic/00009527.jpg,4
data/sorted/plastic/00023607.jpg,4
data/sorted/cardboard/00018637.jpg,0
data/sorted/plastic/00002201.jpg,4
data/sorted/glass/00011426.jpg,1
data/sorted/glass/00012427.jpg,1
data/sorted/cardboard/00018172.jpg,0
data/sorted/paper/00022574.jpg,3
data/sorted/glass/00011730.jpg,1
data/sorted/plastic/00007995.jpg,4
data/sorted/trash/00017208.jpg,5
data/sorted/plastic/00009037.jpg,4
data/sorted/plastic/00016243.jpg,4
data/sorted/metal/00013561.jpg,2
data/sorted/glass/00004474.jpg,1
data/sorted/paper/00006924.jpg,3
data/sorted/paper/00014868.jpg,3
data/sorted/plastic/00016479.jpg,4
data/sorted/plastic/00002017.jpg,4
data/sorted/plastic/00008132.jpg,4
data/sorted/plastic/00002286.jpg,4
data/sorted/paper/00014886.jpg,3
data/sorted/glass/00019272.jpg,1
data/sorted/plastic/00023804.jpg,4
data/sorted/paper/00022760.jpg,3
data/sorted/glass/00000515.jpg,1
data/sorted/glass/00019605.jpg,1
data/sorted/cardboard/00010046.jpg,0
data/sorted/glass/00004935.jpg,1
data/sorted/metal/00021401.jpg,2
data/sorted/glass/00004900.jpg,1
data/sorted/paper/00022851.jpg,3
data/sorted/plastic/00016196.jpg,4
data/sorted/glass/00004687.jpg,1
data/sorted/glass/00005429.jpg,1
data/sorted/glass/00012802.jpg,1
data/sorted/paper/00021554.jpg,3
data/sorted/trash/00009690.jpg,5
data/sorted/glass/00012551.jpg,1
data/sorted/glass/00004499.jpg,1
data/sorted/glass/00012430.jpg,1
data/sorted/metal/00013369.jpg,2
data/sorted/glass/00000420.jpg,1
data/sorted/glass/00019120.jpg,1
data/sorted/metal/00001004.jpg,2
data/sorted/trash/00017092.jpg,5
data/sorted/paper/00022380.jpg,3
data/sorted/plastic/00008266.jpg,4
data/sorted/plastic/00007993.jpg,4
data/sorted/metal/00013454.jpg,2
data/sorted/trash/00002478.jpg,5
data/sorted/plastic/00009393.jpg,4
data/sorted/plastic/00024388.jpg,4
data/sorted/metal/00020664.jpg,2
data/sorted/glass/00003978.jpg,1
data/sorted/cardboard/00011362.jpg,0
data/sorted/cardboard/00010221.jpg,0
data/sorted/metal/00000969.jpg,2
data/sorted/glass/00020091.jpg,1
data/sorted/plastic/00015892.jpg,4
data/sorted/cardboard/00018677.jpg,0
data/sorted/plastic/00008361.jpg,4
data/sorted/plastic/00015573.jpg,4
data/sorted/plastic/00023275.jpg,4
data/sorted/plastic/00016569.jpg,4
data/sorted/cardboard/00010057.jpg,0
data/sorted/cardboard/00000030.jpg,0
data/sorted/cardboard/00010914.jpg,0
data/sorted/metal/00001275.jpg,2
data/sorted/glass/00019923.jpg,1
data/sorted/plastic/00015741.jpg,4
data/sorted/paper/00007325.jpg,3
data/sorted/glass/00020207.jpg,1
data/sorted/metal/00013917.jpg,2
data/sorted/glass/00020120.jpg,1
data/sorted/cardboard/00010614.jpg,0
data/sorted/metal/00014045.jpg,2
data/sorted/glass/00004099.jpg,1
data/sorted/cardboard/00003778.jpg,0
data/sorted/paper/00014228.jpg,3
data/sorted/paper/00014398.jpg,3
data/sorted/plastic/00016110.jpg,4
data/sorted/cardboard/00018590.jpg,0
data/sorted/glass/00005295.jpg,1
data/sorted/plastic/00023815.jpg,4
data/sorted/metal/00013608.jpg,2
data/sorted/plastic/00023080.jpg,4
data/sorted/plastic/00008069.jpg,4
data/sorted/glass/00020541.jpg,1
data/sorted/paper/00007206.jpg,3
data/sorted/cardboard/00017918.jpg,0
data/sorted/glass/00020369.jpg,1
data/sorted/glass/00020536.jpg,1
data/sorted/paper/00014243.jpg,3
data/sorted/trash/00009543.jpg,5
data/sorted/metal/00021180.jpg,2
data/sorted/paper/00014529.jpg,3
data/sorted/metal/00006035.jpg,2
data/sorted/paper/00006836.jpg,3
data/sorted/metal/00006457.jpg,2
data/sorted/cardboard/00002994.jpg,0
data/sorted/paper/00007222.jpg,3
data/sorted/metal/00006390.jpg,2
data/sorted/plastic/00016949.jpg,4
data/sorted/metal/00006517.jpg,2
data/sorted/plastic/00016105.jpg,4
data/sorted/paper/00021778.jpg,3
data/sorted/metal/00013368.jpg,2
data/sorted/plastic/00016483.jpg,4
data/sorted/cardboard/00010594.jpg,0
data/sorted/plastic/00015776.jpg,4
data/sorted/glass/00012580.jpg,1
data/sorted/paper/00007670.jpg,3
data/sorted/trash/00024852.jpg,5
data/sorted/cardboard/00003646.jpg,0
data/sorted/glass/00020014.jpg,1
data/sorted/plastic/00009028.jpg,4
data/sorted/cardboard/00003092.jpg,0
data/sorted/cardboard/00003628.jpg,0
data/sorted/glass/00012178.jpg,1
data/sorted/glass/00018960.jpg,1
data/sorted/glass/00019824.jpg,1
data/sorted/cardboard/00017769.jpg,0
data/sorted/paper/00014508.jpg,3
data/sorted/plastic/00016815.jpg,4
data/sorted/paper/00022358.jpg,3
data/sorted/metal/00006389.jpg,2
data/sorted/paper/00022439.jpg,3
data/sorted/paper/00014682.jpg,3
data/sorted/cardboard/00003770.jpg,0
data/sorted/paper/00022019.jpg,3
data/sorted/cardboard/00010947.jpg,0
data/sorted/cardboard/00002696.jpg,0
data/sorted/plastic/00023254.jpg,4
data/sorted/paper/00007861.jpg,3
data/sorted/paper/00001365.jpg,3
data/sorted/plastic/00009083.jpg,4
data/sorted/trash/00009789.jpg,5
data/sorted/cardboard/00018495.jpg,0
data/sorted/paper/00007844.jpg,3
data/sorted/paper/00015100.jpg,3
data/sorted/cardboard/00011186.jpg,0
data/sorted/metal/00020760.jpg,2
data/sorted/glass/00005243.jpg,1
data/sorted/paper/00014969.jpg,3
data/sorted/trash/00009660.jpg,5
data/sorted/glass/00020255.jpg,1
data/sorted/plastic/00024187.jpg,4
data/sorted/paper/00022274.jpg,3
data/sorted/glass/00011917.jpg,1
data/sorted/glass/00019213.jpg,1
data/sorted/cardboard/00017571.jpg,0
data/sorted/plastic/00009175.jpg,4
data/sorted/plastic/00023530.jpg,4
data/sorted/paper/00014757.jpg,3
data/sorted/paper/00014815.jpg,3
data/sorted/trash/00002399.jpg,5
data/sorted/paper/00021583.jpg,3
data/sorted/glass/00019476.jpg,1
data/sorted/cardboard/00017858.jpg,0
data/sorted/glass/00012937.jpg,1
data/sorted/metal/00021270.jpg,2
data/sorted/paper/00015016.jpg,3
data/sorted/metal/00021077.jpg,2
data/sorted/metal/00021182.jpg,2
data/sorted/glass/00012393.jpg,1
data/sorted/glass/00020251.jpg,1
data/sorted/glass/00013020.jpg,1
data/sorted/plastic/00008999.jpg,4
data/sorted/glass/00011960.jpg,1
data/sorted/cardboard/00018110.jpg,0
data/sorted/metal/00014064.jpg,2
data/sorted/cardboard/00017971.jpg,0
data/sorted/glass/00011799.jpg,1
data/sorted/cardboard/00011321.jpg,0
data/sorted/cardboard/00010005.jpg,0
data/sorted/glass/00018969.jpg,1
data/sorted/paper/00007219.jpg,3
data/sorted/glass/00020162.jpg,1
data/sorted/paper/00001413.jpg,3
data/sorted/plastic/00016455.jpg,4
data/sorted/metal/00013913.jpg,2
data/sorted/cardboard/00002708.jpg,0
data/sorted/glass/00011475.jpg,1
data/sorted/paper/00007938.jpg,3
data/sorted/cardboard/00018530.jpg,0
data/sorted/cardboard/00010663.jpg,0
data/sorted/glass/00005457.jpg,1
data/sorted/metal/00013319.jpg,2
data/sorted/plastic/00009511.jpg,4
data/sorted/glass/00013015.jpg,1
data/sorted/plastic/00016706.jpg,4
data/sorted/metal/00020985.jpg,2
data/sorted/glass/00004418.jpg,1
data/sorted/trash/00024849.jpg,5
data/sorted/paper/00022546.jpg,3
data/sorted/plastic/00023141.jpg,4
data/sorted/plastic/00008176.jpg,4
data/sorted/paper/00015210.jpg,3
data/sorted/plastic/00016377.jpg,4
data/sorted/glass/00019689.jpg,1
data/sorted/glass/00012522.jpg,1
data/sorted/trash/00024673.jpg,5
data/sorted/glass/00011987.jpg,1
data/sorted/cardboard/00018579.jpg,0
data/sorted/cardboard/00010269.jpg,0
data/sorted/glass/00011500.jpg,1
data/sorted/glass/00019240.jpg,1
data/sorted/metal/00013948.jpg,2
data/sorted/glass/00012274.jpg,1
data/sorted/trash/00009618.jpg,5
data/sorted/glass/00005522.jpg,1
data/sorted/metal/00020676.jpg,2
data/sorted/glass/00004141.jpg,1
data/sorted/glass/00004882.jpg,1
data/sorted/trash/00017373.jpg,5
data/sorted/metal/00013703.jpg,2
data/sorted/trash/00009641.jpg,5
data/sorted/plastic/00023048.jpg,4
data/sorted/glass/00019223.jpg,1
data/sorted/paper/00021962.jpg,3
data/sorted/paper/00007836.jpg,3
data/sorted/plastic/00016965.jpg,4
data/sorted/plastic/00023489.jpg,4
data/sorted/glass/00004569.jpg,1
data/sorted/paper/00022802.jpg,3
data/sorted/trash/00024591.jpg,5
data/sorted/paper/00015258.jpg,3
data/sorted/cardboard/00011055.jpg,0
data/sorted/metal/00013834.jpg,2
data/sorted/cardboard/00017596.jpg,0
data/sorted/glass/00004735.jpg,1
data/sorted/cardboard/00002967.jpg,0
data/sorted/metal/00006141.jpg,2
data/sorted/cardboard/00003007.jpg,0
data/sorted/metal/00001215.jpg,2
data/sorted/cardboard/00018704.jpg,0
data/sorted/paper/00014367.jpg,3
data/sorted/metal/00000933.jpg,2
data/sorted/paper/00001874.jpg,3
data/sorted/paper/00022692.jpg,3
data/sorted/metal/00006287.jpg,2
data/sorted/paper/00022157.jpg,3
data/sorted/glass/00004903.jpg,1
data/sorted/trash/00024584.jpg,5
data/sorted/plastic/00023610.jpg,4
data/sorted/metal/00001302.jpg,2
data/sorted/trash/00024898.jpg,5
data/sorted/glass/00004413.jpg,1
data/sorted/cardboard/00011401.jpg,0
data/sorted/plastic/00009436.jpg,4
data/sorted/metal/00013660.jpg,2
data/sorted/plastic/00016371.jpg,4
data/sorted/paper/00022027.jpg,3
data/sorted/glass/00019840.jpg,1
data/sorted/cardboard/00017676.jpg,0
data/sorted/cardboard/00011315.jpg,0
data/sorted/plastic/00024162.jpg,4
data/sorted/metal/00013823.jpg,2
data/sorted/glass/00005588.jpg,1
data/sorted/glass/00013099.jpg,1
data/sorted/cardboard/00017656.jpg,0
data/sorted/plastic/00015867.jpg,4
data/sorted/glass/00012998.jpg,1
data/sorted/paper/00001727.jpg,3
data/sorted/paper/00014356.jpg,3
data/sorted/trash/00009568.jpg,5
data/sorted/cardboard/00002681.jpg,0
data/sorted/paper/00021602.jpg,3
data/sorted/glass/00000617.jpg,1
data/sorted/metal/00013427.jpg,2
data/sorted/glass/00020012.jpg,1
data/sorted/paper/00022041.jpg,3
data/sorted/plastic/00024051.jpg,4
data/sorted/paper/00022572.jpg,3
data/sorted/metal/00013374.jpg,2
data/sorted/metal/00021243.jpg,2
data/sorted/glass/00005077.jpg,1
data/sorted/cardboard/00018772.jpg,0
data/sorted/metal/00020833.jpg,2
data/sorted/glass/00019108.jpg,1
data/sorted/glass/00005528.jpg,1
data/sorted/cardboard/00000053.jpg,0
data/sorted/metal/00013230.jpg,2
data/sorted/paper/00022634.jpg,3
data/sorted/cardboard/00018235.jpg,0
data/sorted/paper/00007412.jpg,3
data/sorted/paper/00007157.jpg,3
data/sorted/cardboard/00002651.jpg,0
data/sorted/glass/00019386.jpg,1
data/sorted/plastic/00023029.jpg,4
data/sorted/paper/00007077.jpg,3
data/sorted/cardboard/00017710.jpg,0
data/sorted/plastic/00009411.jpg,4
data/sorted/glass/00005485.jpg,1
data/sorted/trash/00009783.jpg,5
data/sorted/metal/00021300.jpg,2
data/sorted/cardboard/00017496.jpg,0
data/sorted/paper/00006621.jpg,3
data/sorted/plastic/00024395.jpg,4
data/sorted/paper/00022416.jpg,3
data/sorted/metal/00021032.jpg,2
data/sorted/paper/00014582.jpg,3
data/sorted/glass/00020533.jpg,1
data/sorted/plastic/00002117.jpg,4
data/sorted/paper/00015108.jpg,3
data/sorted/glass/00005352.jpg,1
data/sorted/glass/00019235.jpg,1
data/sorted/glass/00019606.jpg,1
data/sorted/metal/00020724.jpg,2
data/sorted/cardboard/00018029.jpg,0
data/sorted/glass/00005373.jpg,1
data/sorted/glass/00020236.jpg,1
data/sorted/glass/00019831.jpg,1
data/sorted/metal/00020667.jpg,2
data/sorted/paper/00015160.jpg,3
data/sorted/plastic/00023533.jpg,4
data/sorted/cardboard/00018713.jpg,0
data/sorted/plastic/00015775.jpg,4
data/sorted/plastic/00007965.jpg,4
data/sorted/plastic/00024241.jpg,4
data/sorted/plastic/00008200.jpg,4
data/sorted/cardboard/00002978.jpg,0
data/sorted/glass/00005108.jpg,1
data/sorted/glass/00004210.jpg,1
data/sorted/cardboard/00010355.jpg,0
data/sorted/plastic/00009141.jpg,4
data/sorted/metal/00005752.jpg,2
data/sorted/cardboard/00003072.jpg,0
data/sorted/paper/00022336.jpg,3
data/sorted/paper/00021544.jpg,3
data/sorted/cardboard/00003604.jpg,0
data/sorted/glass/00019052.jpg,1
data/sorted/plastic/00015836.jpg,4
data/sorted/glass/00000880.jpg,1
data/sorted/cardboard/00003199.jpg,0
data/sorted/paper/00007850.jpg,3
data/sorted/trash/00009691.jpg,5
data/sorted/paper/00007895.jpg,3
data/sorted/glass/00012322.jpg,1
data/sorted/paper/00014479.jpg,3
data/sorted/plastic/00016277.jpg,4
data/sorted/glass/00004212.jpg,1
data/sorted/paper/00007407.jpg,3
data/sorted/plastic/00023392.jpg,4
data/sorted/paper/00014499.jpg,3
data/sorted/cardboard/00010503.jpg,0
data/sorted/plastic/00009208.jpg,4
data/sorted/plastic/00008769.jpg,4
data/sorted/glass/00005635.jpg,1
data/sorted/trash/00009755.jpg,5
data/sorted/metal/00006154.jpg,2
data/sorted/plastic/00023035.jpg,4
data/sorted/cardboard/00002891.jpg,0
data/sorted/cardboard/00018154.jpg,0
data/sorted/trash/00024739.jpg,5
data/sorted/plastic/00001917.jpg,4
data/sorted/plastic/00016655.jpg,4
data/sorted/glass/00011403.jpg,1
data/sorted/cardboard/00010356.jpg,0
data/sorted/cardboard/00010158.jpg,0
data/sorted/metal/00005764.jpg,2
data/sorted/glass/00005268.jpg,1
data/sorted/cardboard/00000398.jpg,0
data/sorted/plastic/00002243.jpg,4
data/sorted/metal/00005900.jpg,2
data/sorted/trash/00009883.jpg,5
data/sorted/plastic/00009233.jpg,4
data/sorted/glass/00000447.jpg,1
data/sorted/glass/00019900.jpg,1
data/sorted/glass/00000846.jpg,1
data/sorted/cardboard/00010890.jpg,0
data/sorted/glass/00012116.jpg,1
data/sorted/metal/00013155.jpg,2
data/sorted/glass/00005121.jpg,1
data/sorted/metal/00006125.jpg,2
data/sorted/paper/00022301.jpg,3
data/sorted/paper/00007058.jpg,3
data/sorted/trash/00017412.jpg,5
data/sorted/cardboard/00002846.jpg,0
data/sorted/trash/00009843.jpg,5
data/sorted/plastic/00015574.jpg,4
data/sorted/plastic/00016947.jpg,4
data/sorted/trash/00009677.jpg,5
data/sorted/metal/00006096.jpg,2
data/sorted/plastic/00023972.jpg,4
data/sorted/glass/00012005.jpg,1
data/sorted/trash/00017203.jpg,5
data/sorted/paper/00007854.jpg,3
data/sorted/plastic/00015877.jpg,4
data/sorted/glass/00005626.jpg,1
data/sorted/plastic/00024437.jpg,4
data/sorted/plastic/00002084.jpg,4
data/sorted/plastic/00023712.jpg,4
data/sorted/cardboard/00010327.jpg,0
data/sorted/glass/00004105.jpg,1
data/sorted/plastic/00024054.jpg,4
data/sorted/paper/00006752.jpg,3
data/sorted/paper/00014906.jpg,3
data/sorted/plastic/00008473.jpg,4
data/sorted/plastic/00008981.jpg,4
data/sorted/paper/00001473.jpg,3
data/sorted/metal/00013763.jpg,2
data/sorted/metal/00014019.jpg,2
data/sorted/glass/00012649.jpg,1
data/sorted/plastic/00008703.jpg,4
data/sorted/paper/00001891.jpg,3
data/sorted/paper/00015186.jpg,3
data/sorted/cardboard/00000078.jpg,0
data/sorted/plastic/00023685.jpg,4
data/sorted/paper/00014298.jpg,3
data/sorted/plastic/00009080.jpg,4
data/sorted/metal/00021129.jpg,2
data/sorted/glass/00000599.jpg,1
data/sorted/plastic/00001922.jpg,4
data/sorted/paper/00007851.jpg,3
data/sorted/paper/00001481.jpg,3
data/sorted/metal/00006231.jpg,2
data/sorted/cardboard/00003385.jpg,0
data/sorted/trash/00017229.jpg,5
data/sorted/metal/00005807.jpg,2
data/sorted/plastic/00008674.jpg,4
data/sorted/metal/00020784.jpg,2
data/sorted/glass/00004980.jpg,1
data/sorted/cardboard/00010264.jpg,0
data/sorted/paper/00014260.jpg,3
data/sorted/trash/00024476.jpg,5
data/sorted/metal/00000972.jpg,2
data/sorted/metal/00013205.jpg,2
data/sorted/paper/00014880.jpg,3
data/sorted/trash/00017125.jpg,5
data/sorted/plastic/00002203.jpg,4
data/sorted/glass/00013043.jpg,1
data/sorted/plastic/00009072.jpg,4
data/sorted/paper/00021758.jpg,3
data/sorted/glass/00011870.jpg,1
data/sorted/metal/00001204.jpg,2
data/sorted/plastic/00009052.jpg,4
data/sorted/paper/00001642.jpg,3
data/sorted/metal/00001069.jpg,2
data/sorted/plastic/00016933.jpg,4
data/sorted/plastic/00023634.jpg,4
data/sorted/cardboard/00003225.jpg,0
data/sorted/glass/00012213.jpg,1
data/sorted/paper/00001706.jpg,3
data/sorted/paper/00007320.jpg,3
data/sorted/plastic/00022930.jpg,4
data/sorted/paper/00021613.jpg,3
data/sorted/metal/00001228.jpg,2
data/sorted/cardboard/00017909.jpg,0
data/sorted/cardboard/00018711.jpg,0
data/sorted/plastic/00015603.jpg,4
data/sorted/cardboard/00010655.jpg,0
data/sorted/paper/00021757.jpg,3
data/sorted/metal/00013469.jpg,2
data/sorted/cardboard/00010937.jpg,0
data/sorted/paper/00015089.jpg,3
data/sorted/cardboard/00002802.jpg,0
data/sorted/plastic/00016484.jpg,4
data/sorted/plastic/00001964.jpg,4
data/sorted/glass/00012511.jpg,1
data/sorted/glass/00012356.jpg,1
data/sorted/plastic/00015939.jpg,4
data/sorted/cardboard/00002723.jpg,0
data/sorted/metal/00005882.jpg,2
data/sorted/glass/00019457.jpg,1
data/sorted/paper/00006627.jpg,3
data/sorted/glass/00013123.jpg,1
data/sorted/trash/00009643.jpg,5
data/sorted/paper/00006633.jpg,3
data/sorted/plastic/00023616.jpg,4
data/sorted/paper/00014686.jpg,3
data/sorted/glass/00012882.jpg,1
data/sorted/trash/00024876.jpg,5
data/sorted/glass/00005311.jpg,1
data/sorted/plastic/00024291.jpg,4
data/sorted/glass/00011803.jpg,1
data/sorted/metal/00000996.jpg,2
data/sorted/glass/00012612.jpg,1
data/sorted/paper/00022568.jpg,3
data/sorted/plastic/00009440.jpg,4
data/sorted/plastic/00008658.jpg,4
data/sorted/cardboard/00003783.jpg,0
data/sorted/glass/00019947.jpg,1
data/sorted/plastic/00008125.jpg,4
data/sorted/glass/00012857.jpg,1
data/sorted/cardboard/00018238.jpg,0
data/sorted/glass/00018873.jpg,1
data/sorted/metal/00001264.jpg,2
data/sorted/metal/00001284.jpg,2
data/sorted/plastic/00015628.jpg,4
data/sorted/plastic/00008576.jpg,4
data/sorted/plastic/00002290.jpg,4
data/sorted/plastic/00008553.jpg,4
data/sorted/plastic/00008268.jpg,4
data/sorted/paper/00022514.jpg,3
data/sorted/paper/00015395.jpg,3
data/sorted/plastic/00024223.jpg,4
data/sorted/cardboard/00000146.jpg,0
data/sorted/glass/00019727.jpg,1
data/sorted/cardboard/00010982.jpg,0
data/sorted/trash/00009709.jpg,5
data/sorted/metal/00013602.jpg,2
data/sorted/glass/00004707.jpg,1
data/sorted/metal/00001168.jpg,2
data/sorted/metal/00006246.jpg,2
data/sorted/paper/00014616.jpg,3
data/sorted/cardboard/00002553.jpg,0
data/sorted/plastic/00016714.jpg,4
data/sorted/cardboard/00011297.jpg,0
data/sorted/cardboard/00003313.jpg,0
data/sorted/cardboard/00003925.jpg,0
data/sorted/glass/00020469.jpg,1
data/sorted/metal/00006236.jpg,2
data/sorted/paper/00007820.jpg,3
data/sorted/paper/00007867.jpg,3
data/sorted/plastic/00008681.jpg,4
data/sorted/cardboard/00010040.jpg,0
data/sorted/paper/00021958.jpg,3
data/sorted/plastic/00016281.jpg,4
data/sorted/cardboard/00017640.jpg,0
data/sorted/glass/00020288.jpg,1
data/sorted/cardboard/00018459.jpg,0
data/sorted/paper/00022425.jpg,3
data/sorted/plastic/00023792.jpg,4
data/sorted/glass/00020317.jpg,1
data/sorted/glass/00012626.jpg,1
data/sorted/paper/00022126.jpg,3
data/sorted/glass/00019507.jpg,1
data/sorted/metal/00006047.jpg,2
data/sorted/metal/00021504.jpg,2
data/sorted/cardboard/00003849.jpg,0
data/sorted/paper/00014543.jpg,3
data/sorted/glass/00004790.jpg,1
data/sorted/cardboard/00010659.jpg,0
data/sorted/metal/00013972.jpg,2
data/sorted/paper/00022736.jpg,3
data/sorted/trash/00017193.jpg,5
data/sorted/metal/00001124.jpg,2
data/sorted/paper/00007568.jpg,3
data/sorted/glass/00000590.jpg,1
data/sorted/cardboard/00003476.jpg,0
data/sorted/metal/00006466.jpg,2
data/sorted/metal/00013856.jpg,2
data/sorted/cardboard/00010436.jpg,0
data/sorted/metal/00014003.jpg,2
data/sorted/glass/00019954.jpg,1
data/sorted/paper/00014483.jpg,3
data/sorted/paper/00007384.jpg,3
data/sorted/glass/00013001.jpg,1
data/sorted/paper/00006756.jpg,3
data/sorted/cardboard/00000171.jpg,0
data/sorted/cardboard/00002898.jpg,0
data/sorted/metal/00005999.jpg,2
data/sorted/glass/00005064.jpg,1
data/sorted/cardboard/00002882.jpg,0
data/sorted/trash/00017167.jpg,5
data/sorted/plastic/00015464.jpg,4
data/sorted/trash/00009678.jpg,5
data/sorted/metal/00006495.jpg,2
data/sorted/cardboard/00011293.jpg,0
data/sorted/cardboard/00000167.jpg,0
data/sorted/plastic/00008345.jpg,4
data/sorted/cardboard/00010832.jpg,0
data/sorted/metal/00021098.jpg,2
data/sorted/plastic/00016753.jpg,4
data/sorted/paper/00007224.jpg,3
data/sorted/plastic/00016634.jpg,4
data/sorted/paper/00014234.jpg,3
data/sorted/plastic/00008066.jpg,4
data/sorted/paper/00001464.jpg,3
data/sorted/plastic/00008180.jpg,4
data/sorted/plastic/00023001.jpg,4
data/sorted/plastic/00009084.jpg,4
data/sorted/glass/00012140.jpg,1
data/sorted/metal/00021351.jpg,2
data/sorted/paper/00015239.jpg,3
data/sorted/cardboard/00002961.jpg,0
data/sorted/paper/00022424.jpg,3
data/sorted/cardboard/00018174.jpg,0
data/sorted/cardboard/00002725.jpg,0
data/sorted/glass/00018986.jpg,1
data/sorted/glass/00012459.jpg,1
data/sorted/glass/00019545.jpg,1
data/sorted/plastic/00008527.jpg,4
data/sorted/glass/00013052.jpg,1
data/sorted/glass/00004036.jpg,1
data/sorted/paper/00007346.jpg,3
data/sorted/plastic/00015614.jpg,4
data/sorted/metal/00021009.jpg,2
data/sorted/cardboard/00010219.jpg,0
data/sorted/paper/00007099.jpg,3
data/sorted/plastic/00016956.jpg,4
data/sorted/plastic/00009014.jpg,4
data/sorted/cardboard/00010043.jpg,0
data/sorted/glass/00011568.jpg,1
data/sorted/plastic/00008074.jpg,4
data/sorted/glass/00019578.jpg,1
data/sorted/paper/00015144.jpg,3
data/sorted/trash/00002424.jpg,5
data/sorted/glass/00004823.jpg,1
data/sorted/cardboard/00018691.jpg,0
data/sorted/plastic/00009311.jpg,4
data/sorted/paper/00007936.jpg,3
data/sorted/glass/00020166.jpg,1
data/sorted/metal/00005983.jpg,2
data/sorted/glass/00019768.jpg,1
data/sorted/cardboard/00017550.jpg,0
data/sorted/glass/00004943.jpg,1
data/sorted/paper/00021582.jpg,3
data/sorted/trash/00024685.jpg,5
data/sorted/paper/00014338.jpg,3
data/sorted/cardboard/00018212.jpg,0
data/sorted/plastic/00023065.jpg,4
data/sorted/plastic/00001986.jpg,4
data/sorted/trash/00024850.jpg,5
data/sorted/plastic/00016412.jpg,4
data/sorted/glass/00005376.jpg,1
data/sorted/plastic/00023250.jpg,4
data/sorted/paper/00007925.jpg,3
data/sorted/paper/00007828.jpg,3
data/sorted/cardboard/00010711.jpg,0
data/sorted/trash/00024682.jpg,5
data/sorted/metal/00001201.jpg,2
data/sorted/plastic/00008453.jpg,4
data/sorted/plastic/00009206.jpg,4
data/sorted/glass/00012535.jpg,1
data/sorted/cardboard/00003035.jpg,0
data/sorted/plastic/00015989.jpg,4
data/sorted/paper/00001332.jpg,3
data/sorted/cardboard/00002771.jpg,0
data/sorted/glass/00012896.jpg,1
data/sorted/paper/00007421.jpg,3
data/sorted/plastic/00016136.jpg,4
data/sorted/cardboard/00003536.jpg,0
data/sorted/plastic/00008958.jpg,4
data/sorted/cardboard/00000107.jpg,0
data/sorted/glass/00020545.jpg,1
data/sorted/plastic/00016303.jpg,4
data/sorted/glass/00004070.jpg,1
data/sorted/paper/00022003.jpg,3
data/sorted/glass/00011708.jpg,1
data/sorted/paper/00006940.jpg,3
data/sorted/metal/00014025.jpg,2
data/sorted/plastic/00022999.jpg,4
data/sorted/metal/00000962.jpg,2
data/sorted/glass/00011545.jpg,1
data/sorted/cardboard/00000006.jpg,0
data/sorted/glass/00004459.jpg,1
data/sorted/metal/00020879.jpg,2
data/sorted/glass/00020458.jpg,1
data/sorted/paper/00014522.jpg,3
data/sorted/metal/00006541.jpg,2
data/sorted/glass/00020214.jpg,1
data/sorted/cardboard/00003047.jpg,0
data/sorted/trash/00002526.jpg,5
data/sorted/paper/00022030.jpg,3
data/sorted/paper/00007598.jpg,3
data/sorted/plastic/00016611.jpg,4
data/sorted/plastic/00023263.jpg,4
data/sorted/plastic/00008990.jpg,4
data/sorted/plastic/00022880.jpg,4
data/sorted/trash/00009781.jpg,5
data/sorted/glass/00018884.jpg,1
data/sorted/plastic/00023566.jpg,4
data/sorted/plastic/00016327.jpg,4
data/sorted/cardboard/00011228.jpg,0
data/sorted/glass/00018952.jpg,1
data/sorted/cardboard/00017863.jpg,0
data/sorted/cardboard/00002628.jpg,0
data/sorted/glass/00005584.jpg,1
data/sorted/plastic/00008305.jpg,4
data/sorted/metal/00013776.jpg,2
data/sorted/paper/00021705.jpg,3
data/sorted/cardboard/00018597.jpg,0
data/sorted/paper/00022050.jpg,3
data/sorted/trash/00009624.jpg,5
data/sorted/glass/00018934.jpg,1
data/sorted/metal/00013512.jpg,2
data/sorted/plastic/00023771.jpg,4
data/sorted/cardboard/00000099.jpg,0
data/sorted/metal/00005744.jpg,2
data/sorted/plastic/00023929.jpg,4
data/sorted/cardboard/00011025.jpg,0
data/sorted/glass/00018930.jpg,1
data/sorted/glass/00020216.jpg,1
data/sorted/glass/00011531.jpg,1
data/sorted/trash/00009697.jpg,5
data/sorted/trash/00017404.jpg,5
data/sorted/plastic/00008117.jpg,4
data/sorted/metal/00021037.jpg,2
data/sorted/paper/00007048.jpg,3
data/sorted/metal/00013941.jpg,2
data/sorted/cardboard/00011244.jpg,0
data/sorted/metal/00005889.jpg,2
data/sorted/paper/00021577.jpg,3
data/sorted/cardboard/00010442.jpg,0
data/sorted/glass/00019978.jpg,1
data/sorted/trash/00009669.jpg,5
data/sorted/cardboard/00017884.jpg,0
data/sorted/cardboard/00003255.jpg,0
data/sorted/glass/00012575.jpg,1
data/sorted/cardboard/00003566.jpg,0
data/sorted/cardboard/00010733.jpg,0
data/sorted/cardboard/00003611.jpg,0
data/sorted/cardboard/00018726.jpg,0
data/sorted/paper/00022417.jpg,3
data/sorted/trash/00009540.jpg,5
data/sorted/metal/00013648.jpg,2
data/sorted/cardboard/00010159.jpg,0
data/sorted/glass/00012965.jpg,1
data/sorted/glass/00019258.jpg,1
data/sorted/paper/00007333.jpg,3
data/sorted/glass/00011947.jpg,1
data/sorted/cardboard/00003920.jpg,0
data/sorted/trash/00017074.jpg,5
data/sorted/paper/00014999.jpg,3
data/sorted/glass/00000742.jpg,1
data/sorted/trash/00017115.jpg,5
data/sorted/paper/00007287.jpg,3
data/sorted/glass/00011585.jpg,1
data/sorted/paper/00022195.jpg,3
data/sorted/glass/00004502.jpg,1
data/sorted/plastic/00002007.jpg,4
data/sorted/glass/00004396.jpg,1
data/sorted/trash/00009946.jpg,5
data/sorted/metal/00021078.jpg,2
data/sorted/paper/00001760.jpg,3
data/sorted/paper/00014797.jpg,3
data/sorted/metal/00006566.jpg,2
data/sorted/glass/00000898.jpg,1
data/sorted/plastic/00008809.jpg,4
data/sorted/glass/00000575.jpg,1
data/sorted/paper/00014659.jpg,3
data/sorted/metal/00005808.jpg,2
data/sorted/cardboard/00011310.jpg,0
data/sorted/glass/00012438.jpg,1
data/sorted/glass/00019793.jpg,1
data/sorted/glass/00005075.jpg,1
data/sorted/metal/00013433.jpg,2
data/sorted/glass/00012747.jpg,1
data/sorted/cardboard/00003514.jpg,0
data/sorted/glass/00004256.jpg,1
data/sorted/trash/00017020.jpg,5
data/sorted/metal/00013714.jpg,2
data/sorted/cardboard/00003298.jpg,0
data/sorted/plastic/00008072.jpg,4
data/sorted/plastic/00023463.jpg,4
data/sorted/plastic/00008587.jpg,4
data/sorted/plastic/00008338.jpg,4
data/sorted/glass/00005242.jpg,1
data/sorted/cardboard/00011027.jpg,0
data/sorted/cardboard/00018427.jpg,0
data/sorted/glass/00011559.jpg,1
data/sorted/paper/00001709.jpg,3
data/sorted/paper/00015308.jpg,3
data/sorted/cardboard/00018034.jpg,0
data/sorted/trash/00009562.jpg,5
data/sorted/metal/00020933.jpg,2
data/sorted/trash/00024575.jpg,5
data/sorted/cardboard/00018008.jpg,0
data/sorted/glass/00019951.jpg,1
data/sorted/cardboard/00017782.jpg,0
data/sorted/paper/00015087.jpg,3
data/sorted/glass/00013112.jpg,1
data/sorted/metal/00021363.jpg,2
data/sorted/cardboard/00003408.jpg,0
data/sorted/plastic/00002372.jpg,4
data/sorted/plastic/00008187.jpg,4
data/sorted/glass/00012300.jpg,1
data/sorted/plastic/00023754.jpg,4
data/sorted/paper/00007930.jpg,3
data/sorted/glass/00019390.jpg,1
data/sorted/glass/00011450.jpg,1
data/sorted/plastic/00015751.jpg,4
data/sorted/cardboard/00010959.jpg,0
data/sorted/paper/00007720.jpg,3
data/sorted/plastic/00008056.jpg,4
data/sorted/glass/00013093.jpg,1
data/sorted/plastic/00008259.jpg,4
data/sorted/glass/00013071.jpg,1
data/sorted/trash/00017150.jpg,5
data/sorted/plastic/00022928.jpg,4
data/sorted/paper/00014312.jpg,3
data/sorted/plastic/00024109.jpg,4
data/sorted/metal/00020914.jpg,2
data/sorted/metal/00020893.jpg,2
data/sorted/cardboard/00000281.jpg,0
data/sorted/metal/00013204.jpg,2
data/sorted/plastic/00024026.jpg,4
data/sorted/paper/00022252.jpg,3
data/sorted/cardboard/00003774.jpg,0
data/sorted/cardboard/00018370.jpg,0
data/sorted/cardboard/00003405.jpg,0
data/sorted/metal/00013301.jpg,2
data/sorted/cardboard/00017592.jpg,0
data/sorted/glass/00019451.jpg,1
data/sorted/plastic/00001910.jpg,4
data/sorted/paper/00014152.jpg,3
data/sorted/glass/00004649.jpg,1
data/sorted/cardboard/00003168.jpg,0
data/sorted/plastic/00008327.jpg,4
data/sorted/metal/00006534.jpg,2
data/sorted/plastic/00024273.jpg,4
data/sorted/paper/00014119.jpg,3
data/sorted/plastic/00008047.jpg,4
data/sorted/cardboard/00017473.jpg,0
data/sorted/paper/00007027.jpg,3
data/sorted/plastic/00016971.jpg,4
data/sorted/cardboard/00002987.jpg,0
data/sorted/cardboard/00010353.jpg,0
data/sorted/plastic/00008637.jpg,4
data/sorted/metal/00021234.jpg,2
data/sorted/trash/00024704.jpg,5
data/sorted/paper/00022543.jpg,3
data/sorted/glass/00000606.jpg,1
data/sorted/glass/00012190.jpg,1
data/sorted/plastic/00023316.jpg,4
data/sorted/glass/00004641.jpg,1
data/sorted/trash/00017272.jpg,5
data/sorted/paper/00014360.jpg,3
data/sorted/trash/00009581.jpg,5
data/sorted/plastic/00024368.jpg,4
data/sorted/cardboard/00003243.jpg,0
data/sorted/cardboard/00010476.jpg,0
data/sorted/cardboard/00003324.jpg,0
data/sorted/paper/00007623.jpg,3
data/sorted/plastic/00023188.jpg,4
data/sorted/metal/00013497.jpg,2
data/sorted/metal/00020756.jpg,2
data/sorted/paper/00007190.jpg,3
data/sorted/cardboard/00003792.jpg,0
data/sorted/glass/00019190.jpg,1
data/sorted/paper/00001890.jpg,3
data/sorted/trash/00009694.jpg,5
data/sorted/trash/00024883.jpg,5
data/sorted/cardboard/00000334.jpg,0
data/sorted/paper/00015037.jpg,3
data/sorted/cardboard/00010109.jpg,0
data/sorted/glass/00011631.jpg,1
data/sorted/cardboard/00003612.jpg,0
data/sorted/paper/00014772.jpg,3
data/sorted/glass/00000624.jpg,1
data/sorted/cardboard/00003607.jpg,0
data/sorted/metal/00006261.jpg,2
data/sorted/glass/00012675.jpg,1
data/sorted/plastic/00023318.jpg,4
data/sorted/paper/00007835.jpg,3
data/sorted/paper/00007832.jpg,3
data/sorted/plastic/00023474.jpg,4
data/sorted/plastic/00023429.jpg,4
data/sorted/plastic/00008872.jpg,4
data/sorted/plastic/00008465.jpg,4
data/sorted/metal/00013822.jpg,2
data/sorted/plastic/00023069.jpg,4
data/sorted/metal/00013264.jpg,2
data/sorted/plastic/00023905.jpg,4
data/sorted/paper/00014198.jpg,3
data/sorted/glass/00019692.jpg,1
data/sorted/metal/00005757.jpg,2
data/sorted/cardboard/00011373.jpg,0
data/sorted/glass/00019104.jpg,1
data/sorted/glass/00005270.jpg,1
data/sorted/glass/00004516.jpg,1
data/sorted/glass/00004991.jpg,1
data/sorted/plastic/00023015.jpg,4
data/sorted/glass/00003992.jpg,1
data/sorted/paper/00007912.jpg,3
data/sorted/plastic/00015549.jpg,4
data/sorted/glass/00004693.jpg,1
data/sorted/glass/00004706.jpg,1
data/sorted/glass/00012943.jpg,1
data/sorted/cardboard/00017510.jpg,0
data/sorted/glass/00011989.jpg,1
data/sorted/plastic/00016638.jpg,4
data/sorted/cardboard/00011057.jpg,0
data/sorted/glass/00012942.jpg,1
data/sorted/plastic/00023291.jpg,4
data/sorted/plastic/00009531.jpg,4
data/sorted/cardboard/00018613.jpg,0
data/sorted/cardboard/00018617.jpg,0
data/sorted/paper/00015159.jpg,3
data/sorted/plastic/00023362.jpg,4
data/sorted/trash/00002512.jpg,5
data/sorted/paper/00001432.jpg,3
data/sorted/paper/00021715.jpg,3
data/sorted/cardboard/00000243.jpg,0
data/sorted/cardboard/00017552.jpg,0
data/sorted/cardboard/00010371.jpg,0
data/sorted/metal/00013847.jpg,2
data/sorted/glass/00000810.jpg,1
data/sorted/cardboard/00000364.jpg,0
data/sorted/paper/00001556.jpg,3
data/sorted/cardboard/00018138.jpg,0
data/sorted/plastic/00024077.jpg,4
data/sorted/metal/00020623.jpg,2
data/sorted/metal/00006211.jpg,2
data/sorted/cardboard/00003695.jpg,0
data/sorted/metal/00006173.jpg,2
data/sorted/metal/00014058.jpg,2
data/sorted/glass/00004161.jpg,1
data/sorted/glass/00004713.jpg,1
data/sorted/metal/00006599.jpg,2
data/sorted/trash/00017085.jpg,5
data/sorted/paper/00015075.jpg,3
data/sorted/plastic/00008672.jpg,4
data/sorted/glass/00011593.jpg,1
data/sorted/metal/00021024.jpg,2
data/sorted/trash/00024771.jpg,5
data/sorted/cardboard/00018608.jpg,0
data/sorted/metal/00020708.jpg,2
data/sorted/plastic/00008262.jpg,4
data/sorted/plastic/00023404.jpg,4
data/sorted/cardboard/00002784.jpg,0
data/sorted/glass/00004056.jpg,1
data/sorted/plastic/00009363.jpg,4
data/sorted/glass/00000873.jpg,1
data/sorted/glass/00011442.jpg,1
data/sorted/paper/00007461.jpg,3
data/sorted/glass/00004344.jpg,1
data/sorted/glass/00005081.jpg,1
data/sorted/cardboard/00000056.jpg,0
data/sorted/paper/00021722.jpg,3
data/sorted/cardboard/00000328.jpg,0
data/sorted/paper/00014281.jpg,3
data/sorted/glass/00011665.jpg,1
data/sorted/plastic/00016742.jpg,4
data/sorted/cardboard/00003805.jpg,0
data/sorted/plastic/00024000.jpg,4
data/sorted/glass/00005642.jpg,1
data/sorted/metal/00020798.jpg,2
data/sorted/cardboard/00003674.jpg,0
data/sorted/plastic/00023445.jpg,4
data/sorted/glass/00000897.jpg,1
data/sorted/plastic/00023476.jpg,4
data/sorted/glass/00004286.jpg,1
data/sorted/cardboard/00011289.jpg,0
data/sorted/trash/00024781.jpg,5
data/sorted/plastic/00022988.jpg,4
data/sorted/plastic/00023470.jpg,4
data/sorted/cardboard/00010639.jpg,0
data/sorted/cardboard/00003203.jpg,0
data/sorted/paper/00015209.jpg,3
data/sorted/glass/00011895.jpg,1
data/sorted/paper/00006716.jpg,3
data/sorted/glass/00012647.jpg,1
data/sorted/paper/00007039.jpg,3
data/sorted/cardboard/00018425.jpg,0
data/sorted/glass/00012317.jpg,1
data/sorted/cardboard/00011312.jpg,0
data/sorted/glass/00005290.jpg,1
data/sorted/metal/00021520.jpg,2
data/sorted/glass/00012435.jpg,1
data/sorted/plastic/00016015.jpg,4
data/sorted/plastic/00016117.jpg,4
data/sorted/paper/00014807.jpg,3
data/sorted/glass/00013116.jpg,1
data/sorted/cardboard/00002770.jpg,0
data/sorted/plastic/00015660.jpg,4
data/sorted/paper/00014790.jpg,3
data/sorted/cardboard/00003498.jpg,0
data/sorted/cardboard/00011298.jpg,0
data/sorted/glass/00012469.jpg,1
data/sorted/glass/00018987.jpg,1
data/sorted/paper/00021688.jpg,3
data/sorted/glass/00011934.jpg,1
data/sorted/plastic/00023025.jpg,4
data/sorted/cardboard/00010406.jpg,0
data/sorted/cardboard/00017773.jpg,0
data/sorted/glass/00012934.jpg,1
data/sorted/cardboard/00002876.jpg,0
data/sorted/metal/00006209.jpg,2
data/sorted/cardboard/00003904.jpg,0
data/sorted/cardboard/00017944.jpg,0
data/sorted/plastic/00023786.jpg,4
data/sorted/cardboard/00010238.jpg,0
data/sorted/metal/00001283.jpg,2
data/sorted/cardboard/00010432.jpg,0
data/sorted/trash/00024474.jpg,5
data/sorted/cardboard/00002860.jpg,0
data/sorted/metal/00013224.jpg,2
data/sorted/plastic/00023514.jpg,4
data/sorted/glass/00005612.jpg,1
data/sorted/glass/00020506.jpg,1
data/sorted/glass/00019895.jpg,1
data/sorted/metal/00001020.jpg,2
data/sorted/paper/00001763.jpg,3
data/sorted/plastic/00015960.jpg,4
data/sorted/cardboard/00003205.jpg,0
data/sorted/paper/00001822.jpg,3
data/sorted/paper/00001652.jpg,3
data/sorted/glass/00004598.jpg,1
data/sorted/plastic/00023788.jpg,4
data/sorted/glass/00012234.jpg,1
data/sorted/paper/00022367.jpg,3
data/sorted/paper/00007855.jpg,3
data/sorted/plastic/00016642.jpg,4
data/sorted/paper/00014768.jpg,3
data/sorted/plastic/00016667.jpg,4
data/sorted/plastic/00016454.jpg,4
data/sorted/paper/00001848.jpg,3
data/sorted/cardboard/00017855.jpg,0
data/sorted/trash/00024503.jpg,5
data/sorted/cardboard/00011275.jpg,0
data/sorted/trash/00009954.jpg,5
data/sorted/plastic/00009489.jpg,4
data/sorted/paper/00014727.jpg,3
data/sorted/glass/00019694.jpg,1
data/sorted/plastic/00023718.jpg,4
data/sorted/metal/00001268.jpg,2
data/sorted/metal/00020953.jpg,2
data/sorted/plastic/00015718.jpg,4
data/sorted/plastic/00009230.jpg,4
data/sorted/plastic/00015554.jpg,4
data/sorted/plastic/00016886.jpg,4
data/sorted/cardboard/00003172.jpg,0
data/sorted/paper/00007127.jpg,3
data/sorted/plastic/00008334.jpg,4
data/sorted/plastic/00002030.jpg,4
data/sorted/cardboard/00018344.jpg,0
data/sorted/glass/00012022.jpg,1
data/sorted/plastic/00007970.jpg,4
data/sorted/metal/00021200.jpg,2
data/sorted/paper/00007308.jpg,3
data/sorted/plastic/00015734.jpg,4
data/sorted/glass/00003993.jpg,1
data/sorted/plastic/00009211.jpg,4
data/sorted/trash/00024868.jpg,5
data/sorted/plastic/00008759.jpg,4
data/sorted/paper/00007627.jpg,3
data/sorted/glass/00011986.jpg,1
data/sorted/paper/00007933.jpg,3
data/sorted/glass/00012499.jpg,1
data/sorted/glass/00018917.jpg,1
data/sorted/cardboard/00017631.jpg,0
data/sorted/plastic/00002012.jpg,4
data/sorted/plastic/00001937.jpg,4
data/sorted/metal/00020605.jpg,2
data/sorted/paper/00001408.jpg,3
data/sorted/paper/00022661.jpg,3
data/sorted/trash/00002406.jpg,5
data/sorted/plastic/00016179.jpg,4
data/sorted/glass/00012110.jpg,1
data/sorted/paper/00007917.jpg,3
data/sorted/glass/00005431.jpg,1
data/sorted/metal/00013732.jpg,2
data/sorted/trash/00024751.jpg,5
data/sorted/glass/00020351.jpg,1
data/sorted/paper/00006899.jpg,3
data/sorted/glass/00020528.jpg,1
data/sorted/glass/00011924.jpg,1
data/sorted/glass/00020573.jpg,1
data/sorted/glass/00019492.jpg,1
data/sorted/paper/00021724.jpg,3
data/sorted/paper/00022147.jpg,3
data/sorted/glass/00012204.jpg,1
data/sorted/cardboard/00003195.jpg,0
data/sorted/glass/00019522.jpg,1
data/sorted/cardboard/00017791.jpg,0
data/sorted/plastic/00023408.jpg,4
data/sorted/paper/00007674.jpg,3
data/sorted/cardboard/00017669.jpg,0
data/sorted/cardboard/00018121.jpg,0
data/sorted/plastic/00015648.jpg,4
data/sorted/glass/00004781.jpg,1
data/sorted/glass/00012907.jpg,1
data/sorted/glass/00011902.jpg,1
data/sorted/plastic/00023803.jpg,4
data/sorted/paper/00006844.jpg,3
data/sorted/cardboard/00003853.jpg,0
data/sorted/glass/00000720.jpg,1
data/sorted/glass/00004170.jpg,1
data/sorted/cardboard/00011329.jpg,0
data/sorted/paper/00014707.jpg,3
data/sorted/glass/00000574.jpg,1
data/sorted/trash/00024692.jpg,5
data/sorted/glass/00000790.jpg,1
data/sorted/paper/00006724.jpg,3
data/sorted/glass/00011959.jpg,1
data/sorted/paper/00014947.jpg,3
data/sorted/cardboard/00003032.jpg,0
data/sorted/plastic/00002008.jpg,4
data/sorted/cardboard/00018128.jpg,0
data/sorted/plastic/00015685.jpg,4
data/sorted/trash/00017112.jpg,5
data/sorted/paper/00007484.jpg,3
data/sorted/paper/00007182.jpg,3
data/sorted/glass/00005665.jpg,1
data/sorted/metal/00006082.jpg,2
data/sorted/cardboard/00017754.jpg,0
data/sorted/glass/00011956.jpg,1
data/sorted/metal/00005986.jpg,2
data/sorted/plastic/00002002.jpg,4
data/sorted/plastic/00023772.jpg,4
data/sorted/metal/00013713.jpg,2
data/sorted/cardboard/00010907.jpg,0
data/sorted/plastic/00002225.jpg,4
data/sorted/plastic/00023820.jpg,4
data/sorted/plastic/00024076.jpg,4
data/sorted/cardboard/00000075.jpg,0
data/sorted/metal/00021527.jpg,2
data/sorted/paper/00021684.jpg,3
data/sorted/plastic/00015862.jpg,4
data/sorted/cardboard/00017937.jpg,0
data/sorted/metal/00000945.jpg,2
data/sorted/paper/00015354.jpg,3
data/sorted/plastic/00008251.jpg,4
data/sorted/cardboard/00010354.jpg,0
data/sorted/glass/00012542.jpg,1
data/sorted/plastic/00024246.jpg,4
data/sorted/glass/00011447.jpg,1
data/sorted/metal/00013957.jpg,2
data/sorted/paper/00001568.jpg,3
data/sorted/trash/00017333.jpg,5
data/sorted/glass/00020450.jpg,1
data/sorted/plastic/00009421.jpg,4
data/sorted/glass/00000695.jpg,1
data/sorted/cardboard/00000156.jpg,0
data/sorted/plastic/00008676.jpg,4
data/sorted/plastic/00009054.jpg,4
data/sorted/glass/00019033.jpg,1
data/sorted/cardboard/00010793.jpg,0
data/sorted/paper/00022270.jpg,3
data/sorted/plastic/00024035.jpg,4
data/sorted/plastic/00008661.jpg,4
data/sorted/cardboard/00000063.jpg,0
data/sorted/cardboard/00011115.jpg,0
data/sorted/glass/00004794.jpg,1
data/sorted/glass/00020103.jpg,1
data/sorted/cardboard/00010150.jpg,0
data/sorted/paper/00007639.jpg,3
data/sorted/glass/00005533.jpg,1
data/sorted/plastic/00024255.jpg,4
data/sorted/paper/00021863.jpg,3
data/sorted/paper/00014619.jpg,3
data/sorted/metal/00013460.jpg,2
data/sorted/paper/00001842.jpg,3
data/sorted/glass/00004112.jpg,1
data/sorted/plastic/00015781.jpg,4
data/sorted/glass/00005104.jpg,1
data/sorted/trash/00024817.jpg,5
data/sorted/paper/00006757.jpg,3
data/sorted/paper/00021897.jpg,3
data/sorted/metal/00006292.jpg,2
data/sorted/paper/00022451.jpg,3
data/sorted/cardboard/00000295.jpg,0
data/sorted/glass/00020297.jpg,1
data/sorted/cardboard/00003698.jpg,0
data/sorted/metal/00005750.jpg,2
data/sorted/metal/00006392.jpg,2
data/sorted/trash/00002425.jpg,5
data/sorted/paper/00007169.jpg,3
data/sorted/paper/00022577.jpg,3
data/sorted/plastic/00002390.jpg,4
data/sorted/metal/00006048.jpg,2
data/sorted/metal/00001273.jpg,2
data/sorted/plastic/00008537.jpg,4
data/sorted/glass/00004850.jpg,1
data/sorted/cardboard/00017784.jpg,0
data/sorted/plastic/00016608.jpg,4
data/sorted/glass/00012727.jpg,1
data/sorted/metal/00006376.jpg,2
data/sorted/plastic/00015922.jpg,4
data/sorted/paper/00006839.jpg,3
data/sorted/trash/00017423.jpg,5
data/sorted/glass/00012358.jpg,1
data/sorted/paper/00021939.jpg,3
data/sorted/plastic/00001999.jpg,4
data/sorted/glass/00020070.jpg,1
data/sorted/glass/00004152.jpg,1
data/sorted/metal/00020961.jpg,2
data/sorted/glass/00011594.jpg,1
data/sorted/paper/00014944.jpg,3
data/sorted/paper/00022820.jpg,3
data/sorted/paper/00014618.jpg,3
data/sorted/paper/00022250.jpg,3
data/sorted/cardboard/00018142.jpg,0
data/sorted/paper/00021704.jpg,3
data/sorted/plastic/00023523.jpg,4
data/sorted/plastic/00009293.jpg,4
data/sorted/cardboard/00017790.jpg,0
data/sorted/metal/00021177.jpg,2
data/sorted/plastic/00001909.jpg,4
data/sorted/paper/00014901.jpg,3
data/sorted/cardboard/00017847.jpg,0
data/sorted/glass/00011864.jpg,1
data/sorted/metal/00006254.jpg,2
data/sorted/glass/00012653.jpg,1
data/sorted/plastic/00008382.jpg,4
data/sorted/plastic/00016923.jpg,4
data/sorted/glass/00005060.jpg,1
data/sorted/paper/00015358.jpg,3
data/sorted/plastic/00024325.jpg,4
data/sorted/glass/00000532.jpg,1
data/sorted/cardboard/00002983.jpg,0
data/sorted/paper/00015077.jpg,3
data/sorted/cardboard/00018578.jpg,0
data/sorted/cardboard/00018076.jpg,0
data/sorted/glass/00005142.jpg,1
data/sorted/paper/00014143.jpg,3
data/sorted/glass/00011495.jpg,1
data/sorted/trash/00017323.jpg,5
data/sorted/metal/00006396.jpg,2
data/sorted/cardboard/00003318.jpg,0
data/sorted/paper/00022616.jpg,3
data/sorted/cardboard/00018039.jpg,0
data/sorted/plastic/00023154.jpg,4
data/sorted/cardboard/00003112.jpg,0
data/sorted/metal/00013756.jpg,2
data/sorted/paper/00001574.jpg,3
data/sorted/glass/00004957.jpg,1
data/sorted/metal/00013825.jpg,2
data/sorted/plastic/00015580.jpg,4
data/sorted/glass/00004547.jpg,1
data/sorted/paper/00014578.jpg,3
data/sorted/paper/00022418.jpg,3
data/sorted/glass/00000559.jpg,1
data/sorted/glass/00004385.jpg,1
data/sorted/cardboard/00017825.jpg,0
data/sorted/glass/00004835.jpg,1
data/sorted/paper/00014715.jpg,3
data/sorted/cardboard/00011118.jpg,0
data/sorted/plastic/00008608.jpg,4
data/sorted/trash/00024513.jpg,5
data/sorted/glass/00004374.jpg,1
data/sorted/cardboard/00018466.jpg,0
data/sorted/cardboard/00002740.jpg,0
data/sorted/metal/00000966.jpg,2
data/sorted/paper/00022224.jpg,3
data/sorted/metal/00005894.jpg,2
data/sorted/cardboard/00000062.jpg,0
data/sorted/metal/00021101.jpg,2
data/sorted/paper/00014354.jpg,3
data/sorted/glass/00000702.jpg,1
data/sorted/cardboard/00000302.jpg,0
data/sorted/plastic/00002337.jpg,4
data/sorted/paper/00022090.jpg,3
data/sorted/paper/00015272.jpg,3
data/sorted/paper/00007593.jpg,3
data/sorted/paper/00001507.jpg,3
data/sorted/cardboard/00003602.jpg,0
data/sorted/plastic/00008155.jpg,4
data/sorted/plastic/00008565.jpg,4
data/sorted/cardboard/00010116.jpg,0
data/sorted/paper/00014180.jpg,3
data/sorted/cardboard/00002985.jpg,0
data/sorted/plastic/00015810.jpg,4
data/sorted/plastic/00008402.jpg,4
data/sorted/cardboard/00003372.jpg,0
data/sorted/metal/00020924.jpg,2
data/sorted/paper/00001790.jpg,3
data/sorted/plastic/00022899.jpg,4
data/sorted/paper/00001643.jpg,3
data/sorted/paper/00001654.jpg,3
data/sorted/trash/00024506.jpg,5
data/sorted/trash/00017288.jpg,5
data/sorted/paper/00022190.jpg,3
data/sorted/glass/00012311.jpg,1
data/sorted/paper/00001813.jpg,3
data/sorted/plastic/00015894.jpg,4
data/sorted/trash/00017419.jpg,5
data/sorted/plastic/00008357.jpg,4
data/sorted/trash/00009945.jpg,5
data/sorted/glass/00019098.jpg,1
data/sorted/plastic/00009161.jpg,4
data/sorted/plastic/00023776.jpg,4
data/sorted/metal/00006147.jpg,2
data/sorted/glass/00004219.jpg,1
data/sorted/glass/00019088.jpg,1
data/sorted/paper/00015038.jpg,3
data/sorted/glass/00004451.jpg,1
data/sorted/plastic/00016931.jpg,4
data/sorted/paper/00015102.jpg,3
data/sorted/plastic/00023988.jpg,4
data/sorted/paper/00014087.jpg,3
data/sorted/metal/00020814.jpg,2
data/sorted/cardboard/00018835.jpg,0
data/sorted/paper/00014163.jpg,3
data/sorted/glass/00012687.jpg,1
data/sorted/glass/00012847.jpg,1
data/sorted/metal/00006308.jpg,2
data/sorted/plastic/00007999.jpg,4
data/sorted/glass/00011716.jpg,1
data/sorted/plastic/00016203.jpg,4
data/sorted/plastic/00015503.jpg,4
data/sorted/glass/00004896.jpg,1
data/sorted/metal/00013363.jpg,2
data/sorted/plastic/00023673.jpg,4
data/sorted/cardboard/00018780.jpg,0
data/sorted/cardboard/00003919.jpg,0
data/sorted/metal/00006052.jpg,2
data/sorted/plastic/00016333.jpg,4
data/sorted/plastic/00024260.jpg,4
data/sorted/paper/00001796.jpg,3
data/sorted/trash/00002511.jpg,5
data/sorted/plastic/00008475.jpg,4
data/sorted/glass/00005248.jpg,1
data/sorted/cardboard/00018290.jpg,0
data/sorted/cardboard/00017672.jpg,0
data/sorted/glass/00011965.jpg,1
data/sorted/glass/00018995.jpg,1
data/sorted/trash/00024792.jpg,5
data/sorted/plastic/00016776.jpg,4
data/sorted/trash/00009748.jpg,5
data/sorted/plastic/00008170.jpg,4
data/sorted/cardboard/00018148.jpg,0
data/sorted/plastic/00008812.jpg,4
data/sorted/paper/00014192.jpg,3
data/sorted/glass/00011458.jpg,1
data/sorted/plastic/00022879.jpg,4
data/sorted/paper/00007734.jpg,3
data/sorted/plastic/00008255.jpg,4
data/sorted/plastic/00008522.jpg,4
data/sorted/glass/00020157.jpg,1
data/sorted/plastic/00023524.jpg,4
data/sorted/plastic/00016570.jpg,4
data/sorted/paper/00021966.jpg,3
data/sorted/cardboard/00017866.jpg,0
data/sorted/cardboard/00003434.jpg,0
data/sorted/cardboard/00000199.jpg,0
data/sorted/glass/00005335.jpg,1
data/sorted/plastic/00023649.jpg,4
data/sorted/paper/00021926.jpg,3
data/sorted/plastic/00024269.jpg,4
data/sorted/metal/00013589.jpg,2
data/sorted/metal/00001094.jpg,2
data/sorted/plastic/00002125.jpg,4
data/sorted/glass/00020226.jpg,1
data/sorted/trash/00009663.jpg,5
data/sorted/glass/00005406.jpg,1
data/sorted/glass/00004966.jpg,1
data/sorted/glass/00005281.jpg,1
data/sorted/plastic/00002198.jpg,4
data/sorted/glass/00004940.jpg,1
data/sorted/glass/00000623.jpg,1
data/sorted/plastic/00016200.jpg,4
data/sorted/glass/00004709.jpg,1
data/sorted/plastic/00015484.jpg,4
data/sorted/metal/00013444.jpg,2
data/sorted/cardboard/00011206.jpg,0
data/sorted/cardboard/00018162.jpg,0
data/sorted/cardboard/00010289.jpg,0
data/sorted/plastic/00009510.jpg,4
data/sorted/glass/00004891.jpg,1
data/sorted/paper/00007611.jpg,3
data/sorted/plastic/00008853.jpg,4
data/sorted/paper/00014388.jpg,3
data/sorted/glass/00019168.jpg,1
data/sorted/glass/00005235.jpg,1
data/sorted/plastic/00023347.jpg,4
data/sorted/glass/00013113.jpg,1
data/sorted/paper/00015247.jpg,3
data/sorted/trash/00017075.jpg,5
data/sorted/paper/00022342.jpg,3
data/sorted/metal/00001282.jpg,2
data/sorted/paper/00007334.jpg,3
data/sorted/cardboard/00002715.jpg,0
data/sorted/plastic/00023367.jpg,4
data/sorted/glass/00019802.jpg,1
data/sorted/glass/00012670.jpg,1
data/sorted/plastic/00016008.jpg,4
data/sorted/glass/00004752.jpg,1
data/sorted/plastic/00009223.jpg,4
data/sorted/metal/00006122.jpg,2
data/sorted/cardboard/00011132.jpg,0
data/sorted/plastic/00016494.jpg,4
data/sorted/glass/00000507.jpg,1
data/sorted/plastic/00009271.jpg,4
data/sorted/trash/00009804.jpg,5
data/sorted/plastic/00023591.jpg,4
data/sorted/cardboard/00003319.jpg,0
data/sorted/paper/00001584.jpg,3
data/sorted/plastic/00008620.jpg,4
data/sorted/glass/00011721.jpg,1
data/sorted/plastic/00023049.jpg,4
data/sorted/paper/00021801.jpg,3
data/sorted/plastic/00016721.jpg,4
data/sorted/plastic/00023416.jpg,4
data/sorted/paper/00001398.jpg,3
data/sorted/glass/00011755.jpg,1
data/sorted/glass/00012412.jpg,1
data/sorted/paper/00022536.jpg,3
data/sorted/metal/00001056.jpg,2
data/sorted/cardboard/00018347.jpg,0
data/sorted/metal/00000914.jpg,2
data/sorted/glass/00012003.jpg,1
data/sorted/paper/00001445.jpg,3
data/sorted/cardboard/00017620.jpg,0
data/sorted/paper/00007087.jpg,3
data/sorted/cardboard/00010795.jpg,0
data/sorted/cardboard/00000307.jpg,0
data/sorted/paper/00001849.jpg,3
data/sorted/metal/00006001.jpg,2
data/sorted/paper/00014164.jpg,3
data/sorted/glass/00012308.jpg,1
data/sorted/paper/00014666.jpg,3
data/sorted/cardboard/00010049.jpg,0
data/sorted/plastic/00016514.jpg,4
data/sorted/paper/00007550.jpg,3
data/sorted/metal/00020774.jpg,2
data/sorted/cardboard/00017969.jpg,0
data/sorted/plastic/00015508.jpg,4
data/sorted/trash/00002469.jpg,5
data/sorted/paper/00015142.jpg,3
data/sorted/cardboard/00000381.jpg,0
data/sorted/metal/00020974.jpg,2
data/sorted/metal/00021378.jpg,2
data/sorted/glass/00004030.jpg,1
data/sorted/metal/00020972.jpg,2
data/sorted/trash/00024804.jpg,5
data/sorted/plastic/00007994.jpg,4
data/sorted/plastic/00015733.jpg,4
data/sorted/glass/00020072.jpg,1
data/sorted/cardboard/00003677.jpg,0
data/sorted/plastic/00024190.jpg,4
data/sorted/metal/00021390.jpg,2
data/sorted/metal/00013330.jpg,2
data/sorted/paper/00015125.jpg,3
data/sorted/glass/00004531.jpg,1
data/sorted/glass/00019342.jpg,1
data/sorted/paper/00001656.jpg,3
data/sorted/cardboard/00011376.jpg,0
data/sorted/glass/00011930.jpg,1
data/sorted/paper/00006714.jpg,3
data/sorted/cardboard/00011223.jpg,0
data/sorted/glass/00004242.jpg,1
data/sorted/plastic/00016610.jpg,4
data/sorted/plastic/00009423.jpg,4
data/sorted/glass/00012154.jpg,1
data/sorted/plastic/00016698.jpg,4
data/sorted/metal/00020713.jpg,2
data/sorted/cardboard/00003217.jpg,0
data/sorted/paper/00022551.jpg,3
data/sorted/plastic/00016614.jpg,4
data/sorted/cardboard/00017673.jpg,0
data/sorted/plastic/00016669.jpg,4
data/sorted/plastic/00008761.jpg,4
data/sorted/metal/00001102.jpg,2
data/sorted/plastic/00015560.jpg,4
data/sorted/cardboard/00002856.jpg,0
data/sorted/glass/00004472.jpg,1
data/sorted/glass/00005022.jpg,1
data/sorted/paper/00014418.jpg,3
data/sorted/cardboard/00010141.jpg,0
data/sorted/glass/00003988.jpg,1
data/sorted/cardboard/00003769.jpg,0
data/sorted/metal/00005840.jpg,2
data/sorted/cardboard/00010317.jpg,0
data/sorted/paper/00006962.jpg,3
data/sorted/plastic/00002126.jpg,4
data/sorted/plastic/00009096.jpg,4
data/sorted/cardboard/00000100.jpg,0
data/sorted/cardboard/00010848.jpg,0
data/sorted/glass/00011968.jpg,1
data/sorted/trash/00017128.jpg,5
data/sorted/glass/00020171.jpg,1
data/sorted/plastic/00008874.jpg,4
data/sorted/cardboard/00018600.jpg,0
data/sorted/metal/00021368.jpg,2
data/sorted/trash/00017121.jpg,5
data/sorted/plastic/00008934.jpg,4
data/sorted/plastic/00016716.jpg,4
data/sorted/glass/00011876.jpg,1
data/sorted/glass/00019797.jpg,1
data/sorted/plastic/00023366.jpg,4
data/sorted/glass/00005495.jpg,1
data/sorted/paper/00022043.jpg,3
data/sorted/cardboard/00011233.jpg,0
data/sorted/metal/00005971.jpg,2
data/sorted/paper/00001626.jpg,3
data/sorted/cardboard/00003196.jpg,0
data/sorted/cardboard/00010092.jpg,0
data/sorted/metal/00006491.jpg,2
data/sorted/plastic/00016265.jpg,4
data/sorted/metal/00006168.jpg,2
data/sorted/metal/00006361.jpg,2
data/sorted/glass/00019161.jpg,1
data/sorted/plastic/00008849.jpg,4
data/sorted/plastic/00023781.jpg,4
data/sorted/trash/00024596.jpg,5
data/sorted/cardboard/00003387.jpg,0
data/sorted/glass/00020004.jpg,1
data/sorted/metal/00013426.jpg,2
data/sorted/paper/00014755.jpg,3
data/sorted/cardboard/00002669.jpg,0
data/sorted/cardboard/00003128.jpg,0
data/sorted/paper/00022761.jpg,3
data/sorted/cardboard/00011363.jpg,0
data/sorted/paper/00006898.jpg,3
data/sorted/paper/00007007.jpg,3
data/sorted/metal/00013280.jpg,2
data/sorted/plastic/00016362.jpg,4
data/sorted/plastic/00016114.jpg,4
data/sorted/cardboard/00018237.jpg,0
data/sorted/trash/00024769.jpg,5
data/sorted/glass/00011529.jpg,1
data/sorted/plastic/00009438.jpg,4
data/sorted/glass/00000499.jpg,1
data/sorted/glass/00020416.jpg,1
data/sorted/paper/00001517.jpg,3
data/sorted/paper/00022298.jpg,3
data/sorted/trash/00024569.jpg,5
data/sorted/glass/00012341.jpg,1
data/sorted/plastic/00016030.jpg,4
data/sorted/glass/00019201.jpg,1
data/sorted/glass/00000837.jpg,1
data/sorted/metal/00006042.jpg,2
data/sorted/glass/00012278.jpg,1
data/sorted/plastic/00016169.jpg,4
data/sorted/paper/00014884.jpg,3
data/sorted/glass/00019331.jpg,1
data/sorted/metal/00021106.jpg,2
data/sorted/trash/00017312.jpg,5
data/sorted/metal/00001248.jpg,2
data/sorted/paper/00014402.jpg,3
data/sorted/glass/00019301.jpg,1
data/sorted/cardboard/00018770.jpg,0
data/sorted/plastic/00016724.jpg,4
data/sorted/metal/00013647.jpg,2
data/sorted/glass/00004482.jpg,1
data/sorted/glass/00004931.jpg,1
data/sorted/cardboard/00003379.jpg,0
data/sorted/glass/00012277.jpg,1
data/sorted/glass/00012357.jpg,1
data/sorted/glass/00019227.jpg,1
data/sorted/metal/00021235.jpg,2
data/sorted/plastic/00002193.jpg,4
data/sorted/cardboard/00002733.jpg,0
data/sorted/cardboard/00017616.jpg,0
data/sorted/cardboard/00017714.jpg,0
data/sorted/glass/00004154.jpg,1
data/sorted/cardboard/00017465.jpg,0
data/sorted/glass/00005427.jpg,1
data/sorted/plastic/00024217.jpg,4
data/sorted/paper/00014586.jpg,3
data/sorted/paper/00014600.jpg,3
data/sorted/metal/00001194.jpg,2
data/sorted/metal/00005771.jpg,2
data/sorted/paper/00007696.jpg,3
data/sorted/paper/00022216.jpg,3
data/sorted/paper/00007123.jpg,3
data/sorted/paper/00006966.jpg,3
data/sorted/paper/00022207.jpg,3
data/sorted/glass/00012836.jpg,1
data/sorted/plastic/00015871.jpg,4
data/sorted/paper/00007918.jpg,3
data/sorted/metal/00013700.jpg,2
data/sorted/metal/00013725.jpg,2
data/sorted/glass/00020443.jpg,1
data/sorted/cardboard/00000104.jpg,0
data/sorted/trash/00024902.jpg,5
data/sorted/paper/00014881.jpg,3
data/sorted/metal/00006112.jpg,2
data/sorted/plastic/00023932.jpg,4
data/sorted/paper/00014887.jpg,3
data/sorted/glass/00011719.jpg,1
data/sorted/trash/00024825.jpg,5
data/sorted/cardboard/00003097.jpg,0
data/sorted/glass/00012258.jpg,1
data/sorted/cardboard/00003314.jpg,0
data/sorted/cardboard/00002986.jpg,0
data/sorted/paper/00007441.jpg,3
data/sorted/paper/00007372.jpg,3
data/sorted/glass/00004096.jpg,1
data/sorted/cardboard/00010360.jpg,0
data/sorted/paper/00007243.jpg,3
data/sorted/glass/00004277.jpg,1
data/sorted/plastic/00023197.jpg,4
data/sorted/cardboard/00003658.jpg,0
data/sorted/metal/00021439.jpg,2
data/sorted/metal/00006092.jpg,2
data/sorted/cardboard/00017654.jpg,0
data/sorted/plastic/00023454.jpg,4
data/sorted/cardboard/00010897.jpg,0
data/sorted/glass/00012791.jpg,1
data/sorted/plastic/00016696.jpg,4
data/sorted/glass/00019046.jpg,1
data/sorted/cardboard/00003155.jpg,0
data/sorted/metal/00020969.jpg,2
data/sorted/paper/00021961.jpg,3
data/sorted/metal/00021171.jpg,2
data/sorted/paper/00007339.jpg,3
data/sorted/cardboard/00002806.jpg,0
data/sorted/paper/00022362.jpg,3
data/sorted/glass/00020249.jpg,1
data/sorted/paper/00006875.jpg,3
data/sorted/glass/00020139.jpg,1
data/sorted/cardboard/00003043.jpg,0
data/sorted/paper/00001582.jpg,3
data/sorted/plastic/00016364.jpg,4
data/sorted/glass/00005629.jpg,1
data/sorted/paper/00015149.jpg,3
data/sorted/cardboard/00017492.jpg,0
data/sorted/plastic/00024124.jpg,4
data/sorted/plastic/00022957.jpg,4
data/sorted/cardboard/00018751.jpg,0
data/sorted/glass/00019718.jpg,1
data/sorted/plastic/00022971.jpg,4
data/sorted/paper/00014236.jpg,3
data/sorted/plastic/00008138.jpg,4
data/sorted/glass/00019355.jpg,1
data/sorted/paper/00006970.jpg,3
data/sorted/glass/00005586.jpg,1
data/sorted/paper/00001344.jpg,3
data/sorted/paper/00007825.jpg,3
data/sorted/paper/00014179.jpg,3
data/sorted/glass/00004039.jpg,1
data/sorted/plastic/00023499.jpg,4
data/sorted/cardboard/00003228.jpg,0
data/sorted/cardboard/00010534.jpg,0
data/sorted/cardboard/00002933.jpg,0
data/sorted/cardboard/00018307.jpg,0
data/sorted/glass/00012029.jpg,1
data/sorted/paper/00001632.jpg,3
data/sorted/plastic/00008947.jpg,4
data/sorted/metal/00021245.jpg,2
data/sorted/cardboard/00018287.jpg,0
data/sorted/paper/00014488.jpg,3
data/sorted/cardboard/00010888.jpg,0
data/sorted/paper/00022623.jpg,3
data/sorted/plastic/00008604.jpg,4
data/sorted/glass/00003986.jpg,1
data/sorted/paper/00007727.jpg,3
data/sorted/plastic/00002285.jpg,4
data/sorted/glass/00019970.jpg,1
data/sorted/cardboard/00018455.jpg,0
data/sorted/plastic/00016598.jpg,4
data/sorted/glass/00013069.jpg,1
data/sorted/plastic/00001929.jpg,4
data/sorted/plastic/00009392.jpg,4
data/sorted/cardboard/00003906.jpg,0
data/sorted/paper/00007525.jpg,3
data/sorted/plastic/00009232.jpg,4
data/sorted/cardboard/00000368.jpg,0
data/sorted/glass/00004633.jpg,1
data/sorted/metal/00013398.jpg,2
data/sorted/glass/00018947.jpg,1
data/sorted/plastic/00002040.jpg,4
data/sorted/glass/00000775.jpg,1
data/sorted/plastic/00024105.jpg,4
data/sorted/cardboard/00010678.jpg,0
data/sorted/cardboard/00018251.jpg,0
data/sorted/cardboard/00017633.jpg,0
data/sorted/paper/00001452.jpg,3
data/sorted/cardboard/00003720.jpg,0
data/sorted/plastic/00023543.jpg,4
data/sorted/paper/00001316.jpg,3
data/sorted/glass/00013045.jpg,1
data/sorted/cardboard/00010477.jpg,0
data/sorted/trash/00002416.jpg,5
data/sorted/paper/00022231.jpg,3
data/sorted/plastic/00024264.jpg,4
data/sorted/cardboard/00011360.jpg,0
data/sorted/cardboard/00003881.jpg,0
data/sorted/plastic/00023063.jpg,4
data/sorted/paper/00022106.jpg,3
data/sorted/plastic/00008591.jpg,4
data/sorted/plastic/00008469.jpg,4
data/sorted/cardboard/00010106.jpg,0
data/sorted/paper/00014870.jpg,3
data/sorted/paper/00007184.jpg,3
data/sorted/plastic/00009372.jpg,4
data/sorted/paper/00007549.jpg,3
data/sorted/plastic/00015749.jpg,4
data/sorted/paper/00022365.jpg,3
data/sorted/cardboard/00018036.jpg,0
data/sorted/glass/00011675.jpg,1
data/sorted/metal/00013495.jpg,2
data/sorted/glass/00004341.jpg,1
data/sorted/cardboard/00010983.jpg,0
data/sorted/cardboard/00003915.jpg,0
data/sorted/paper/00021957.jpg,3
data/sorted/glass/00019592.jpg,1
data/sorted/paper/00015305.jpg,3
data/sorted/glass/00012321.jpg,1
data/sorted/cardboard/00018657.jpg,0
data/sorted/plastic/00002009.jpg,4
data/sorted/trash/00024585.jpg,5
data/sorted/cardboard/00010839.jpg,0
data/sorted/metal/00013859.jpg,2
data/sorted/glass/00004059.jpg,1
data/sorted/cardboard/00003474.jpg,0
data/sorted/metal/00013257.jpg,2
data/sorted/glass/00005551.jpg,1
data/sorted/cardboard/00000247.jpg,0
data/sorted/metal/00013336.jpg,2
data/sorted/cardboard/00000155.jpg,0
data/sorted/metal/00020950.jpg,2
data/sorted/cardboard/00003775.jpg,0
data/sorted/paper/00014905.jpg,3
data/sorted/glass/00012924.jpg,1
data/sorted/plastic/00016018.jpg,4
data/sorted/plastic/00016148.jpg,4
data/sorted/metal/00006077.jpg,2
data/sorted/plastic/00016635.jpg,4
data/sorted/paper/00001823.jpg,3
data/sorted/cardboard/00000047.jpg,0
data/sorted/metal/00013394.jpg,2
data/sorted/plastic/00023637.jpg,4
data/sorted/cardboard/00010352.jpg,0
data/sorted/trash/00017369.jpg,5
data/sorted/cardboard/00018644.jpg,0
data/sorted/cardboard/00002567.jpg,0
data/sorted/metal/00021145.jpg,2
data/sorted/paper/00022137.jpg,3
data/sorted/cardboard/00010878.jpg,0
data/sorted/cardboard/00018661.jpg,0
data/sorted/plastic/00009430.jpg,4
data/sorted/cardboard/00018836.jpg,0
data/sorted/cardboard/00010864.jpg,0
data/sorted/plastic/00023190.jpg,4
data/sorted/trash/00024541.jpg,5
data/sorted/glass/00005238.jpg,1
data/sorted/paper/00022154.jpg,3
data/sorted/paper/00014968.jpg,3
data/sorted/metal/00001023.jpg,2
data/sorted/cardboard/00011367.jpg,0
data/sorted/paper/00001338.jpg,3
data/sorted/plastic/00023174.jpg,4
data/sorted/cardboard/00003510.jpg,0
data/sorted/glass/00019572.jpg,1
data/sorted/glass/00000783.jpg,1
data/sorted/trash/00009610.jpg,5
data/sorted/plastic/00022965.jpg,4
data/sorted/trash/00009633.jpg,5
data/sorted/paper/00021789.jpg,3
data/sorted/paper/00007128.jpg,3
data/sorted/metal/00006422.jpg,2
data/sorted/glass/00020196.jpg,1
data/sorted/metal/00013978.jpg,2
data/sorted/trash/00009588.jpg,5
data/sorted/plastic/00008869.jpg,4
data/sorted/glass/00020283.jpg,1
data/sorted/cardboard/00010881.jpg,0
data/sorted/plastic/00008037.jpg,4
data/sorted/glass/00012957.jpg,1
data/sorted/plastic/00008731.jpg,4
data/sorted/trash/00017010.jpg,5
data/sorted/glass/00012159.jpg,1
data/sorted/glass/00011893.jpg,1
data/sorted/trash/00009655.jpg,5
data/sorted/cardboard/00018709.jpg,0
data/sorted/plastic/00016680.jpg,4
data/sorted/plastic/00002250.jpg,4
data/sorted/plastic/00023173.jpg,4
data/sorted/cardboard/00002791.jpg,0
data/sorted/cardboard/00003741.jpg,0
data/sorted/cardboard/00000178.jpg,0
data/sorted/paper/00021711.jpg,3
data/sorted/plastic/00015407.jpg,4
data/sorted/metal/00021271.jpg,2
data/sorted/metal/00006353.jpg,2
data/sorted/plastic/00016195.jpg,4
data/sorted/cardboard/00018462.jpg,0
data/sorted/paper/00014611.jpg,3
data/sorted/glass/00011666.jpg,1
data/sorted/cardboard/00011325.jpg,0
data/sorted/paper/00007047.jpg,3
data/sorted/plastic/00002149.jpg,4
data/sorted/plastic/00015691.jpg,4
data/sorted/plastic/00008177.jpg,4
data/sorted/paper/00021568.jpg,3
data/sorted/metal/00021170.jpg,2
data/sorted/plastic/00024156.jpg,4
data/sorted/cardboard/00010407.jpg,0
data/sorted/metal/00021026.jpg,2
data/sorted/cardboard/00017615.jpg,0
data/sorted/metal/00013172.jpg,2
data/sorted/trash/00017235.jpg,5
data/sorted/metal/00021214.jpg,2
data/sorted/cardboard/00010872.jpg,0
data/sorted/cardboard/00017584.jpg,0
data/sorted/cardboard/00002955.jpg,0
data/sorted/paper/00022544.jpg,3
data/sorted/metal/00013331.jpg,2
data/sorted/cardboard/00002851.jpg,0
data/sorted/plastic/00024121.jpg,4
data/sorted/plastic/00016756.jpg,4
data/sorted/glass/00004549.jpg,1
data/sorted/paper/00014737.jpg,3
data/sorted/paper/00001659.jpg,3
data/sorted/cardboard/00003030.jpg,0
data/sorted/plastic/00002370.jpg,4
data/sorted/cardboard/00010345.jpg,0
data/sorted/cardboard/00017544.jpg,0
data/sorted/glass/00013053.jpg,1
data/sorted/trash/00017056.jpg,5
data/sorted/glass/00020372.jpg,1
data/sorted/plastic/00024111.jpg,4
data/sorted/trash/00024866.jpg,5
data/sorted/paper/00014885.jpg,3
data/sorted/plastic/00023682.jpg,4
data/sorted/plastic/00023268.jpg,4
data/sorted/cardboard/00003441.jpg,0
data/sorted/glass/00020561.jpg,1
data/sorted/cardboard/00011011.jpg,0
data/sorted/glass/00012949.jpg,1
data/sorted/cardboard/00017497.jpg,0
data/sorted/metal/00001043.jpg,2
data/sorted/paper/00022329.jpg,3
data/sorted/cardboard/00003083.jpg,0
data/sorted/plastic/00015553.jpg,4
data/sorted/plastic/00023600.jpg,4
data/sorted/trash/00024818.jpg,5
data/sorted/glass/00000442.jpg,1
data/sorted/glass/00000626.jpg,1
data/sorted/metal/00013788.jpg,2
data/sorted/glass/00004885.jpg,1
data/sorted/paper/00014439.jpg,3
data/sorted/plastic/00015522.jpg,4
data/sorted/glass/00019267.jpg,1
data/sorted/plastic/00002185.jpg,4
data/sorted/metal/00013698.jpg,2
data/sorted/cardboard/00003237.jpg,0
data/sorted/paper/00014069.jpg,3
data/sorted/paper/00015267.jpg,3
data/sorted/trash/00009753.jpg,5
data/sorted/glass/00005068.jpg,1
data/sorted/glass/00019113.jpg,1
data/sorted/glass/00000593.jpg,1
data/sorted/glass/00012767.jpg,1
data/sorted/metal/00006506.jpg,2
data/sorted/glass/00020315.jpg,1
data/sorted/paper/00022467.jpg,3
data/sorted/metal/00021141.jpg,2
data/sorted/metal/00021169.jpg,2
data/sorted/paper/00021601.jpg,3
data/sorted/paper/00022034.jpg,3
data/sorted/paper/00007285.jpg,3
data/sorted/plastic/00023328.jpg,4
data/sorted/cardboard/00003173.jpg,0
data/sorted/glass/00011694.jpg,1
data/sorted/glass/00005088.jpg,1
data/sorted/glass/00012536.jpg,1
data/sorted/glass/00020489.jpg,1
data/sorted/metal/00021498.jpg,2
data/sorted/plastic/00016434.jpg,4
data/sorted/plastic/00023355.jpg,4
data/sorted/paper/00014714.jpg,3
data/sorted/paper/00007232.jpg,3
data/sorted/glass/00020544.jpg,1
data/sorted/glass/00020491.jpg,1
data/sorted/plastic/00023583.jpg,4
data/sorted/metal/00005824.jpg,2
data/sorted/metal/00013566.jpg,2
data/sorted/plastic/00023446.jpg,4
data/sorted/glass/00012704.jpg,1
data/sorted/plastic/00015740.jpg,4
data/sorted/cardboard/00010083.jpg,0
data/sorted/cardboard/00018112.jpg,0
data/sorted/glass/00019779.jpg,1
data/sorted/glass/00012413.jpg,1
data/sorted/plastic/00016155.jpg,4
data/sorted/glass/00012451.jpg,1
data/sorted/cardboard/00000347.jpg,0
data/sorted/glass/00020578.jpg,1
data/sorted/glass/00020141.jpg,1
data/sorted/plastic/00002082.jpg,4
data/sorted/glass/00012006.jpg,1
data/sorted/metal/00005965.jpg,2
data/sorted/paper/00007711.jpg,3
data/sorted/cardboard/00017577.jpg,0
data/sorted/cardboard/00018066.jpg,0
data/sorted/metal/00006478.jpg,2
data/sorted/plastic/00023413.jpg,4
data/sorted/paper/00001539.jpg,3
data/sorted/cardboard/00010270.jpg,0
data/sorted/cardboard/00018446.jpg,0
data/sorted/paper/00006747.jpg,3
data/sorted/glass/00012112.jpg,1
data/sorted/glass/00012663.jpg,1
data/sorted/trash/00002402.jpg,5
data/sorted/plastic/00002091.jpg,4
data/sorted/cardboard/00000197.jpg,0
data/sorted/plastic/00015479.jpg,4
data/sorted/plastic/00009496.jpg,4
data/sorted/cardboard/00018461.jpg,0
data/sorted/plastic/00016358.jpg,4
data/sorted/metal/00006423.jpg,2
data/sorted/plastic/00016672.jpg,4
data/sorted/plastic/00024451.jpg,4
data/sorted/plastic/00009138.jpg,4
data/sorted/paper/00007631.jpg,3
data/sorted/glass/00012751.jpg,1
data/sorted/paper/00007797.jpg,3
data/sorted/plastic/00015993.jpg,4
data/sorted/trash/00024652.jpg,5
data/sorted/metal/00005761.jpg,2
data/sorted/cardboard/00018384.jpg,0
data/sorted/metal/00006324.jpg,2
data/sorted/paper/00014405.jpg,3
data/sorted/cardboard/00003899.jpg,0
data/sorted/cardboard/00003870.jpg,0
data/sorted/metal/00013716.jpg,2
data/sorted/cardboard/00017632.jpg,0
data/sorted/cardboard/00003449.jpg,0
data/sorted/plastic/00008423.jpg,4
data/sorted/metal/00013603.jpg,2
data/sorted/metal/00013604.jpg,2
data/sorted/glass/00020437.jpg,1
data/sorted/plastic/00002147.jpg,4
data/sorted/paper/00022630.jpg,3
data/sorted/metal/00021074.jpg,2
data/sorted/paper/00014852.jpg,3
data/sorted/paper/00014421.jpg,3
data/sorted/metal/00001225.jpg,2
data/sorted/plastic/00023172.jpg,4
data/sorted/glass/00019567.jpg,1
data/sorted/paper/00001865.jpg,3
data/sorted/cardboard/00011273.jpg,0
data/sorted/metal/00013316.jpg,2
data/sorted/plastic/00002252.jpg,4
data/sorted/plastic/00007942.jpg,4
data/sorted/glass/00020440.jpg,1
data/sorted/paper/00021569.jpg,3
data/sorted/cardboard/00018336.jpg,0
data/sorted/plastic/00016246.jpg,4
data/sorted/glass/00012095.jpg,1
data/sorted/plastic/00024387.jpg,4
data/sorted/paper/00007196.jpg,3
data/sorted/glass/00004876.jpg,1
data/sorted/plastic/00023980.jpg,4
data/sorted/trash/00017418.jpg,5
data/sorted/metal/00001260.jpg,2
data/sorted/glass/00019810.jpg,1
data/sorted/glass/00019481.jpg,1
data/sorted/glass/00020318.jpg,1
data/sorted/cardboard/00010826.jpg,0
data/sorted/paper/00007744.jpg,3
data/sorted/plastic/00008505.jpg,4
data/sorted/trash/00017335.jpg,5
data/sorted/glass/00019710.jpg,1
data/sorted/plastic/00023765.jpg,4
data/sorted/trash/00002509.jpg,5
data/sorted/trash/00024703.jpg,5
data/sorted/plastic/00016065.jpg,4
data/sorted/plastic/00008169.jpg,4
data/sorted/glass/00003973.jpg,1
data/sorted/plastic/00016262.jpg,4
data/sorted/glass/00012298.jpg,1
data/sorted/glass/00004567.jpg,1
data/sorted/paper/00014262.jpg,3
data/sorted/cardboard/00011148.jpg,0
data/sorted/plastic/00015493.jpg,4
data/sorted/glass/00000587.jpg,1
data/sorted/glass/00005298.jpg,1
data/sorted/cardboard/00017848.jpg,0
data/sorted/glass/00019924.jpg,1
data/sorted/glass/00019035.jpg,1
data/sorted/plastic/00008363.jpg,4
data/sorted/plastic/00008526.jpg,4
data/sorted/paper/00006634.jpg,3
data/sorted/cardboard/00017903.jpg,0
data/sorted/cardboard/00018562.jpg,0
data/sorted/plastic/00009218.jpg,4
data/sorted/metal/00020758.jpg,2
data/sorted/glass/00005100.jpg,1
data/sorted/glass/00000728.jpg,1
data/sorted/plastic/00008818.jpg,4
data/sorted/cardboard/00010243.jpg,0
data/sorted/plastic/00016880.jpg,4
data/sorted/glass/00012870.jpg,1
data/sorted/cardboard/00000160.jpg,0
data/sorted/paper/00022497.jpg,3
data/sorted/paper/00007227.jpg,3
data/sorted/paper/00021891.jpg,3
data/sorted/paper/00001622.jpg,3
data/sorted/glass/00011590.jpg,1
data/sorted/glass/00011607.jpg,1
data/sorted/metal/00006129.jpg,2
data/sorted/glass/00011437.jpg,1
data/sorted/cardboard/00002968.jpg,0
data/sorted/trash/00009849.jpg,5
data/sorted/plastic/00016551.jpg,4
data/sorted/paper/00014454.jpg,3
data/sorted/cardboard/00003360.jpg,0
data/sorted/cardboard/00003096.jpg,0
data/sorted/cardboard/00010438.jpg,0
data/sorted/plastic/00016089.jpg,4
data/sorted/glass/00005369.jpg,1
data/sorted/metal/00020873.jpg,2
data/sorted/metal/00006139.jpg,2
data/sorted/trash/00024607.jpg,5
data/sorted/paper/00014426.jpg,3
data/sorted/cardboard/00002769.jpg,0
data/sorted/paper/00007635.jpg,3
data/sorted/cardboard/00011029.jpg,0
data/sorted/glass/00011405.jpg,1
data/sorted/glass/00011883.jpg,1
data/sorted/paper/00022510.jpg,3
data/sorted/trash/00024481.jpg,5
data/sorted/paper/00021682.jpg,3
data/sorted/metal/00001187.jpg,2
data/sorted/glass/00004431.jpg,1
data/sorted/paper/00022521.jpg,3
data/sorted/plastic/00008578.jpg,4
data/sorted/paper/00001590.jpg,3
data/sorted/trash/00009617.jpg,5
data/sorted/metal/00006583.jpg,2
data/sorted/cardboard/00003121.jpg,0
data/sorted/glass/00012913.jpg,1
data/sorted/trash/00024715.jpg,5
data/sorted/glass/00011404.jpg,1
data/sorted/paper/00022011.jpg,3
data/sorted/paper/00015276.jpg,3
data/sorted/glass/00012206.jpg,1
data/sorted/trash/00009951.jpg,5
data/sorted/cardboard/00010181.jpg,0
data/sorted/paper/00022432.jpg,3
data/sorted/paper/00022602.jpg,3
data/sorted/glass/00019491.jpg,1
data/sorted/glass/00012384.jpg,1
data/sorted/plastic/00009126.jpg,4
data/sorted/paper/00022036.jpg,3
data/sorted/trash/00017189.jpg,5
data/sorted/glass/00019093.jpg,1
data/sorted/cardboard/00010068.jpg,0
data/sorted/cardboard/00017745.jpg,0
data/sorted/metal/00021514.jpg,2
data/sorted/plastic/00016310.jpg,4
data/sorted/paper/00014278.jpg,3
data/sorted/cardboard/00002549.jpg,0
data/sorted/glass/00005301.jpg,1
data/sorted/cardboard/00003855.jpg,0
data/sorted/glass/00005287.jpg,1
data/sorted/plastic/00023246.jpg,4
data/sorted/metal/00021410.jpg,2
data/sorted/glass/00005462.jpg,1
data/sorted/plastic/00008601.jpg,4
data/sorted/paper/00014925.jpg,3
data/sorted/cardboard/00000337.jpg,0
data/sorted/plastic/00023317.jpg,4
data/sorted/plastic/00008082.jpg,4
data/sorted/metal/00021391.jpg,2
data/sorted/plastic/00023393.jpg,4
data/sorted/metal/00006490.jpg,2
data/sorted/trash/00017260.jpg,5
data/sorted/paper/00014998.jpg,3
data/sorted/glass/00020316.jpg,1
data/sorted/metal/00006603.jpg,2
data/sorted/glass/00000829.jpg,1
data/sorted/plastic/00023571.jpg,4
data/sorted/cardboard/00018211.jpg,0
data/sorted/trash/00017071.jpg,5
data/sorted/glass/00012800.jpg,1
data/sorted/plastic/00023261.jpg,4
data/sorted/metal/00006076.jpg,2
data/sorted/metal/00006098.jpg,2
data/sorted/glass/00012815.jpg,1
data/sorted/glass/00000677.jpg,1
data/sorted/plastic/00024140.jpg,4
data/sorted/glass/00019474.jpg,1
data/sorted/glass/00004769.jpg,1
data/sorted/cardboard/00018448.jpg,0
data/sorted/plastic/00001954.jpg,4
data/sorted/glass/00019038.jpg,1
data/sorted/glass/00011624.jpg,1
data/sorted/plastic/00022912.jpg,4
data/sorted/plastic/00007982.jpg,4
data/sorted/paper/00021781.jpg,3
data/sorted/cardboard/00011144.jpg,0
data/sorted/glass/00019045.jpg,1
data/sorted/metal/00021221.jpg,2
data/sorted/cardboard/00010153.jpg,0
data/sorted/trash/00024891.jpg,5
data/sorted/plastic/00024249.jpg,4
data/sorted/metal/00001122.jpg,2
data/sorted/glass/00019871.jpg,1
data/sorted/cardboard/00010087.jpg,0
data/sorted/cardboard/00017886.jpg,0
data/sorted/cardboard/00010595.jpg,0
data/sorted/glass/00011528.jpg,1
data/sorted/metal/00013929.jpg,2
data/sorted/glass/00019811.jpg,1
data/sorted/glass/00005562.jpg,1
data/sorted/trash/00017372.jpg,5
data/sorted/metal/00001131.jpg,2
data/sorted/glass/00000876.jpg,1
data/sorted/plastic/00008806.jpg,4
data/sorted/glass/00020435.jpg,1
data/sorted/paper/00001347.jpg,3
data/sorted/cardboard/00010156.jpg,0
data/sorted/metal/00014010.jpg,2
data/sorted/cardboard/00010452.jpg,0
data/sorted/metal/00013402.jpg,2
data/sorted/plastic/00009534.jpg,4
data/sorted/cardboard/00003080.jpg,0
data/sorted/plastic/00008513.jpg,4
data/sorted/paper/00014892.jpg,3
data/sorted/plastic/00008366.jpg,4
data/sorted/glass/00012111.jpg,1
data/sorted/paper/00001697.jpg,3
data/sorted/trash/00017255.jpg,5
data/sorted/trash/00009608.jpg,5
data/sorted/cardboard/00003679.jpg,0
data/sorted/cardboard/00000373.jpg,0
data/sorted/paper/00022238.jpg,3
data/sorted/plastic/00008919.jpg,4
data/sorted/paper/00001360.jpg,3
data/sorted/cardboard/00018206.jpg,0
data/sorted/metal/00006194.jpg,2
data/sorted/plastic/00009017.jpg,4
data/sorted/cardboard/00010843.jpg,0
data/sorted/cardboard/00010630.jpg,0
data/sorted/plastic/00009183.jpg,4
data/sorted/glass/00004739.jpg,1
data/sorted/metal/00006073.jpg,2
data/sorted/glass/00019647.jpg,1
data/sorted/glass/00004392.jpg,1
data/sorted/cardboard/00010239.jpg,0
data/sorted/cardboard/00003724.jpg,0
data/sorted/cardboard/00003499.jpg,0
data/sorted/paper/00015353.jpg,3
data/sorted/cardboard/00003797.jpg,0
data/sorted/plastic/00008549.jpg,4
data/sorted/paper/00007940.jpg,3
data/sorted/metal/00006063.jpg,2
data/sorted/cardboard/00010681.jpg,0
data/sorted/cardboard/00002663.jpg,0
data/sorted/plastic/00024247.jpg,4
data/sorted/metal/00005737.jpg,2
data/sorted/glass/00011807.jpg,1
data/sorted/plastic/00016720.jpg,4
data/sorted/cardboard/00010359.jpg,0
data/sorted/cardboard/00000149.jpg,0
data/sorted/plastic/00008162.jpg,4
data/sorted/paper/00006615.jpg,3
data/sorted/glass/00020559.jpg,1
data/sorted/cardboard/00018144.jpg,0
data/sorted/plastic/00008613.jpg,4
data/sorted/glass/00003991.jpg,1
data/sorted/plastic/00016867.jpg,4
data/sorted/plastic/00008662.jpg,4
data/sorted/cardboard/00011250.jpg,0
data/sorted/paper/00022450.jpg,3
data/sorted/glass/00011632.jpg,1
data/sorted/glass/00004205.jpg,1
data/sorted/paper/00014739.jpg,3
data/sorted/glass/00004445.jpg,1
data/sorted/glass/00004509.jpg,1
data/sorted/cardboard/00003471.jpg,0
data/sorted/metal/00001176.jpg,2
data/sorted/paper/00014394.jpg,3
data/sorted/paper/00007506.jpg,3
data/sorted/metal/00013144.jpg,2
data/sorted/trash/00009712.jpg,5
data/sorted/metal/00006216.jpg,2
data/sorted/glass/00005466.jpg,1
data/sorted/cardboard/00018193.jpg,0
data/sorted/plastic/00024113.jpg,4
data/sorted/plastic/00016223.jpg,4
data/sorted/trash/00009901.jpg,5
data/sorted/glass/00005239.jpg,1
data/sorted/cardboard/00003396.jpg,0
data/sorted/cardboard/00002593.jpg,0
data/sorted/plastic/00023593.jpg,4
data/sorted/metal/00005929.jpg,2
data/sorted/cardboard/00010981.jpg,0
data/sorted/glass/00020334.jpg,1
data/sorted/paper/00014802.jpg,3
data/sorted/cardboard/00000267.jpg,0
data/sorted/metal/00013853.jpg,2
data/sorted/glass/00013023.jpg,1
data/sorted/plastic/00016414.jpg,4
data/sorted/plastic/00023534.jpg,4
data/sorted/paper/00007616.jpg,3
data/sorted/glass/00019697.jpg,1
data/sorted/glass/00019988.jpg,1
data/sorted/glass/00019769.jpg,1
data/sorted/cardboard/00003386.jpg,0
data/sorted/plastic/00023758.jpg,4
data/sorted/plastic/00002335.jpg,4
data/sorted/plastic/00009418.jpg,4
data/sorted/cardboard/00011092.jpg,0
data/sorted/metal/00001039.jpg,2
data/sorted/glass/00011897.jpg,1
data/sorted/metal/00021393.jpg,2
data/sorted/trash/00017038.jpg,5
data/sorted/metal/00020962.jpg,2
data/sorted/paper/00022606.jpg,3
data/sorted/plastic/00008985.jpg,4
data/sorted/paper/00022750.jpg,3
data/sorted/glass/00000868.jpg,1
data/sorted/paper/00014291.jpg,3
data/sorted/paper/00014126.jpg,3
data/sorted/glass/00005344.jpg,1
data/sorted/plastic/00008832.jpg,4
data/sorted/metal/00006214.jpg,2
data/sorted/plastic/00023059.jpg,4
data/sorted/plastic/00009356.jpg,4
data/sorted/plastic/00001996.jpg,4
data/sorted/trash/00017146.jpg,5
data/sorted/paper/00014440.jpg,3
data/sorted/metal/00006335.jpg,2
data/sorted/plastic/00023417.jpg,4
data/sorted/plastic/00024393.jpg,4
data/sorted/plastic/00016691.jpg,4
data/sorted/paper/00022560.jpg,3
data/sorted/glass/00019484.jpg,1
data/sorted/cardboard/00010610.jpg,0
data/sorted/cardboard/00003840.jpg,0
data/sorted/cardboard/00000205.jpg,0
data/sorted/paper/00021639.jpg,3
data/sorted/glass/00012603.jpg,1
data/sorted/cardboard/00000124.jpg,0
data/sorted/glass/00004960.jpg,1
data/sorted/glass/00019538.jpg,1
data/sorted/plastic/00001985.jpg,4
data/sorted/cardboard/00018227.jpg,0
data/sorted/plastic/00016428.jpg,4
data/sorted/plastic/00024448.jpg,4
data/sorted/cardboard/00003551.jpg,0
data/sorted/cardboard/00003876.jpg,0
data/sorted/paper/00014789.jpg,3
data/sorted/metal/00006530.jpg,2
data/sorted/trash/00024620.jpg,5
data/sorted/cardboard/00017690.jpg,0
data/sorted/metal/00021015.jpg,2
data/sorted/glass/00004061.jpg,1
data/sorted/cardboard/00010586.jpg,0
data/sorted/paper/00014241.jpg,3
data/sorted/cardboard/00003392.jpg,0
data/sorted/glass/00004293.jpg,1
data/sorted/paper/00006950.jpg,3
data/sorted/trash/00009731.jpg,5
data/sorted/paper/00006858.jpg,3
data/sorted/paper/00006811.jpg,3
data/sorted/metal/00005780.jpg,2
data/sorted/glass/00019256.jpg,1
data/sorted/plastic/00024452.jpg,4
data/sorted/metal/00021389.jpg,2
data/sorted/cardboard/00010069.jpg,0
data/sorted/metal/00013989.jpg,2
data/sorted/metal/00013521.jpg,2
data/sorted/glass/00000877.jpg,1
data/sorted/cardboard/00018484.jpg,0
data/sorted/cardboard/00017646.jpg,0
data/sorted/glass/00004697.jpg,1
data/sorted/trash/00017065.jpg,5
data/sorted/glass/00004371.jpg,1
data/sorted/plastic/00023239.jpg,4
data/sorted/glass/00004870.jpg,1
data/sorted/glass/00000509.jpg,1
data/sorted/cardboard/00018176.jpg,0
data/sorted/plastic/00016355.jpg,4
data/sorted/trash/00024863.jpg,5
data/sorted/plastic/00023957.jpg,4
data/sorted/paper/00007459.jpg,3
data/sorted/glass/00019602.jpg,1
data/sorted/paper/00022024.jpg,3
data/sorted/glass/00005378.jpg,1
data/sorted/plastic/00022877.jpg,4
data/sorted/cardboard/00003645.jpg,0
data/sorted/cardboard/00018382.jpg,0
data/sorted/paper/00014504.jpg,3
data/sorted/metal/00020897.jpg,2
data/sorted/trash/00009765.jpg,5
data/sorted/cardboard/00002691.jpg,0
data/sorted/cardboard/00017668.jpg,0
data/sorted/plastic/00023345.jpg,4
data/sorted/cardboard/00003088.jpg,0
data/sorted/cardboard/00018133.jpg,0
data/sorted/plastic/00008610.jpg,4
data/sorted/metal/00005866.jpg,2
data/sorted/plastic/00002044.jpg,4
data/sorted/glass/00019154.jpg,1
data/sorted/glass/00005631.jpg,1
data/sorted/plastic/00001918.jpg,4
data/sorted/cardboard/00018031.jpg,0
data/sorted/plastic/00023271.jpg,4
data/sorted/glass/00011764.jpg,1
data/sorted/plastic/00016498.jpg,4
data/sorted/metal/00000931.jpg,2
data/sorted/glass/00019239.jpg,1
data/sorted/glass/00005541.jpg,1
data/sorted/cardboard/00017511.jpg,0
data/sorted/metal/00013238.jpg,2
data/sorted/plastic/00008315.jpg,4
data/sorted/plastic/00016235.jpg,4
data/sorted/cardboard/00018378.jpg,0
data/sorted/plastic/00008301.jpg,4
data/sorted/cardboard/00017464.jpg,0
data/sorted/metal/00000955.jpg,2
data/sorted/metal/00013277.jpg,2
data/sorted/trash/00024693.jpg,5
data/sorted/glass/00004332.jpg,1
data/sorted/paper/00014806.jpg,3
data/sorted/cardboard/00018733.jpg,0
data/sorted/cardboard/00017973.jpg,0
data/sorted/trash/00024745.jpg,5
data/sorted/trash/00024806.jpg,5
data/sorted/plastic/00023153.jpg,4
data/sorted/cardboard/00010285.jpg,0
data/sorted/plastic/00008623.jpg,4
data/sorted/metal/00000988.jpg,2
data/sorted/glass/00004207.jpg,1
data/sorted/trash/00009611.jpg,5
data/sorted/metal/00021486.jpg,2
data/sorted/cardboard/00003231.jpg,0
data/sorted/glass/00012214.jpg,1
data/sorted/cardboard/00010437.jpg,0
data/sorted/plastic/00024424.jpg,4
data/sorted/metal/00000973.jpg,2
data/sorted/glass/00005216.jpg,1
data/sorted/paper/00022404.jpg,3
data/sorted/paper/00021754.jpg,3
data/sorted/plastic/00007957.jpg,4
data/sorted/cardboard/00010620.jpg,0
data/sorted/plastic/00015728.jpg,4
data/sorted/paper/00022001.jpg,3
data/sorted/metal/00013681.jpg,2
data/sorted/paper/00015182.jpg,3
data/sorted/cardboard/00002998.jpg,0
data/sorted/plastic/00016859.jpg,4
data/sorted/plastic/00023364.jpg,4
data/sorted/cardboard/00010291.jpg,0
data/sorted/plastic/00008938.jpg,4
data/sorted/cardboard/00018775.jpg,0
data/sorted/metal/00021040.jpg,2
data/sorted/glass/00019851.jpg,1
data/sorted/cardboard/00018659.jpg,0
data/sorted/metal/00001111.jpg,2
data/sorted/paper/00021916.jpg,3
data/sorted/glass/00005168.jpg,1
data/sorted/trash/00024814.jpg,5
data/sorted/trash/00017213.jpg,5
data/sorted/glass/00013044.jpg,1
data/sorted/cardboard/00018359.jpg,0
data/sorted/glass/00019565.jpg,1
data/sorted/glass/00011866.jpg,1
data/sorted/paper/00015044.jpg,3
data/sorted/glass/00012984.jpg,1
data/sorted/plastic/00008294.jpg,4
data/sorted/plastic/00015596.jpg,4
data/sorted/glass/00011449.jpg,1
data/sorted/plastic/00023226.jpg,4
data/sorted/paper/00015394.jpg,3
data/sorted/metal/00001041.jpg,2
data/sorted/cardboard/00017893.jpg,0
data/sorted/plastic/00008563.jpg,4
data/sorted/plastic/00008696.jpg,4
data/sorted/cardboard/00002949.jpg,0
data/sorted/metal/00021079.jpg,2
data/sorted/cardboard/00003554.jpg,0
data/sorted/cardboard/00003333.jpg,0
data/sorted/glass/00012100.jpg,1
data/sorted/plastic/00009187.jpg,4
data/sorted/paper/00007782.jpg,3
data/sorted/paper/00007134.jpg,3
data/sorted/paper/00021985.jpg,3
data/sorted/plastic/00015946.jpg,4
data/sorted/metal/00001074.jpg,2
data/sorted/plastic/00008671.jpg,4
data/sorted/cardboard/00017994.jpg,0
data/sorted/paper/00007615.jpg,3
data/sorted/glass/00019028.jpg,1
data/sorted/paper/00001345.jpg,3
data/sorted/cardboard/00000291.jpg,0
data/sorted/plastic/00008503.jpg,4
data/sorted/paper/00015093.jpg,3
data/sorted/plastic/00015937.jpg,4
data/sorted/glass/00012570.jpg,1
data/sorted/plastic/00002119.jpg,4
data/sorted/glass/00004916.jpg,1
data/sorted/metal/00021302.jpg,2
data/sorted/cardboard/00003820.jpg,0
data/sorted/plastic/00016682.jpg,4
data/sorted/paper/00007707.jpg,3
data/sorted/paper/00001768.jpg,3
data/sorted/glass/00019027.jpg,1
data/sorted/glass/00004540.jpg,1
data/sorted/metal/00005681.jpg,2
data/sorted/plastic/00008951.jpg,4
data/sorted/metal/00013943.jpg,2
data/sorted/plastic/00002214.jpg,4
data/sorted/cardboard/00018834.jpg,0
data/sorted/glass/00013024.jpg,1
data/sorted/metal/00005994.jpg,2
data/sorted/glass/00019179.jpg,1
data/sorted/glass/00020600.jpg,1
data/sorted/paper/00015303.jpg,3
data/sorted/glass/00012778.jpg,1
data/sorted/cardboard/00011098.jpg,0
data/sorted/glass/00011931.jpg,1
data/sorted/glass/00020019.jpg,1
data/sorted/plastic/00024408.jpg,4
data/sorted/paper/00022433.jpg,3
data/sorted/glass/00018955.jpg,1
data/sorted/paper/00015299.jpg,3
data/sorted/plastic/00023022.jpg,4
data/sorted/cardboard/00003139.jpg,0
data/sorted/paper/00006808.jpg,3
data/sorted/paper/00007400.jpg,3
data/sorted/glass/00012585.jpg,1
data/sorted/metal/00013422.jpg,2
data/sorted/glass/00012581.jpg,1
data/sorted/glass/00019244.jpg,1
data/sorted/glass/00020186.jpg,1
data/sorted/paper/00014863.jpg,3
data/sorted/paper/00006780.jpg,3
data/sorted/metal/00021002.jpg,2
data/sorted/cardboard/00010969.jpg,0
data/sorted/paper/00014514.jpg,3
data/sorted/paper/00014077.jpg,3
data/sorted/plastic/00008866.jpg,4
data/sorted/glass/00000592.jpg,1
data/sorted/plastic/00016380.jpg,4
data/sorted/metal/00021501.jpg,2
data/sorted/paper/00007368.jpg,3
data/sorted/glass/00019834.jpg,1
data/sorted/glass/00011610.jpg,1
data/sorted/plastic/00016178.jpg,4
data/sorted/paper/00001719.jpg,3
data/sorted/plastic/00024146.jpg,4
data/sorted/plastic/00001916.jpg,4
data/sorted/glass/00004168.jpg,1
data/sorted/glass/00012771.jpg,1
data/sorted/plastic/00016699.jpg,4
data/sorted/plastic/00015995.jpg,4
data/sorted/paper/00021745.jpg,3
data/sorted/glass/00005493.jpg,1
data/sorted/paper/00022794.jpg,3
data/sorted/glass/00019748.jpg,1
data/sorted/cardboard/00011010.jpg,0
data/sorted/cardboard/00017606.jpg,0
data/sorted/paper/00001368.jpg,3
data/sorted/paper/00014322.jpg,3
data/sorted/plastic/00016429.jpg,4
data/sorted/paper/00006708.jpg,3
data/sorted/glass/00012805.jpg,1
data/sorted/paper/00022579.jpg,3
data/sorted/glass/00005186.jpg,1
data/sorted/metal/00005735.jpg,2
data/sorted/trash/00017295.jpg,5
data/sorted/cardboard/00010933.jpg,0
data/sorted/paper/00014719.jpg,3
data/sorted/metal/00013901.jpg,2
data/sorted/paper/00014516.jpg,3
data/sorted/metal/00020982.jpg,2
data/sorted/cardboard/00018564.jpg,0
data/sorted/glass/00012884.jpg,1
data/sorted/cardboard/00003558.jpg,0
data/sorted/glass/00012721.jpg,1
data/sorted/glass/00000540.jpg,1
data/sorted/metal/00014039.jpg,2
data/sorted/glass/00004650.jpg,1
data/sorted/metal/00006590.jpg,2
data/sorted/cardboard/00002883.jpg,0
data/sorted/metal/00013992.jpg,2
data/sorted/paper/00022029.jpg,3
data/sorted/cardboard/00002843.jpg,0
data/sorted/glass/00020503.jpg,1
data/sorted/cardboard/00003553.jpg,0
data/sorted/glass/00020436.jpg,1
data/sorted/metal/00013951.jpg,2
data/sorted/glass/00012239.jpg,1
data/sorted/metal/00013275.jpg,2
data/sorted/plastic/00024020.jpg,4
data/sorted/glass/00000557.jpg,1
data/sorted/paper/00021696.jpg,3
data/sorted/glass/00004515.jpg,1
data/sorted/metal/00021509.jpg,2
data/sorted/glass/00005523.jpg,1
data/sorted/cardboard/00010765.jpg,0
data/sorted/paper/00007921.jpg,3
data/sorted/trash/00009794.jpg,5
data/sorted/glass/00020152.jpg,1
data/sorted/metal/00013688.jpg,2
data/sorted/trash/00017426.jpg,5
data/sorted/paper/00007857.jpg,3
data/sorted/cardboard/00010852.jpg,0
data/sorted/paper/00001682.jpg,3
data/sorted/metal/00014047.jpg,2
data/sorted/paper/00001334.jpg,3
data/sorted/metal/00000991.jpg,2
data/sorted/trash/00024491.jpg,5
data/sorted/glass/00012416.jpg,1
data/sorted/plastic/00016352.jpg,4
data/sorted/trash/00009719.jpg,5
data/sorted/paper/00022494.jpg,3
data/sorted/cardboard/00011199.jpg,0
data/sorted/trash/00024756.jpg,5
data/sorted/metal/00021168.jpg,2
data/sorted/glass/00019957.jpg,1
data/sorted/paper/00007465.jpg,3
data/sorted/cardboard/00010712.jpg,0
data/sorted/glass/00004262.jpg,1
data/sorted/plastic/00023997.jpg,4
data/sorted/plastic/00009479.jpg,4
data/sorted/cardboard/00010779.jpg,0
data/sorted/glass/00020460.jpg,1
data/sorted/paper/00021691.jpg,3
data/sorted/plastic/00016648.jpg,4
data/sorted/plastic/00016575.jpg,4
data/sorted/glass/00020180.jpg,1
data/sorted/plastic/00016299.jpg,4
data/sorted/metal/00020694.jpg,2
data/sorted/plastic/00008987.jpg,4
data/sorted/metal/00001247.jpg,2
data/sorted/paper/00006905.jpg,3
data/sorted/trash/00009551.jpg,5
data/sorted/plastic/00023658.jpg,4
data/sorted/glass/00019620.jpg,1
data/sorted/plastic/00008123.jpg,4
data/sorted/glass/00004407.jpg,1
data/sorted/metal/00013474.jpg,2
data/sorted/glass/00005326.jpg,1
data/sorted/cardboard/00002578.jpg,0
data/sorted/glass/00020116.jpg,1
data/sorted/plastic/00024031.jpg,4
data/sorted/glass/00012559.jpg,1
data/sorted/plastic/00016466.jpg,4
data/sorted/plastic/00024332.jpg,4
data/sorted/metal/00021176.jpg,2
data/sorted/cardboard/00011240.jpg,0
data/sorted/trash/00002445.jpg,5
data/sorted/cardboard/00010725.jpg,0
data/sorted/cardboard/00010349.jpg,0
data/sorted/glass/00019067.jpg,1
data/sorted/trash/00002398.jpg,5
data/sorted/metal/00006450.jpg,2
data/sorted/plastic/00008310.jpg,4
data/sorted/glass/00000879.jpg,1
data/sorted/metal/00013778.jpg,2
data/sorted/metal/00006553.jpg,2
data/sorted/paper/00021844.jpg,3
data/sorted/cardboard/00002841.jpg,0
data/sorted/metal/00006071.jpg,2
data/sorted/glass/00020410.jpg,1
data/sorted/glass/00005018.jpg,1
data/sorted/cardboard/00003630.jpg,0
data/sorted/plastic/00008206.jpg,4
data/sorted/paper/00006920.jpg,3
data/sorted/metal/00020824.jpg,2
data/sorted/plastic/00008318.jpg,4
data/sorted/plastic/00016283.jpg,4
data/sorted/paper/00014138.jpg,3
data/sorted/trash/00009745.jpg,5
data/sorted/glass/00020035.jpg,1
data/sorted/glass/00020050.jpg,1
data/sorted/glass/00020524.jpg,1
data/sorted/plastic/00016784.jpg,4
data/sorted/cardboard/00000215.jpg,0
data/sorted/glass/00005263.jpg,1
data/sorted/plastic/00024205.jpg,4
data/sorted/glass/00019493.jpg,1
data/sorted/glass/00004692.jpg,1
data/sorted/cardboard/00017470.jpg,0
data/sorted/metal/00000960.jpg,2
data/sorted/paper/00001597.jpg,3
data/sorted/paper/00014629.jpg,3
data/sorted/metal/00013290.jpg,2
data/sorted/paper/00014858.jpg,3
data/sorted/glass/00000750.jpg,1
data/sorted/cardboard/00018318.jpg,0
data/sorted/cardboard/00000352.jpg,0
data/sorted/plastic/00022935.jpg,4
data/sorted/paper/00001902.jpg,3
data/sorted/paper/00015096.jpg,3
data/sorted/trash/00017268.jpg,5
data/sorted/trash/00009856.jpg,5
data/sorted/trash/00024777.jpg,5
data/sorted/glass/00011486.jpg,1
data/sorted/cardboard/00002817.jpg,0
data/sorted/plastic/00002111.jpg,4
data/sorted/paper/00007049.jpg,3
data/sorted/glass/00020059.jpg,1
data/sorted/plastic/00009375.jpg,4
data/sorted/metal/00013362.jpg,2
data/sorted/paper/00014684.jpg,3
data/sorted/plastic/00016639.jpg,4
data/sorted/plastic/00023963.jpg,4
data/sorted/glass/00011558.jpg,1
data/sorted/glass/00000645.jpg,1
data/sorted/plastic/00016153.jpg,4
data/sorted/glass/00020039.jpg,1
data/sorted/plastic/00002319.jpg,4
data/sorted/glass/00005292.jpg,1
data/sorted/plastic/00024075.jpg,4
data/sorted/cardboard/00018716.jpg,0
data/sorted/cardboard/00017687.jpg,0
data/sorted/plastic/00015424.jpg,4
data/sorted/paper/00006742.jpg,3
data/sorted/metal/00014030.jpg,2
data/sorted/metal/00013193.jpg,2
data/sorted/paper/00022085.jpg,3
data/sorted/cardboard/00010850.jpg,0
data/sorted/plastic/00015887.jpg,4
data/sorted/metal/00020649.jpg,2
data/sorted/cardboard/00010587.jpg,0
data/sorted/paper/00021611.jpg,3
data/sorted/metal/00021207.jpg,2
data/sorted/plastic/00015662.jpg,4
data/sorted/cardboard/00011066.jpg,0
data/sorted/glass/00012592.jpg,1
data/sorted/cardboard/00018240.jpg,0
data/sorted/glass/00005447.jpg,1
data/sorted/plastic/00023733.jpg,4
data/sorted/paper/00014474.jpg,3
data/sorted/cardboard/00003336.jpg,0
data/sorted/glass/00019416.jpg,1
data/sorted/cardboard/00002981.jpg,0
data/sorted/plastic/00008962.jpg,4
data/sorted/cardboard/00011372.jpg,0
data/sorted/glass/00019156.jpg,1
data/sorted/plastic/00009002.jpg,4
data/sorted/cardboard/00000137.jpg,0
data/sorted/paper/00014196.jpg,3
data/sorted/trash/00017052.jpg,5
data/sorted/metal/00006365.jpg,2
data/sorted/glass/00012408.jpg,1
data/sorted/metal/00006473.jpg,2
data/sorted/glass/00012392.jpg,1
data/sorted/paper/00007144.jpg,3
data/sorted/plastic/00016936.jpg,4
data/sorted/metal/00020832.jpg,2
data/sorted/cardboard/00011246.jpg,0
data/sorted/glass/00019812.jpg,1
data/sorted/trash/00017275.jpg,5
data/sorted/paper/00022202.jpg,3
data/sorted/plastic/00002042.jpg,4
data/sorted/metal/00013646.jpg,2
data/sorted/cardboard/00002869.jpg,0
data/sorted/metal/00020957.jpg,2
data/sorted/cardboard/00018512.jpg,0
data/sorted/paper/00015352.jpg,3
data/sorted/paper/00014197.jpg,3
data/sorted/plastic/00016159.jpg,4
data/sorted/paper/00014784.jpg,3
data/sorted/paper/00015333.jpg,3
data/sorted/glass/00011440.jpg,1
data/sorted/plastic/00015840.jpg,4
data/sorted/cardboard/00010255.jpg,0
data/sorted/paper/00007143.jpg,3
data/sorted/trash/00017099.jpg,5
data/sorted/paper/00007256.jpg,3
data/sorted/paper/00015228.jpg,3
data/sorted/trash/00024794.jpg,5
data/sorted/metal/00021251.jpg,2
data/sorted/plastic/00008875.jpg,4
data/sorted/paper/00001718.jpg,3
data/sorted/plastic/00008780.jpg,4
data/sorted/glass/00020331.jpg,1
data/sorted/glass/00012567.jpg,1
data/sorted/glass/00004020.jpg,1
data/sorted/cardboard/00000285.jpg,0
data/sorted/cardboard/00003889.jpg,0
data/sorted/plastic/00001968.jpg,4
data/sorted/glass/00020209.jpg,1
data/sorted/glass/00004954.jpg,1
data/sorted/trash/00009872.jpg,5
data/sorted/cardboard/00010788.jpg,0
data/sorted/paper/00022411.jpg,3
data/sorted/metal/00021273.jpg,2
data/sorted/cardboard/00002859.jpg,0
data/sorted/paper/00014261.jpg,3
data/sorted/plastic/00015469.jpg,4
data/sorted/plastic/00023162.jpg,4
data/sorted/metal/00013580.jpg,2
data/sorted/glass/00000421.jpg,1
data/sorted/glass/00005451.jpg,1
data/sorted/metal/00005716.jpg,2
data/sorted/plastic/00016036.jpg,4
data/sorted/trash/00024473.jpg,5
data/sorted/glass/00018900.jpg,1
data/sorted/paper/00014953.jpg,3
data/sorted/paper/00022836.jpg,3
data/sorted/plastic/00002135.jpg,4
data/sorted/paper/00022517.jpg,3
data/sorted/glass/00012632.jpg,1
data/sorted/plastic/00002037.jpg,4
data/sorted/plastic/00002205.jpg,4
data/sorted/cardboard/00010226.jpg,0
data/sorted/metal/00006069.jpg,2
data/sorted/paper/00001448.jpg,3
data/sorted/plastic/00009417.jpg,4
data/sorted/cardboard/00002816.jpg,0
data/sorted/cardboard/00010842.jpg,0
data/sorted/metal/00021242.jpg,2
data/sorted/paper/00022108.jpg,3
data/sorted/metal/00006514.jpg,2
data/sorted/paper/00014242.jpg,3
data/sorted/paper/00022751.jpg,3
data/sorted/glass/00004320.jpg,1
data/sorted/trash/00002481.jpg,5
data/sorted/plastic/00009195.jpg,4
data/sorted/trash/00009792.jpg,5
data/sorted/paper/00014320.jpg,3
data/sorted/cardboard/00003585.jpg,0
data/sorted/plastic/00024017.jpg,4
data/sorted/glass/00012582.jpg,1
data/sorted/glass/00004743.jpg,1
data/sorted/paper/00021686.jpg,3
data/sorted/plastic/00009029.jpg,4
data/sorted/plastic/00023525.jpg,4
data/sorted/plastic/00015548.jpg,4
data/sorted/paper/00007277.jpg,3
data/sorted/plastic/00016001.jpg,4
data/sorted/paper/00022444.jpg,3
data/sorted/paper/00015198.jpg,3
data/sorted/glass/00005422.jpg,1
data/sorted/glass/00011844.jpg,1
data/sorted/cardboard/00018137.jpg,0
data/sorted/glass/00000601.jpg,1
data/sorted/trash/00009559.jpg,5
data/sorted/plastic/00008485.jpg,4
data/sorted/glass/00011653.jpg,1
data/sorted/trash/00002426.jpg,5
data/sorted/glass/00012171.jpg,1
data/sorted/paper/00014141.jpg,3
data/sorted/metal/00006511.jpg,2
data/sorted/plastic/00009369.jpg,4
data/sorted/metal/00020609.jpg,2
data/sorted/trash/00009933.jpg,5
data/sorted/plastic/00024159.jpg,4
data/sorted/glass/00004554.jpg,1
data/sorted/glass/00019518.jpg,1
data/sorted/cardboard/00002670.jpg,0
data/sorted/paper/00007363.jpg,3
data/sorted/glass/00004663.jpg,1
data/sorted/plastic/00002326.jpg,4
data/sorted/cardboard/00003912.jpg,0
data/sorted/metal/00006520.jpg,2
data/sorted/glass/00005489.jpg,1
data/sorted/cardboard/00002745.jpg,0
data/sorted/trash/00017400.jpg,5
data/sorted/plastic/00009528.jpg,4
data/sorted/cardboard/00018030.jpg,0
data/sorted/paper/00014279.jpg,3
data/sorted/glass/00011548.jpg,1
data/sorted/cardboard/00018639.jpg,0
data/sorted/paper/00007757.jpg,3
data/sorted/glass/00012674.jpg,1
data/sorted/cardboard/00018115.jpg,0
data/sorted/plastic/00023340.jpg,4
data/sorted/plastic/00007972.jpg,4
data/sorted/cardboard/00003524.jpg,0
data/sorted/cardboard/00018023.jpg,0
data/sorted/metal/00013315.jpg,2
data/sorted/glass/00012975.jpg,1
data/sorted/glass/00000552.jpg,1
data/sorted/paper/00006754.jpg,3
data/sorted/glass/00012051.jpg,1
data/sorted/plastic/00024272.jpg,4
data/sorted/paper/00014959.jpg,3
data/sorted/plastic/00016663.jpg,4
data/sorted/cardboard/00000132.jpg,0
data/sorted/paper/00007264.jpg,3
data/sorted/metal/00021310.jpg,2
data/sorted/glass/00003990.jpg,1
data/sorted/metal/00021201.jpg,2
data/sorted/plastic/00008164.jpg,4
data/sorted/metal/00006159.jpg,2
data/sorted/plastic/00008193.jpg,4
data/sorted/plastic/00024456.jpg,4
data/sorted/plastic/00002195.jpg,4
data/sorted/glass/00004795.jpg,1
data/sorted/glass/00019433.jpg,1
data/sorted/plastic/00008739.jpg,4
data/sorted/glass/00004665.jpg,1
data/sorted/cardboard/00010996.jpg,0
data/sorted/cardboard/00003435.jpg,0
data/sorted/paper/00015054.jpg,3
data/sorted/cardboard/00003135.jpg,0
data/sorted/glass/00020387.jpg,1
data/sorted/metal/00005804.jpg,2
data/sorted/metal/00020795.jpg,2
data/sorted/paper/00007084.jpg,3
data/sorted/trash/00017172.jpg,5
data/sorted/cardboard/00002995.jpg,0
data/sorted/plastic/00009439.jpg,4
data/sorted/trash/00017018.jpg,5
data/sorted/metal/00006294.jpg,2
data/sorted/glass/00004507.jpg,1
data/sorted/glass/00011886.jpg,1
data/sorted/plastic/00002213.jpg,4
data/sorted/glass/00019188.jpg,1
data/sorted/cardboard/00018779.jpg,0
data/sorted/cardboard/00017699.jpg,0
data/sorted/plastic/00023004.jpg,4
data/sorted/plastic/00022911.jpg,4
data/sorted/glass/00019133.jpg,1
data/sorted/cardboard/00017895.jpg,0
data/sorted/glass/00005316.jpg,1
data/sorted/plastic/00023893.jpg,4
data/sorted/cardboard/00018409.jpg,0
data/sorted/plastic/00016290.jpg,4
data/sorted/cardboard/00002624.jpg,0
data/sorted/metal/00021508.jpg,2
data/sorted/plastic/00023994.jpg,4
data/sorted/glass/00020165.jpg,1
data/sorted/paper/00014638.jpg,3
data/sorted/cardboard/00010855.jpg,0
data/sorted/trash/00009762.jpg,5
data/sorted/paper/00007051.jpg,3
data/sorted/glass/00013026.jpg,1
data/sorted/glass/00003955.jpg,1
data/sorted/glass/00011575.jpg,1
data/sorted/plastic/00008212.jpg,4
data/sorted/paper/00021826.jpg,3
data/sorted/cardboard/00002627.jpg,0
data/sorted/plastic/00016288.jpg,4
data/sorted/metal/00021011.jpg,2
data/sorted/paper/00014723.jpg,3
data/sorted/metal/00013600.jpg,2
data/sorted/paper/00014786.jpg,3
data/sorted/paper/00022293.jpg,3
data/sorted/plastic/00024098.jpg,4
data/sorted/plastic/00016837.jpg,4
data/sorted/cardboard/00018426.jpg,0
data/sorted/paper/00007868.jpg,3
data/sorted/glass/00020006.jpg,1
data/sorted/plastic/00002383.jpg,4
data/sorted/plastic/00009173.jpg,4
data/sorted/glass/00013107.jpg,1
data/sorted/glass/00019152.jpg,1
data/sorted/cardboard/00010902.jpg,0
data/sorted/cardboard/00011280.jpg,0
data/sorted/plastic/00008892.jpg,4
data/sorted/metal/00013784.jpg,2
data/sorted/metal/00013987.jpg,2
data/sorted/plastic/00009272.jpg,4
data/sorted/plastic/00015710.jpg,4
data/sorted/cardboard/00017823.jpg,0
data/sorted/trash/00024617.jpg,5
data/sorted/cardboard/00003376.jpg,0
data/sorted/plastic/00024226.jpg,4
data/sorted/cardboard/00018222.jpg,0
data/sorted/glass/00000415.jpg,1
data/sorted/cardboard/00000143.jpg,0
data/sorted/glass/00004533.jpg,1
data/sorted/glass/00005608.jpg,1
data/sorted/plastic/00016216.jpg,4
data/sorted/paper/00021992.jpg,3
data/sorted/plastic/00009520.jpg,4
data/sorted/cardboard/00011258.jpg,0
data/sorted/plastic/00008935.jpg,4
data/sorted/glass/00005191.jpg,1
data/sorted/cardboard/00018421.jpg,0
data/sorted/plastic/00016164.jpg,4
data/sorted/metal/00005734.jpg,2
data/sorted/cardboard/00018165.jpg,0
data/sorted/metal/00001230.jpg,2
data/sorted/plastic/00008633.jpg,4
data/sorted/metal/00013511.jpg,2
data/sorted/glass/00019092.jpg,1
data/sorted/metal/00013572.jpg,2
data/sorted/plastic/00023000.jpg,4
data/sorted/paper/00006870.jpg,3
data/sorted/plastic/00016354.jpg,4
data/sorted/glass/00020327.jpg,1
data/sorted/metal/00020779.jpg,2
data/sorted/metal/00021013.jpg,2
data/sorted/paper/00007125.jpg,3
data/sorted/cardboard/00018557.jpg,0
data/sorted/glass/00011485.jpg,1
data/sorted/glass/00019153.jpg,1
data/sorted/glass/00004875.jpg,1
data/sorted/paper/00014527.jpg,3
data/sorted/paper/00014972.jpg,3
data/sorted/glass/00004120.jpg,1
data/sorted/paper/00022062.jpg,3
data/sorted/cardboard/00003070.jpg,0
data/sorted/glass/00019283.jpg,1
data/sorted/metal/00013731.jpg,2
data/sorted/metal/00013845.jpg,2
data/sorted/glass/00004967.jpg,1
data/sorted/glass/00000741.jpg,1
data/sorted/cardboard/00010714.jpg,0
data/sorted/cardboard/00011116.jpg,0
data/sorted/plastic/00016969.jpg,4
data/sorted/metal/00020757.jpg,2
data/sorted/plastic/00009055.jpg,4
data/sorted/plastic/00024153.jpg,4
data/sorted/metal/00006041.jpg,2
data/sorted/cardboard/00018113.jpg,0
data/sorted/glass/00018982.jpg,1
data/sorted/cardboard/00010829.jpg,0
data/sorted/plastic/00002351.jpg,4
data/sorted/glass/00005510.jpg,1
data/sorted/glass/00019561.jpg,1
data/sorted/glass/00013040.jpg,1
data/sorted/plastic/00008796.jpg,4
data/sorted/trash/00002457.jpg,5
data/sorted/metal/00006401.jpg,2
data/sorted/cardboard/00010140.jpg,0
data/sorted/trash/00024638.jpg,5
data/sorted/trash/00009630.jpg,5
data/sorted/metal/00021124.jpg,2
data/sorted/cardboard/00017741.jpg,0
data/sorted/cardboard/00000289.jpg,0
data/sorted/glass/00000607.jpg,1
data/sorted/cardboard/00003782.jpg,0
data/sorted/cardboard/00010853.jpg,0
data/sorted/trash/00009555.jpg,5
data/sorted/metal/00013373.jpg,2
data/sorted/paper/00022663.jpg,3
data/sorted/plastic/00008157.jpg,4
data/sorted/plastic/00022915.jpg,4
data/sorted/cardboard/00003451.jpg,0
data/sorted/plastic/00001941.jpg,4
data/sorted/paper/00001639.jpg,3
data/sorted/glass/00000504.jpg,1
data/sorted/plastic/00016329.jpg,4
data/sorted/paper/00007023.jpg,3
data/sorted/cardboard/00000050.jpg,0
data/sorted/paper/00001418.jpg,3
data/sorted/glass/00018881.jpg,1
data/sorted/metal/00013631.jpg,2
data/sorted/plastic/00008106.jpg,4
data/sorted/paper/00022825.jpg,3
data/sorted/paper/00014153.jpg,3
data/sorted/glass/00012685.jpg,1
data/sorted/glass/00004898.jpg,1
data/sorted/paper/00014622.jpg,3
data/sorted/plastic/00015502.jpg,4
data/sorted/cardboard/00002932.jpg,0
data/sorted/paper/00006912.jpg,3
data/sorted/cardboard/00000134.jpg,0
data/sorted/metal/00005884.jpg,2
data/sorted/paper/00022790.jpg,3
data/sorted/glass/00011877.jpg,1
data/sorted/paper/00021871.jpg,3
data/sorted/glass/00012950.jpg,1
data/sorted/cardboard/00002619.jpg,0
data/sorted/paper/00021908.jpg,3
data/sorted/plastic/00008530.jpg,4
data/sorted/cardboard/00017533.jpg,0
data/sorted/paper/00022142.jpg,3
data/sorted/paper/00014476.jpg,3
data/sorted/cardboard/00011006.jpg,0
data/sorted/cardboard/00003251.jpg,0
data/sorted/glass/00000431.jpg,1
data/sorted/metal/00001269.jpg,2
data/sorted/plastic/00024204.jpg,4
data/sorted/metal/00020604.jpg,2
data/sorted/plastic/00015804.jpg,4
data/sorted/cardboard/00003048.jpg,0
data/sorted/metal/00013377.jpg,2
data/sorted/plastic/00023638.jpg,4
data/sorted/cardboard/00010110.jpg,0
data/sorted/plastic/00023067.jpg,4
data/sorted/paper/00014294.jpg,3
data/sorted/cardboard/00018067.jpg,0
data/sorted/cardboard/00003077.jpg,0
data/sorted/plastic/00008052.jpg,4
data/sorted/plastic/00016701.jpg,4
data/sorted/plastic/00016116.jpg,4
data/sorted/glass/00011912.jpg,1
data/sorted/metal/00013691.jpg,2
data/sorted/metal/00001044.jpg,2
data/sorted/paper/00021575.jpg,3
data/sorted/metal/00001076.jpg,2
data/sorted/glass/00012939.jpg,1
data/sorted/metal/00020652.jpg,2
data/sorted/paper/00006828.jpg,3
data/sorted/glass/00019195.jpg,1
data/sorted/paper/00014145.jpg,3
data/sorted/cardboard/00010111.jpg,0
data/sorted/glass/00004806.jpg,1
data/sorted/cardboard/00018244.jpg,0
data/sorted/glass/00012017.jpg,1
data/sorted/cardboard/00002535.jpg,0
data/sorted/glass/00004001.jpg,1
data/sorted/plastic/00008171.jpg,4
data/sorted/glass/00004508.jpg,1
data/sorted/glass/00012018.jpg,1
data/sorted/plastic/00023833.jpg,4
data/sorted/cardboard/00018163.jpg,0
data/sorted/plastic/00023399.jpg,4
data/sorted/metal/00005996.jpg,2
data/sorted/cardboard/00011213.jpg,0
data/sorted/paper/00007775.jpg,3
data/sorted/cardboard/00010227.jpg,0
data/sorted/trash/00024839.jpg,5
data/sorted/paper/00022289.jpg,3
data/sorted/cardboard/00000391.jpg,0
data/sorted/glass/00020031.jpg,1
data/sorted/trash/00017332.jpg,5
data/sorted/metal/00005928.jpg,2
data/sorted/plastic/00008158.jpg,4
data/sorted/paper/00014685.jpg,3
data/sorted/plastic/00023555.jpg,4
data/sorted/glass/00000771.jpg,1
data/sorted/cardboard/00002870.jpg,0
data/sorted/plastic/00009104.jpg,4
data/sorted/paper/00014904.jpg,3
data/sorted/glass/00019940.jpg,1
data/sorted/cardboard/00000064.jpg,0
data/sorted/trash/00024610.jpg,5
data/sorted/cardboard/00011384.jpg,0
data/sorted/glass/00003967.jpg,1
data/sorted/glass/00005211.jpg,1
data/sorted/plastic/00016278.jpg,4
data/sorted/metal/00020673.jpg,2
data/sorted/cardboard/00017813.jpg,0
data/sorted/paper/00007427.jpg,3
data/sorted/metal/00013726.jpg,2
data/sorted/glass/00004734.jpg,1
data/sorted/glass/00000675.jpg,1
data/sorted/glass/00012902.jpg,1
data/sorted/plastic/00015471.jpg,4
data/sorted/cardboard/00017842.jpg,0
data/sorted/trash/00024547.jpg,5
data/sorted/plastic/00008713.jpg,4
data/sorted/plastic/00015888.jpg,4
data/sorted/plastic/00016899.jpg,4
data/sorted/plastic/00016279.jpg,4
data/sorted/cardboard/00010188.jpg,0
data/sorted/plastic/00008279.jpg,4
data/sorted/plastic/00009533.jpg,4
data/sorted/metal/00005843.jpg,2
data/sorted/paper/00021661.jpg,3
data/sorted/metal/00020751.jpg,2
data/sorted/plastic/00015637.jpg,4
data/sorted/glass/00000904.jpg,1
data/sorted/cardboard/00010736.jpg,0
data/sorted/plastic/00008562.jpg,4
data/sorted/paper/00014336.jpg,3
data/sorted/cardboard/00003702.jpg,0
data/sorted/cardboard/00003419.jpg,0
data/sorted/glass/00005509.jpg,1
data/sorted/plastic/00002341.jpg,4
data/sorted/metal/00006190.jpg,2
data/sorted/plastic/00023570.jpg,4
data/sorted/metal/00021012.jpg,2
data/sorted/glass/00019107.jpg,1
data/sorted/glass/00019682.jpg,1
data/sorted/plastic/00016505.jpg,4
data/sorted/trash/00009607.jpg,5
data/sorted/plastic/00009048.jpg,4
data/sorted/metal/00021055.jpg,2
data/sorted/plastic/00008640.jpg,4
data/sorted/paper/00001832.jpg,3
data/sorted/glass/00012120.jpg,1
data/sorted/paper/00021717.jpg,3
data/sorted/paper/00001385.jpg,3
data/sorted/plastic/00008442.jpg,4
data/sorted/plastic/00008730.jpg,4
data/sorted/plastic/00023884.jpg,4
data/sorted/trash/00024776.jpg,5
data/sorted/cardboard/00000297.jpg,0
data/sorted/metal/00013468.jpg,2
data/sorted/metal/00013163.jpg,2
data/sorted/plastic/00016921.jpg,4
data/sorted/plastic/00023916.jpg,4
data/sorted/glass/00012375.jpg,1
data/sorted/cardboard/00018496.jpg,0
data/sorted/plastic/00008803.jpg,4
data/sorted/plastic/00016267.jpg,4
data/sorted/cardboard/00011059.jpg,0
data/sorted/glass/00020456.jpg,1
data/sorted/cardboard/00010127.jpg,0
data/sorted/paper/00022068.jpg,3
data/sorted/glass/00019445.jpg,1
data/sorted/paper/00007865.jpg,3
data/sorted/metal/00021469.jpg,2
data/sorted/metal/00006459.jpg,2
data/sorted/paper/00014125.jpg,3
data/sorted/trash/00024489.jpg,5
data/sorted/metal/00006504.jpg,2
data/sorted/metal/00005733.jpg,2
data/sorted/metal/00005991.jpg,2
data/sorted/cardboard/00011012.jpg,0
data/sorted/trash/00002492.jpg,5
data/sorted/cardboard/00018118.jpg,0
data/sorted/plastic/00024067.jpg,4
data/sorted/paper/00007068.jpg,3
data/sorted/cardboard/00000193.jpg,0
data/sorted/glass/00011686.jpg,1
data/sorted/paper/00001862.jpg,3
data/sorted/paper/00022308.jpg,3
data/sorted/paper/00022496.jpg,3
data/sorted/plastic/00024179.jpg,4
data/sorted/metal/00013990.jpg,2
data/sorted/plastic/00022889.jpg,4
data/sorted/metal/00005897.jpg,2
data/sorted/paper/00022426.jpg,3
data/sorted/cardboard/00010196.jpg,0
data/sorted/plastic/00016734.jpg,4
data/sorted/plastic/00008750.jpg,4
data/sorted/metal/00006584.jpg,2
data/sorted/glass/00004565.jpg,1
data/sorted/plastic/00016048.jpg,4
data/sorted/plastic/00015542.jpg,4
data/sorted/paper/00022160.jpg,3
data/sorted/glass/00011677.jpg,1
data/sorted/glass/00005660.jpg,1
data/sorted/glass/00011570.jpg,1
data/sorted/metal/00006339.jpg,2
data/sorted/plastic/00009344.jpg,4
data/sorted/plastic/00015417.jpg,4
data/sorted/plastic/00007977.jpg,4
data/sorted/cardboard/00000051.jpg,0
data/sorted/metal/00006005.jpg,2
data/sorted/plastic/00009158.jpg,4
data/sorted/plastic/00016834.jpg,4
data/sorted/plastic/00016244.jpg,4
data/sorted/glass/00004864.jpg,1
data/sorted/glass/00004480.jpg,1
data/sorted/metal/00005892.jpg,2
data/sorted/trash/00024837.jpg,5
data/sorted/paper/00022352.jpg,3
data/sorted/cardboard/00011340.jpg,0
data/sorted/plastic/00024305.jpg,4
data/sorted/cardboard/00017605.jpg,0
data/sorted/paper/00007548.jpg,3
data/sorted/metal/00021395.jpg,2
data/sorted/glass/00000569.jpg,1
data/sorted/glass/00012398.jpg,1
data/sorted/cardboard/00010669.jpg,0
data/sorted/metal/00013352.jpg,2
data/sorted/plastic/00023700.jpg,4
data/sorted/plastic/00022909.jpg,4
data/sorted/cardboard/00003629.jpg,0
data/sorted/glass/00019478.jpg,1
data/sorted/cardboard/00010596.jpg,0
data/sorted/cardboard/00003620.jpg,0
data/sorted/metal/00013843.jpg,2
data/sorted/cardboard/00018071.jpg,0
data/sorted/plastic/00023858.jpg,4
data/sorted/cardboard/00017775.jpg,0
data/sorted/plastic/00009135.jpg,4
data/sorted/glass/00011428.jpg,1
data/sorted/plastic/00015675.jpg,4
data/sorted/paper/00014391.jpg,3
data/sorted/cardboard/00002540.jpg,0
data/sorted/glass/00020158.jpg,1
data/sorted/metal/00005730.jpg,2
data/sorted/metal/00013552.jpg,2
data/sorted/trash/00024479.jpg,5
data/sorted/paper/00022803.jpg,3
data/sorted/paper/00001591.jpg,3
data/sorted/glass/00020190.jpg,1
data/sorted/glass/00012245.jpg,1
data/sorted/glass/00000405.jpg,1
data/sorted/cardboard/00018563.jpg,0
data/sorted/paper/00014287.jpg,3
data/sorted/glass/00011680.jpg,1
data/sorted/glass/00005289.jpg,1
data/sorted/cardboard/00011276.jpg,0
data/sorted/paper/00022558.jpg,3
data/sorted/paper/00022819.jpg,3
data/sorted/plastic/00016895.jpg,4
data/sorted/metal/00000906.jpg,2
data/sorted/paper/00015009.jpg,3
data/sorted/trash/00017328.jpg,5
data/sorted/plastic/00024107.jpg,4
data/sorted/cardboard/00018404.jpg,0
data/sorted/plastic/00023484.jpg,4
data/sorted/glass/00019946.jpg,1
data/sorted/glass/00019958.jpg,1
data/sorted/glass/00004406.jpg,1
data/sorted/cardboard/00018796.jpg,0
data/sorted/plastic/00016314.jpg,4
data/sorted/paper/00022629.jpg,3
data/sorted/cardboard/00018541.jpg,0
data/sorted/glass/00004308.jpg,1
data/sorted/plastic/00022978.jpg,4
data/sorted/plastic/00023011.jpg,4
data/sorted/paper/00001726.jpg,3
data/sorted/plastic/00008261.jpg,4
data/sorted/plastic/00009444.jpg,4
data/sorted/metal/00005925.jpg,2
data/sorted/cardboard/00011153.jpg,0
data/sorted/glass/00019933.jpg,1
data/sorted/paper/00007278.jpg,3
data/sorted/cardboard/00018712.jpg,0
data/sorted/plastic/00023544.jpg,4
data/sorted/glass/00020539.jpg,1
data/sorted/paper/00022763.jpg,3
data/sorted/glass/00012638.jpg,1
data/sorted/metal/00021434.jpg,2
data/sorted/cardboard/00011400.jpg,0
data/sorted/glass/00020273.jpg,1
data/sorted/cardboard/00010560.jpg,0
data/sorted/plastic/00009247.jpg,4
data/sorted/glass/00012260.jpg,1
data/sorted/paper/00001696.jpg,3
data/sorted/metal/00020736.jpg,2
data/sorted/paper/00021725.jpg,3
data/sorted/glass/00020447.jpg,1
data/sorted/glass/00004881.jpg,1
data/sorted/plastic/00024364.jpg,4
data/sorted/glass/00012546.jpg,1
data/sorted/trash/00017228.jpg,5
data/sorted/trash/00024740.jpg,5
data/sorted/glass/00012492.jpg,1
data/sorted/plastic/00016068.jpg,4
data/sorted/cardboard/00018381.jpg,0
data/sorted/plastic/00002200.jpg,4
data/sorted/cardboard/00003052.jpg,0
data/sorted/plastic/00015783.jpg,4
data/sorted/glass/00004264.jpg,1
data/sorted/trash/00024784.jpg,5
data/sorted/plastic/00009070.jpg,4
data/sorted/glass/00019338.jpg,1
data/sorted/plastic/00008097.jpg,4
data/sorted/cardboard/00003833.jpg,0
data/sorted/glass/00004172.jpg,1
data/sorted/plastic/00023381.jpg,4
data/sorted/cardboard/00018232.jpg,0
data/sorted/paper/00014237.jpg,3
data/sorted/glass/00020576.jpg,1
data/sorted/plastic/00016273.jpg,4
data/sorted/glass/00004895.jpg,1
data/sorted/metal/00006065.jpg,2
data/sorted/metal/00013273.jpg,2
data/sorted/glass/00019055.jpg,1
data/sorted/cardboard/00010955.jpg,0
data/sorted/plastic/00009045.jpg,4
data/sorted/plastic/00024274.jpg,4
data/sorted/plastic/00015852.jpg,4
data/sorted/metal/00005981.jpg,2
data/sorted/paper/00014740.jpg,3
data/sorted/cardboard/00000266.jpg,0
data/sorted/metal/00006043.jpg,2
data/sorted/paper/00007296.jpg,3
data/sorted/cardboard/00018186.jpg,0
data/sorted/glass/00011777.jpg,1
data/sorted/cardboard/00003242.jpg,0
data/sorted/paper/00022240.jpg,3
data/sorted/glass/00020509.jpg,1
data/sorted/cardboard/00018369.jpg,0
data/sorted/cardboard/00018346.jpg,0
data/sorted/metal/00006362.jpg,2
data/sorted/cardboard/00010053.jpg,0
data/sorted/glass/00004288.jpg,1
data/sorted/plastic/00015895.jpg,4
data/sorted/trash/00009620.jpg,5
data/sorted/paper/00007114.jpg,3
data/sorted/paper/00022222.jpg,3
data/sorted/metal/00013682.jpg,2
data/sorted/glass/00012683.jpg,1
data/sorted/glass/00004556.jpg,1
data/sorted/metal/00006192.jpg,2
data/sorted/trash/00024838.jpg,5
data/sorted/paper/00007657.jpg,3
data/sorted/glass/00004044.jpg,1
data/sorted/metal/00013466.jpg,2
data/sorted/plastic/00009491.jpg,4
data/sorted/trash/00024709.jpg,5
data/sorted/paper/00001801.jpg,3
data/sorted/cardboard/00010754.jpg,0
data/sorted/glass/00005441.jpg,1
data/sorted/plastic/00015467.jpg,4
data/sorted/cardboard/00010278.jpg,0
data/sorted/paper/00007133.jpg,3
data/sorted/plastic/00023320.jpg,4
data/sorted/metal/00013704.jpg,2
data/sorted/glass/00011546.jpg,1
data/sorted/paper/00001884.jpg,3
data/sorted/cardboard/00018305.jpg,0
data/sorted/glass/00011941.jpg,1
data/sorted/plastic/00016125.jpg,4
data/sorted/paper/00007288.jpg,3
data/sorted/glass/00012269.jpg,1
data/sorted/paper/00021947.jpg,3
data/sorted/plastic/00015818.jpg,4
data/sorted/plastic/00008275.jpg,4
data/sorted/glass/00000857.jpg,1
data/sorted/plastic/00016958.jpg,4
data/sorted/glass/00012837.jpg,1
data/sorted/metal/00013141.jpg,2
data/sorted/paper/00007540.jpg,3
data/sorted/metal/00013306.jpg,2
data/sorted/plastic/00008202.jpg,4
data/sorted/plastic/00009121.jpg,4
data/sorted/plastic/00008792.jpg,4
data/sorted/plastic/00009338.jpg,4
data/sorted/glass/00019431.jpg,1
data/sorted/metal/00021384.jpg,2
data/sorted/glass/00004437.jpg,1
data/sorted/plastic/00008782.jpg,4
data/sorted/glass/00004430.jpg,1
data/sorted/paper/00021894.jpg,3
data/sorted/paper/00007013.jpg,3
data/sorted/glass/00012134.jpg,1
data/sorted/glass/00020566.jpg,1
data/sorted/glass/00019519.jpg,1
data/sorted/plastic/00008309.jpg,4
data/sorted/paper/00015058.jpg,3
data/sorted/glass/00019759.jpg,1
data/sorted/glass/00004285.jpg,1
data/sorted/glass/00012887.jpg,1
data/sorted/plastic/00016662.jpg,4
data/sorted/plastic/00015758.jpg,4
data/sorted/metal/00001115.jpg,2
data/sorted/glass/00003995.jpg,1
data/sorted/glass/00019442.jpg,1
data/sorted/cardboard/00018601.jpg,0
data/sorted/metal/00001207.jpg,2
data/sorted/cardboard/00011212.jpg,0
data/sorted/glass/00011667.jpg,1
data/sorted/paper/00006860.jpg,3
data/sorted/paper/00007159.jpg,3
data/sorted/plastic/00016503.jpg,4
data/sorted/plastic/00023503.jpg,4
data/sorted/metal/00021381.jpg,2
data/sorted/paper/00022520.jpg,3
data/sorted/glass/00005256.jpg,1
data/sorted/paper/00007036.jpg,3
data/sorted/plastic/00008024.jpg,4
data/sorted/metal/00000963.jpg,2
data/sorted/paper/00001581.jpg,3
data/sorted/cardboard/00010916.jpg,0
data/sorted/plastic/00008501.jpg,4
data/sorted/paper/00022291.jpg,3
data/sorted/glass/00000692.jpg,1
data/sorted/plastic/00024096.jpg,4
data/sorted/glass/00000903.jpg,1
data/sorted/metal/00013639.jpg,2
data/sorted/glass/00020218.jpg,1
data/sorted/cardboard/00002974.jpg,0
data/sorted/plastic/00009046.jpg,4
data/sorted/metal/00021314.jpg,2
data/sorted/cardboard/00000367.jpg,0
data/sorted/cardboard/00010482.jpg,0
data/sorted/paper/00006897.jpg,3
data/sorted/glass/00004323.jpg,1
data/sorted/glass/00005112.jpg,1
data/sorted/plastic/00023306.jpg,4
data/sorted/plastic/00015404.jpg,4
data/sorted/plastic/00016760.jpg,4
data/sorted/cardboard/00010443.jpg,0
data/sorted/paper/00014976.jpg,3
data/sorted/cardboard/00017833.jpg,0
data/sorted/plastic/00016349.jpg,4
data/sorted/glass/00012795.jpg,1
data/sorted/metal/00006044.jpg,2
data/sorted/paper/00007643.jpg,3
data/sorted/glass/00011753.jpg,1
data/sorted/plastic/00009056.jpg,4
data/sorted/trash/00002391.jpg,5
data/sorted/paper/00014545.jpg,3
data/sorted/paper/00022403.jpg,3
data/sorted/glass/00004745.jpg,1
data/sorted/paper/00014809.jpg,3
data/sorted/metal/00020799.jpg,2
data/sorted/glass/00012073.jpg,1
data/sorted/metal/00013808.jpg,2
data/sorted/plastic/00008244.jpg,4
data/sorted/plastic/00016072.jpg,4
data/sorted/glass/00005321.jpg,1
data/sorted/metal/00013240.jpg,2
data/sorted/plastic/00016021.jpg,4
data/sorted/glass/00019083.jpg,1
data/sorted/paper/00015090.jpg,3
data/sorted/cardboard/00017871.jpg,0
data/sorted/paper/00006734.jpg,3
data/sorted/glass/00004529.jpg,1
data/sorted/glass/00004074.jpg,1
data/sorted/cardboard/00003265.jpg,0
data/sorted/metal/00020678.jpg,2
data/sorted/trash/00009808.jpg,5
data/sorted/metal/00013242.jpg,2
data/sorted/metal/00020622.jpg,2
data/sorted/cardboard/00003731.jpg,0
data/sorted/glass/00000683.jpg,1
data/sorted/glass/00020200.jpg,1
data/sorted/metal/00006143.jpg,2
data/sorted/cardboard/00017832.jpg,0
data/sorted/paper/00022161.jpg,3
data/sorted/paper/00021670.jpg,3
data/sorted/metal/00013888.jpg,2
data/sorted/paper/00001749.jpg,3
data/sorted/plastic/00015754.jpg,4
data/sorted/paper/00022835.jpg,3
data/sorted/cardboard/00002648.jpg,0
data/sorted/metal/00020662.jpg,2
data/sorted/glass/00011970.jpg,1
data/sorted/paper/00001363.jpg,3
data/sorted/plastic/00016006.jpg,4
data/sorted/glass/00011605.jpg,1
data/sorted/metal/00005881.jpg,2
data/sorted/glass/00012053.jpg,1
data/sorted/paper/00006929.jpg,3
data/sorted/glass/00011464.jpg,1
data/sorted/plastic/00016361.jpg,4
data/sorted/glass/00004601.jpg,1
data/sorted/glass/00012054.jpg,1
data/sorted/paper/00007154.jpg,3
data/sorted/cardboard/00018117.jpg,0
data/sorted/cardboard/00011180.jpg,0
data/sorted/metal/00013787.jpg,2
data/sorted/paper/00007931.jpg,3
data/sorted/plastic/00008379.jpg,4
data/sorted/cardboard/00002836.jpg,0
data/sorted/metal/00013396.jpg,2
data/sorted/paper/00001317.jpg,3
data/sorted/plastic/00016885.jpg,4
data/sorted/metal/00021213.jpg,2
data/sorted/plastic/00023516.jpg,4
data/sorted/cardboard/00018257.jpg,0
data/sorted/metal/00013721.jpg,2
data/sorted/paper/00006850.jpg,3
data/sorted/metal/00014037.jpg,2
data/sorted/glass/00018949.jpg,1
data/sorted/cardboard/00000392.jpg,0
data/sorted/paper/00022842.jpg,3
data/sorted/cardboard/00000311.jpg,0
data/sorted/glass/00005397.jpg,1
data/sorted/paper/00022400.jpg,3
data/sorted/metal/00021429.jpg,2
data/sorted/plastic/00007971.jpg,4
data/sorted/glass/00005601.jpg,1
data/sorted/paper/00006813.jpg,3
data/sorted/plastic/00008519.jpg,4
data/sorted/paper/00021590.jpg,3
data/sorted/glass/00000840.jpg,1
data/sorted/cardboard/00018339.jpg,0
data/sorted/paper/00021823.jpg,3
data/sorted/plastic/00008896.jpg,4
data/sorted/cardboard/00018153.jpg,0
data/sorted/plastic/00008088.jpg,4
data/sorted/glass/00004199.jpg,1
data/sorted/paper/00007130.jpg,3
data/sorted/metal/00013165.jpg,2
data/sorted/plastic/00023924.jpg,4
data/sorted/glass/00019533.jpg,1
data/sorted/cardboard/00017543.jpg,0
data/sorted/paper/00006845.jpg,3
data/sorted/plastic/00023288.jpg,4
data/sorted/cardboard/00003501.jpg,0
data/sorted/glass/00012775.jpg,1
data/sorted/glass/00019950.jpg,1
data/sorted/plastic/00015673.jpg,4
data/sorted/paper/00007488.jpg,3
data/sorted/paper/00014257.jpg,3
data/sorted/glass/00005597.jpg,1
data/sorted/paper/00007166.jpg,3
data/sorted/paper/00001361.jpg,3
data/sorted/cardboard/00003817.jpg,0
data/sorted/paper/00001373.jpg,3
data/sorted/glass/00011771.jpg,1
data/sorted/paper/00021573.jpg,3
data/sorted/plastic/00015681.jpg,4
data/sorted/paper/00022786.jpg,3
data/sorted/glass/00011684.jpg,1
data/sorted/metal/00006443.jpg,2
data/sorted/plastic/00008133.jpg,4
data/sorted/glass/00012064.jpg,1
data/sorted/paper/00014617.jpg,3
data/sorted/paper/00015146.jpg,3
data/sorted/metal/00013557.jpg,2
data/sorted/trash/00017185.jpg,5
data/sorted/cardboard/00017503.jpg,0
data/sorted/glass/00012077.jpg,1
data/sorted/glass/00019656.jpg,1
data/sorted/paper/00006815.jpg,3
data/sorted/paper/00001497.jpg,3
data/sorted/cardboard/00018197.jpg,0
data/sorted/cardboard/00010993.jpg,0
data/sorted/paper/00006758.jpg,3
data/sorted/cardboard/00003491.jpg,0
data/sorted/cardboard/00002714.jpg,0
data/sorted/plastic/00015405.jpg,4
data/sorted/paper/00014283.jpg,3
data/sorted/glass/00020253.jpg,1
data/sorted/paper/00022168.jpg,3
data/sorted/glass/00019706.jpg,1
data/sorted/metal/00020934.jpg,2
data/sorted/trash/00009705.jpg,5
data/sorted/glass/00018940.jpg,1
data/sorted/glass/00012264.jpg,1
data/sorted/cardboard/00010601.jpg,0
data/sorted/plastic/00016992.jpg,4
data/sorted/trash/00024597.jpg,5
data/sorted/metal/00013259.jpg,2
data/sorted/plastic/00009396.jpg,4
data/sorted/metal/00013717.jpg,2
data/sorted/plastic/00008286.jpg,4
data/sorted/paper/00015088.jpg,3
data/sorted/trash/00009973.jpg,5
data/sorted/plastic/00015918.jpg,4
data/sorted/glass/00004057.jpg,1
data/sorted/paper/00015043.jpg,3
data/sorted/cardboard/00010471.jpg,0
data/sorted/glass/00019189.jpg,1
data/sorted/glass/00005227.jpg,1
data/sorted/paper/00022708.jpg,3
data/sorted/glass/00019614.jpg,1
data/sorted/paper/00021579.jpg,3
data/sorted/cardboard/00011237.jpg,0
data/sorted/paper/00022288.jpg,3
data/sorted/plastic/00009122.jpg,4
data/sorted/cardboard/00018050.jpg,0
data/sorted/paper/00022843.jpg,3
data/sorted/glass/00012139.jpg,1
data/sorted/cardboard/00018743.jpg,0
data/sorted/metal/00006185.jpg,2
data/sorted/plastic/00023040.jpg,4
data/sorted/plastic/00008889.jpg,4
data/sorted/cardboard/00000090.jpg,0
data/sorted/plastic/00008625.jpg,4
data/sorted/plastic/00015722.jpg,4
data/sorted/cardboard/00003060.jpg,0
data/sorted/paper/00022175.jpg,3
data/sorted/plastic/00024337.jpg,4
data/sorted/cardboard/00010802.jpg,0
data/sorted/plastic/00002072.jpg,4
data/sorted/glass/00020409.jpg,1
data/sorted/plastic/00016086.jpg,4
data/sorted/cardboard/00002781.jpg,0
data/sorted/cardboard/00017921.jpg,0
data/sorted/cardboard/00010480.jpg,0
data/sorted/plastic/00007960.jpg,4
data/sorted/glass/00019328.jpg,1
data/sorted/metal/00013634.jpg,2
data/sorted/cardboard/00011283.jpg,0
data/sorted/plastic/00022933.jpg,4
data/sorted/plastic/00024010.jpg,4
data/sorted/cardboard/00002873.jpg,0
data/sorted/cardboard/00003249.jpg,0
data/sorted/paper/00021949.jpg,3
data/sorted/plastic/00023797.jpg,4
data/sorted/paper/00007903.jpg,3
data/sorted/plastic/00001927.jpg,4
data/sorted/plastic/00016170.jpg,4
data/sorted/glass/00004276.jpg,1
data/sorted/glass/00004080.jpg,1
data/sorted/plastic/00023219.jpg,4
data/sorted/glass/00005280.jpg,1
data/sorted/cardboard/00011044.jpg,0
data/sorted/plastic/00009081.jpg,4
data/sorted/trash/00017072.jpg,5
data/sorted/paper/00007546.jpg,3
data/sorted/plastic/00009420.jpg,4
data/sorted/cardboard/00011175.jpg,0
data/sorted/glass/00000739.jpg,1
data/sorted/plastic/00009385.jpg,4
data/sorted/cardboard/00010454.jpg,0
data/sorted/paper/00022610.jpg,3
data/sorted/plastic/00001912.jpg,4
data/sorted/plastic/00016475.jpg,4
data/sorted/glass/00012761.jpg,1
data/sorted/cardboard/00000182.jpg,0
data/sorted/metal/00021353.jpg,2
data/sorted/glass/00004169.jpg,1
data/sorted/glass/00004962.jpg,1
data/sorted/trash/00017009.jpg,5
data/sorted/metal/00013793.jpg,2
data/sorted/cardboard/00002673.jpg,0
data/sorted/cardboard/00017744.jpg,0
data/sorted/metal/00006427.jpg,2
data/sorted/trash/00017080.jpg,5
data/sorted/plastic/00024029.jpg,4
data/sorted/paper/00015027.jpg,3
data/sorted/glass/00005336.jpg,1
data/sorted/cardboard/00003364.jpg,0
data/sorted/cardboard/00018717.jpg,0
data/sorted/cardboard/00002952.jpg,0
data/sorted/paper/00014648.jpg,3
data/sorted/metal/00013836.jpg,2
data/sorted/paper/00007198.jpg,3
data/sorted/cardboard/00010666.jpg,0
data/sorted/cardboard/00003728.jpg,0
data/sorted/cardboard/00011034.jpg,0
data/sorted/glass/00020117.jpg,1
data/sorted/metal/00021001.jpg,2
data/sorted/metal/00013200.jpg,2
data/sorted/plastic/00008538.jpg,4
data/sorted/cardboard/00003016.jpg,0
data/sorted/glass/00019358.jpg,1
data/sorted/paper/00006882.jpg,3
data/sorted/plastic/00002281.jpg,4
data/sorted/metal/00013910.jpg,2
data/sorted/metal/00013227.jpg,2
data/sorted/paper/00001864.jpg,3
data/sorted/glass/00020135.jpg,1
data/sorted/glass/00012175.jpg,1
data/sorted/metal/00013690.jpg,2
data/sorted/trash/00009661.jpg,5
data/sorted/glass/00020080.jpg,1
data/sorted/plastic/00023721.jpg,4
data/sorted/trash/00009812.jpg,5
data/sorted/paper/00021558.jpg,3
data/sorted/glass/00004810.jpg,1
data/sorted/metal/00020687.jpg,2
data/sorted/metal/00021113.jpg,2
data/sorted/paper/00007567.jpg,3
data/sorted/cardboard/00011106.jpg,0
data/sorted/metal/00020606.jpg,2
data/sorted/cardboard/00003831.jpg,0
data/sorted/plastic/00008886.jpg,4
data/sorted/cardboard/00010036.jpg,0
data/sorted/glass/00019276.jpg,1
data/sorted/plastic/00008977.jpg,4
data/sorted/glass/00012514.jpg,1
data/sorted/metal/00021365.jpg,2
data/sorted/cardboard/00018403.jpg,0
data/sorted/plastic/00002228.jpg,4
data/sorted/paper/00007652.jpg,3
data/sorted/plastic/00008931.jpg,4
data/sorted/paper/00007800.jpg,3
data/sorted/plastic/00022967.jpg,4
data/sorted/cardboard/00000032.jpg,0
data/sorted/cardboard/00003470.jpg,0
data/sorted/plastic/00016903.jpg,4
data/sorted/paper/00015190.jpg,3
data/sorted/plastic/00007941.jpg,4
data/sorted/plastic/00009134.jpg,4
data/sorted/plastic/00008711.jpg,4
data/sorted/metal/00013156.jpg,2
data/sorted/plastic/00015930.jpg,4
data/sorted/cardboard/00003716.jpg,0
data/sorted/metal/00013884.jpg,2
data/sorted/paper/00022155.jpg,3
data/sorted/plastic/00015933.jpg,4
data/sorted/trash/00009725.jpg,5
data/sorted/glass/00011857.jpg,1
data/sorted/glass/00004129.jpg,1
data/sorted/plastic/00023276.jpg,4
data/sorted/metal/00006119.jpg,2
data/sorted/plastic/00024362.jpg,4
data/sorted/metal/00020740.jpg,2
data/sorted/cardboard/00000254.jpg,0
data/sorted/glass/00018869.jpg,1
data/sorted/plastic/00022916.jpg,4
data/sorted/plastic/00009252.jpg,4
data/sorted/glass/00013035.jpg,1
data/sorted/plastic/00008998.jpg,4
data/sorted/cardboard/00018622.jpg,0
data/sorted/paper/00001450.jpg,3
data/sorted/cardboard/00003095.jpg,0
data/sorted/cardboard/00003880.jpg,0
data/sorted/cardboard/00000344.jpg,0
data/sorted/paper/00022519.jpg,3
data/sorted/plastic/00023947.jpg,4
data/sorted/paper/00007862.jpg,3
data/sorted/plastic/00024139.jpg,4
data/sorted/glass/00020480.jpg,1
data/sorted/metal/00006527.jpg,2
data/sorted/trash/00024842.jpg,5
data/sorted/glass/00004355.jpg,1
data/sorted/plastic/00008211.jpg,4
data/sorted/metal/00006342.jpg,2
data/sorted/glass/00000502.jpg,1
data/sorted/plastic/00024065.jpg,4
data/sorted/metal/00021463.jpg,2
data/sorted/glass/00019600.jpg,1
data/sorted/cardboard/00018648.jpg,0
data/sorted/glass/00012025.jpg,1
data/sorted/plastic/00008041.jpg,4
data/sorted/metal/00020731.jpg,2
data/sorted/plastic/00023421.jpg,4
data/sorted/paper/00007501.jpg,3
data/sorted/plastic/00009079.jpg,4
data/sorted/metal/00020925.jpg,2
data/sorted/glass/00004306.jpg,1
data/sorted/paper/00001738.jpg,3
data/sorted/paper/00022538.jpg,3
data/sorted/glass/00019037.jpg,1
data/sorted/glass/00000497.jpg,1
data/sorted/plastic/00024287.jpg,4
data/sorted/glass/00012811.jpg,1
data/sorted/glass/00004220.jpg,1
data/sorted/plastic/00016166.jpg,4
data/sorted/cardboard/00003118.jpg,0
data/sorted/paper/00014987.jpg,3
data/sorted/cardboard/00003652.jpg,0
data/sorted/cardboard/00017930.jpg,0
data/sorted/trash/00017022.jpg,5
data/sorted/plastic/00015686.jpg,4
data/sorted/plastic/00016549.jpg,4
data/sorted/plastic/00023083.jpg,4
data/sorted/cardboard/00010097.jpg,0
data/sorted/cardboard/00011287.jpg,0
data/sorted/paper/00022492.jpg,3
data/sorted/plastic/00015797.jpg,4
data/sorted/glass/00012283.jpg,1
data/sorted/metal/00021027.jpg,2
data/sorted/trash/00009708.jpg,5
data/sorted/plastic/00009319.jpg,4
data/sorted/glass/00013104.jpg,1
data/sorted/plastic/00022903.jpg,4
data/sorted/paper/00006855.jpg,3
data/sorted/plastic/00015696.jpg,4
data/sorted/plastic/00016612.jpg,4
data/sorted/paper/00014109.jpg,3
data/sorted/metal/00021269.jpg,2
data/sorted/glass/00012280.jpg,1
data/sorted/paper/00007663.jpg,3
data/sorted/glass/00004072.jpg,1
data/sorted/plastic/00008665.jpg,4
data/sorted/metal/00020677.jpg,2
data/sorted/glass/00020397.jpg,1
data/sorted/glass/00000544.jpg,1
data/sorted/plastic/00023922.jpg,4
data/sorted/glass/00004290.jpg,1
data/sorted/cardboard/00018327.jpg,0
data/sorted/plastic/00008490.jpg,4
data/sorted/cardboard/00000125.jpg,0
data/sorted/plastic/00016107.jpg,4
data/sorted/cardboard/00000102.jpg,0
data/sorted/cardboard/00018638.jpg,0
data/sorted/glass/00019563.jpg,1
data/sorted/metal/00013239.jpg,2
data/sorted/cardboard/00017493.jpg,0
data/sorted/plastic/00024436.jpg,4
data/sorted/glass/00019945.jpg,1
data/sorted/glass/00012108.jpg,1
data/sorted/paper/00001608.jpg,3
data/sorted/glass/00004880.jpg,1
data/sorted/paper/00015051.jpg,3
data/sorted/plastic/00024454.jpg,4
data/sorted/paper/00014774.jpg,3
data/sorted/glass/00012225.jpg,1
data/sorted/plastic/00001955.jpg,4
data/sorted/cardboard/00010361.jpg,0
data/sorted/glass/00020514.jpg,1
data/sorted/paper/00022854.jpg,3
data/sorted/glass/00012707.jpg,1
data/sorted/glass/00019174.jpg,1
data/sorted/paper/00022364.jpg,3
data/sorted/metal/00021068.jpg,2
data/sorted/plastic/00024163.jpg,4
data/sorted/plastic/00023982.jpg,4
data/sorted/cardboard/00003522.jpg,0
data/sorted/plastic/00023082.jpg,4
data/sorted/glass/00011806.jpg,1
data/sorted/plastic/00015452.jpg,4
data/sorted/plastic/00016544.jpg,4
data/sorted/glass/00020582.jpg,1
data/sorted/glass/00019723.jpg,1
data/sorted/glass/00012588.jpg,1
data/sorted/glass/00005465.jpg,1
data/sorted/glass/00000815.jpg,1
data/sorted/glass/00005649.jpg,1
data/sorted/plastic/00015676.jpg,4
data/sorted/glass/00005333.jpg,1
data/sorted/plastic/00008396.jpg,4
data/sorted/glass/00019395.jpg,1
data/sorted/plastic/00001990.jpg,4
data/sorted/glass/00004123.jpg,1
data/sorted/plastic/00008774.jpg,4
data/sorted/cardboard/00003479.jpg,0
data/sorted/glass/00019112.jpg,1
data/sorted/plastic/00016670.jpg,4
data/sorted/glass/00011424.jpg,1
data/sorted/paper/00014344.jpg,3
data/sorted/cardboard/00003399.jpg,0
data/sorted/cardboard/00010698.jpg,0
data/sorted/glass/00000842.jpg,1
data/sorted/trash/00024532.jpg,5
data/sorted/glass/00019532.jpg,1
data/sorted/glass/00000832.jpg,1
data/sorted/plastic/00024254.jpg,4
data/sorted/paper/00014203.jpg,3
data/sorted/paper/00022585.jpg,3
data/sorted/glass/00004638.jpg,1
data/sorted/paper/00007508.jpg,3
data/sorted/plastic/00008207.jpg,4
data/sorted/plastic/00009296.jpg,4
data/sorted/glass/00012968.jpg,1
data/sorted/plastic/00009407.jpg,4
data/sorted/metal/00014002.jpg,2
data/sorted/trash/00017122.jpg,5
data/sorted/plastic/00009454.jpg,4
data/sorted/metal/00021086.jpg,2
data/sorted/cardboard/00003230.jpg,0
data/sorted/cardboard/00018043.jpg,0
data/sorted/plastic/00023948.jpg,4
data/sorted/plastic/00016563.jpg,4
data/sorted/cardboard/00018079.jpg,0
data/sorted/trash/00024775.jpg,5
data/sorted/plastic/00024315.jpg,4
data/sorted/trash/00009861.jpg,5
data/sorted/glass/00012286.jpg,1
data/sorted/metal/00020884.jpg,2
data/sorted/plastic/00015809.jpg,4
data/sorted/metal/00006426.jpg,2
data/sorted/plastic/00023942.jpg,4
data/sorted/paper/00001751.jpg,3
data/sorted/cardboard/00018792.jpg,0
data/sorted/glass/00019245.jpg,1
data/sorted/paper/00021832.jpg,3
data/sorted/paper/00001458.jpg,3
data/sorted/glass/00011517.jpg,1
data/sorted/cardboard/00002904.jpg,0
data/sorted/glass/00019554.jpg,1
data/sorted/plastic/00023286.jpg,4
data/sorted/metal/00021223.jpg,2
data/sorted/trash/00024877.jpg,5
data/sorted/glass/00012418.jpg,1
data/sorted/metal/00013554.jpg,2
data/sorted/paper/00015005.jpg,3
data/sorted/plastic/00007949.jpg,4
data/sorted/paper/00006719.jpg,3
data/sorted/plastic/00008043.jpg,4
data/sorted/plastic/00002322.jpg,4
data/sorted/paper/00015214.jpg,3
data/sorted/paper/00015018.jpg,3
data/sorted/glass/00011679.jpg,1
data/sorted/paper/00007444.jpg,3
data/sorted/plastic/00015531.jpg,4
data/sorted/cardboard/00017879.jpg,0
data/sorted/glass/00012715.jpg,1
data/sorted/paper/00001787.jpg,3
data/sorted/trash/00024801.jpg,5
data/sorted/plastic/00016607.jpg,4
data/sorted/paper/00014410.jpg,3
data/sorted/paper/00007379.jpg,3
data/sorted/glass/00005627.jpg,1
data/sorted/metal/00005816.jpg,2
data/sorted/glass/00019007.jpg,1
data/sorted/plastic/00024410.jpg,4
data/sorted/cardboard/00018599.jpg,0
data/sorted/cardboard/00018656.jpg,0
data/sorted/glass/00019630.jpg,1
data/sorted/cardboard/00003753.jpg,0
data/sorted/metal/00005850.jpg,2
data/sorted/glass/00004221.jpg,1
data/sorted/glass/00020471.jpg,1
data/sorted/plastic/00015951.jpg,4
data/sorted/glass/00011927.jpg,1
data/sorted/metal/00013543.jpg,2
data/sorted/cardboard/00018739.jpg,0
data/sorted/cardboard/00002626.jpg,0
data/sorted/plastic/00015753.jpg,4
data/sorted/plastic/00015507.jpg,4
data/sorted/cardboard/00003852.jpg,0
data/sorted/paper/00014838.jpg,3
data/sorted/cardboard/00011134.jpg,0
data/sorted/glass/00004773.jpg,1
data/sorted/trash/00002466.jpg,5
data/sorted/glass/00004426.jpg,1
data/sorted/glass/00004324.jpg,1
data/sorted/paper/00006832.jpg,3
data/sorted/glass/00012657.jpg,1
data/sorted/glass/00012865.jpg,1
data/sorted/trash/00002396.jpg,5
data/sorted/cardboard/00010741.jpg,0
data/sorted/cardboard/00010163.jpg,0
data/sorted/cardboard/00003827.jpg,0
data/sorted/plastic/00016988.jpg,4
data/sorted/paper/00015078.jpg,3
data/sorted/metal/00001078.jpg,2
data/sorted/metal/00021246.jpg,2
data/sorted/glass/00011837.jpg,1
data/sorted/cardboard/00011336.jpg,0
data/sorted/glass/00000631.jpg,1
data/sorted/cardboard/00010051.jpg,0
data/sorted/glass/00019414.jpg,1
data/sorted/cardboard/00000129.jpg,0
data/sorted/paper/00022772.jpg,3
data/sorted/plastic/00022979.jpg,4
data/sorted/glass/00005176.jpg,1
data/sorted/plastic/00023020.jpg,4
data/sorted/paper/00021664.jpg,3
data/sorted/plastic/00023596.jpg,4
data/sorted/plastic/00009466.jpg,4
data/sorted/plastic/00016910.jpg,4
data/sorted/cardboard/00011001.jpg,0
data/sorted/paper/00007640.jpg,3
data/sorted/plastic/00008971.jpg,4
data/sorted/glass/00000874.jpg,1
data/sorted/glass/00012232.jpg,1
data/sorted/paper/00014911.jpg,3
data/sorted/paper/00014803.jpg,3
data/sorted/cardboard/00002829.jpg,0
data/sorted/plastic/00015910.jpg,4
data/sorted/paper/00015381.jpg,3
data/sorted/metal/00013233.jpg,2
data/sorted/paper/00022635.jpg,3
data/sorted/glass/00020292.jpg,1
data/sorted/glass/00000779.jpg,1
data/sorted/plastic/00016643.jpg,4
data/sorted/metal/00013710.jpg,2
data/sorted/glass/00004314.jpg,1
data/sorted/cardboard/00010213.jpg,0
data/sorted/metal/00000948.jpg,2
data/sorted/paper/00021769.jpg,3
data/sorted/glass/00019771.jpg,1
data/sorted/glass/00011549.jpg,1
data/sorted/paper/00021904.jpg,3
data/sorted/trash/00017143.jpg,5
data/sorted/trash/00009970.jpg,5
data/sorted/paper/00022290.jpg,3
data/sorted/plastic/00024237.jpg,4
data/sorted/plastic/00008836.jpg,4
data/sorted/trash/00017243.jpg,5
data/sorted/metal/00001129.jpg,2
data/sorted/glass/00012123.jpg,1
data/sorted/plastic/00009449.jpg,4
data/sorted/metal/00013799.jpg,2
data/sorted/glass/00020428.jpg,1
data/sorted/cardboard/00011358.jpg,0
data/sorted/glass/00012184.jpg,1
data/sorted/metal/00021140.jpg,2
data/sorted/paper/00001733.jpg,3
data/sorted/plastic/00009245.jpg,4
data/sorted/paper/00022283.jpg,3
data/sorted/plastic/00016394.jpg,4
data/sorted/cardboard/00002656.jpg,0
data/sorted/plastic/00023740.jpg,4
data/sorted/metal/00006271.jpg,2
data/sorted/metal/00000921.jpg,2
data/sorted/paper/00014592.jpg,3
data/sorted/plastic/00008646.jpg,4
data/sorted/glass/00012161.jpg,1
data/sorted/metal/00020956.jpg,2
data/sorted/glass/00000691.jpg,1
data/sorted/trash/00024897.jpg,5
data/sorted/glass/00012195.jpg,1
data/sorted/paper/00015257.jpg,3
data/sorted/glass/00005255.jpg,1
data/sorted/plastic/00008238.jpg,4
data/sorted/cardboard/00011168.jpg,0
data/sorted/trash/00024468.jpg,5
data/sorted/glass/00005426.jpg,1
data/sorted/glass/00011430.jpg,1
data/sorted/glass/00003945.jpg,1
data/sorted/glass/00011662.jpg,1
data/sorted/metal/00020856.jpg,2
data/sorted/trash/00009869.jpg,5
data/sorted/plastic/00008348.jpg,4
data/sorted/cardboard/00002825.jpg,0
data/sorted/paper/00014424.jpg,3
data/sorted/plastic/00008952.jpg,4
data/sorted/glass/00005220.jpg,1
data/sorted/paper/00001371.jpg,3
data/sorted/paper/00022829.jpg,3
data/sorted/cardboard/00003549.jpg,0
data/sorted/glass/00004086.jpg,1
data/sorted/plastic/00023661.jpg,4
data/sorted/cardboard/00017964.jpg,0
data/sorted/metal/00013790.jpg,2
data/sorted/metal/00013761.jpg,2
data/sorted/glass/00020286.jpg,1
data/sorted/metal/00021432.jpg,2
data/sorted/paper/00022057.jpg,3
data/sorted/glass/00000486.jpg,1
data/sorted/plastic/00001977.jpg,4
data/sorted/metal/00001219.jpg,2
data/sorted/plastic/00008882.jpg,4
data/sorted/plastic/00015949.jpg,4
data/sorted/plastic/00009021.jpg,4
data/sorted/glass/00004245.jpg,1
data/sorted/glass/00019109.jpg,1
data/sorted/plastic/00008805.jpg,4
data/sorted/cardboard/00003497.jpg,0
data/sorted/paper/00014781.jpg,3
data/sorted/cardboard/00018225.jpg,0
data/sorted/cardboard/00010030.jpg,0
data/sorted/paper/00014420.jpg,3
data/sorted/paper/00001908.jpg,3
data/sorted/plastic/00016636.jpg,4
data/sorted/paper/00001618.jpg,3
data/sorted/cardboard/00003871.jpg,0
data/sorted/metal/00005729.jpg,2
data/sorted/plastic/00015832.jpg,4
data/sorted/glass/00019191.jpg,1
data/sorted/cardboard/00017915.jpg,0
data/sorted/cardboard/00018046.jpg,0
data/sorted/paper/00006743.jpg,3
data/sorted/plastic/00016768.jpg,4
data/sorted/paper/00014810.jpg,3
data/sorted/plastic/00023091.jpg,4
data/sorted/cardboard/00018416.jpg,0
data/sorted/paper/00015136.jpg,3
data/sorted/paper/00022072.jpg,3
data/sorted/cardboard/00002789.jpg,0
data/sorted/plastic/00008196.jpg,4
data/sorted/plastic/00008878.jpg,4
data/sorted/plastic/00002353.jpg,4
data/sorted/metal/00006325.jpg,2
data/sorted/trash/00002460.jpg,5
data/sorted/plastic/00002384.jpg,4
data/sorted/paper/00006642.jpg,3
data/sorted/cardboard/00010603.jpg,0
data/sorted/metal/00020989.jpg,2
data/sorted/metal/00006205.jpg,2
data/sorted/trash/00024880.jpg,5
data/sorted/glass/00019450.jpg,1
data/sorted/paper/00001593.jpg,3
data/sorted/plastic/00024194.jpg,4
data/sorted/paper/00022414.jpg,3
data/sorted/cardboard/00003472.jpg,0
data/sorted/paper/00014349.jpg,3
data/sorted/glass/00012970.jpg,1
data/sorted/plastic/00008174.jpg,4
data/sorted/plastic/00024161.jpg,4
data/sorted/cardboard/00011243.jpg,0
data/sorted/trash/00002472.jpg,5
data/sorted/glass/00019184.jpg,1
data/sorted/cardboard/00002534.jpg,0
data/sorted/cardboard/00003468.jpg,0
data/sorted/plastic/00015994.jpg,4
data/sorted/plastic/00008528.jpg,4
data/sorted/trash/00017284.jpg,5
data/sorted/cardboard/00010551.jpg,0
data/sorted/paper/00014672.jpg,3
data/sorted/paper/00001378.jpg,3
data/sorted/metal/00006014.jpg,2
data/sorted/glass/00005004.jpg,1
data/sorted/paper/00007106.jpg,3
data/sorted/cardboard/00010475.jpg,0
data/sorted/plastic/00023145.jpg,4
data/sorted/cardboard/00018063.jpg,0
data/sorted/paper/00014716.jpg,3
data/sorted/paper/00014565.jpg,3
data/sorted/cardboard/00017732.jpg,0
data/sorted/glass/00019163.jpg,1
data/sorted/glass/00011650.jpg,1
data/sorted/plastic/00016241.jpg,4
data/sorted/glass/00019279.jpg,1
data/sorted/plastic/00009360.jpg,4
data/sorted/paper/00006755.jpg,3
data/sorted/metal/00001285.jpg,2
data/sorted/paper/00001895.jpg,3
data/sorted/plastic/00015943.jpg,4
data/sorted/glass/00012842.jpg,1
data/sorted/plastic/00008557.jpg,4
data/sorted/metal/00020670.jpg,2
data/sorted/glass/00011856.jpg,1
data/sorted/cardboard/00018284.jpg,0
data/sorted/plastic/00016846.jpg,4
data/sorted/plastic/00008494.jpg,4
data/sorted/glass/00019237.jpg,1
data/sorted/cardboard/00003209.jpg,0
data/sorted/plastic/00023977.jpg,4
data/sorted/cardboard/00002575.jpg,0
data/sorted/trash/00017341.jpg,5
data/sorted/plastic/00022966.jpg,4
data/sorted/glass/00000412.jpg,1
data/sorted/metal/00006181.jpg,2
data/sorted/glass/00020217.jpg,1
data/sorted/cardboard/00017652.jpg,0
data/sorted/cardboard/00018001.jpg,0
data/sorted/trash/00017240.jpg,5
data/sorted/plastic/00008854.jpg,4
data/sorted/paper/00001785.jpg,3
data/sorted/glass/00000761.jpg,1
data/sorted/cardboard/00010575.jpg,0
data/sorted/plastic/00023258.jpg,4
data/sorted/plastic/00015730.jpg,4
data/sorted/metal/00013441.jpg,2
data/sorted/trash/00009688.jpg,5
data/sorted/glass/00012016.jpg,1
data/sorted/paper/00022095.jpg,3
data/sorted/metal/00020717.jpg,2
data/sorted/metal/00001065.jpg,2
data/sorted/glass/00000755.jpg,1
data/sorted/paper/00006660.jpg,3
data/sorted/glass/00011418.jpg,1
data/sorted/plastic/00024297.jpg,4
data/sorted/glass/00019794.jpg,1
data/sorted/glass/00004938.jpg,1
data/sorted/cardboard/00003044.jpg,0
data/sorted/glass/00004968.jpg,1
data/sorted/plastic/00015822.jpg,4
data/sorted/glass/00020276.jpg,1
data/sorted/glass/00000793.jpg,1
data/sorted/paper/00022814.jpg,3
data/sorted/metal/00020869.jpg,2
data/sorted/cardboard/00000172.jpg,0
data/sorted/glass/00012773.jpg,1
data/sorted/glass/00012909.jpg,1
data/sorted/glass/00019688.jpg,1
data/sorted/cardboard/00010433.jpg,0
data/sorted/plastic/00002157.jpg,4
data/sorted/cardboard/00010330.jpg,0
data/sorted/paper/00007211.jpg,3
data/sorted/plastic/00024002.jpg,4
data/sorted/paper/00001417.jpg,3
data/sorted/cardboard/00010815.jpg,0
data/sorted/cardboard/00017911.jpg,0
data/sorted/trash/00017380.jpg,5
data/sorted/cardboard/00018764.jpg,0
data/sorted/trash/00009971.jpg,5
data/sorted/metal/00020722.jpg,2
data/sorted/paper/00007324.jpg,3
data/sorted/metal/00006169.jpg,2
data/sorted/paper/00021685.jpg,3
data/sorted/metal/00006482.jpg,2
data/sorted/cardboard/00000388.jpg,0
data/sorted/cardboard/00017753.jpg,0
data/sorted/trash/00017118.jpg,5
data/sorted/plastic/00002028.jpg,4
data/sorted/paper/00021773.jpg,3
data/sorted/plastic/00008970.jpg,4
data/sorted/plastic/00016427.jpg,4
data/sorted/cardboard/00003610.jpg,0
data/sorted/plastic/00008930.jpg,4
data/sorted/cardboard/00002665.jpg,0
data/sorted/cardboard/00003323.jpg,0
data/sorted/plastic/00016121.jpg,4
data/sorted/glass/00019920.jpg,1
data/sorted/paper/00014492.jpg,3
data/sorted/cardboard/00002976.jpg,0
data/sorted/paper/00022603.jpg,3
data/sorted/metal/00013861.jpg,2
data/sorted/metal/00000952.jpg,2
data/sorted/paper/00006746.jpg,3
data/sorted/glass/00004211.jpg,1
data/sorted/glass/00003960.jpg,1
data/sorted/trash/00009860.jpg,5
data/sorted/plastic/00024341.jpg,4
data/sorted/paper/00001736.jpg,3
data/sorted/paper/00021719.jpg,3
data/sorted/glass/00004376.jpg,1
data/sorted/plastic/00008186.jpg,4
data/sorted/plastic/00009106.jpg,4
data/sorted/cardboard/00010776.jpg,0
data/sorted/paper/00006772.jpg,3
data/sorted/metal/00001062.jpg,2
data/sorted/plastic/00016284.jpg,4
data/sorted/cardboard/00010828.jpg,0
data/sorted/metal/00006412.jpg,2
data/sorted/trash/00009916.jpg,5
data/sorted/cardboard/00000212.jpg,0
data/sorted/paper/00022384.jpg,3
data/sorted/plastic/00008329.jpg,4
data/sorted/glass/00005114.jpg,1
data/sorted/metal/00021122.jpg,2
data/sorted/glass/00012041.jpg,1
data/sorted/plastic/00008203.jpg,4
data/sorted/paper/00014204.jpg,3
data/sorted/glass/00020394.jpg,1
data/sorted/cardboard/00017749.jpg,0
data/sorted/metal/00021029.jpg,2
data/sorted/cardboard/00010117.jpg,0
data/sorted/cardboard/00018398.jpg,0
data/sorted/plastic/00009241.jpg,4
data/sorted/metal/00021208.jpg,2
data/sorted/glass/00011523.jpg,1
data/sorted/cardboard/00010143.jpg,0
data/sorted/plastic/00009260.jpg,4
data/sorted/glass/00000491.jpg,1
data/sorted/paper/00001788.jpg,3
data/sorted/cardboard/00018614.jpg,0
data/sorted/metal/00006492.jpg,2
data/sorted/glass/00019765.jpg,1
data/sorted/glass/00019009.jpg,1
data/sorted/glass/00011748.jpg,1
data/sorted/metal/00006019.jpg,2
data/sorted/paper/00007644.jpg,3
data/sorted/metal/00013504.jpg,2
data/sorted/glass/00011975.jpg,1
data/sorted/plastic/00009261.jpg,4
data/sorted/metal/00001249.jpg,2
data/sorted/metal/00021352.jpg,2
data/sorted/plastic/00008003.jpg,4
data/sorted/cardboard/00017702.jpg,0
data/sorted/glass/00000501.jpg,1
data/sorted/trash/00009674.jpg,5
data/sorted/paper/00007519.jpg,3
data/sorted/paper/00014082.jpg,3
data/sorted/metal/00020634.jpg,2
data/sorted/cardboard/00002603.jpg,0
data/sorted/plastic/00016529.jpg,4
data/sorted/glass/00011482.jpg,1
data/sorted/glass/00019992.jpg,1
data/sorted/paper/00022093.jpg,3
data/sorted/plastic/00009101.jpg,4
data/sorted/metal/00013618.jpg,2
data/sorted/paper/00006954.jpg,3
data/sorted/glass/00004176.jpg,1
data/sorted/trash/00024611.jpg,5
data/sorted/plastic/00015841.jpg,4
data/sorted/plastic/00016258.jpg,4
data/sorted/metal/00006124.jpg,2
data/sorted/metal/00021272.jpg,2
data/sorted/cardboard/00011269.jpg,0
data/sorted/metal/00021491.jpg,2
data/sorted/cardboard/00011260.jpg,0
data/sorted/metal/00006306.jpg,2
data/sorted/paper/00014590.jpg,3
data/sorted/trash/00002430.jpg,5
data/sorted/plastic/00024367.jpg,4
data/sorted/plastic/00016928.jpg,4
data/sorted/cardboard/00000322.jpg,0
data/sorted/metal/00020728.jpg,2
data/sorted/plastic/00016787.jpg,4
data/sorted/plastic/00009410.jpg,4
data/sorted/metal/00021308.jpg,2
data/sorted/plastic/00015519.jpg,4
data/sorted/metal/00001224.jpg,2
data/sorted/cardboard/00017951.jpg,0
data/sorted/metal/00006286.jpg,2
data/sorted/metal/00021047.jpg,2
data/sorted/glass/00005545.jpg,1
data/sorted/metal/00013201.jpg,2
data/sorted/plastic/00022920.jpg,4
data/sorted/glass/00000740.jpg,1
data/sorted/trash/00009585.jpg,5
data/sorted/plastic/00009132.jpg,4
data/sorted/paper/00022762.jpg,3
data/sorted/glass/00000690.jpg,1
data/sorted/paper/00001791.jpg,3
data/sorted/metal/00021479.jpg,2
data/sorted/paper/00014879.jpg,3
data/sorted/cardboard/00017985.jpg,0
data/sorted/plastic/00008826.jpg,4
data/sorted/cardboard/00010421.jpg,0
data/sorted/cardboard/00018857.jpg,0
data/sorted/paper/00007148.jpg,3
data/sorted/glass/00020258.jpg,1
data/sorted/plastic/00023168.jpg,4
data/sorted/paper/00007410.jpg,3
data/sorted/cardboard/00018324.jpg,0
data/sorted/cardboard/00018051.jpg,0
data/sorted/glass/00004091.jpg,1
data/sorted/glass/00004555.jpg,1
data/sorted/plastic/00008923.jpg,4
data/sorted/glass/00000866.jpg,1
data/sorted/metal/00013801.jpg,2
data/sorted/glass/00013022.jpg,1
data/sorted/metal/00013440.jpg,2
data/sorted/paper/00022313.jpg,3
data/sorted/glass/00004375.jpg,1
data/sorted/cardboard/00000092.jpg,0
data/sorted/paper/00007771.jpg,3
data/sorted/paper/00021972.jpg,3
data/sorted/glass/00000527.jpg,1
data/sorted/plastic/00009103.jpg,4
data/sorted/glass/00000655.jpg,1
data/sorted/metal/00006197.jpg,2
data/sorted/cardboard/00018475.jpg,0
data/sorted/glass/00020293.jpg,1
data/sorted/plastic/00008858.jpg,4
data/sorted/glass/00019210.jpg,1
data/sorted/plastic/00023949.jpg,4
data/sorted/glass/00000843.jpg,1
data/sorted/cardboard/00002779.jpg,0
data/sorted/cardboard/00010786.jpg,0
data/sorted/glass/00011773.jpg,1
data/sorted/plastic/00023624.jpg,4
data/sorted/metal/00006544.jpg,2
data/sorted/glass/00005671.jpg,1
data/sorted/paper/00007046.jpg,3
data/sorted/glass/00013133.jpg,1
data/sorted/plastic/00009193.jpg,4
data/sorted/plastic/00008426.jpg,4
data/sorted/paper/00014700.jpg,3
data/sorted/metal/00006207.jpg,2
data/sorted/glass/00012639.jpg,1
data/sorted/plastic/00016523.jpg,4
data/sorted/cardboard/00003163.jpg,0
data/sorted/glass/00012765.jpg,1
data/sorted/cardboard/00009993.jpg,0
data/sorted/glass/00020385.jpg,1
data/sorted/metal/00020651.jpg,2
data/sorted/cardboard/00002989.jpg,0
data/sorted/cardboard/00009992.jpg,0
data/sorted/glass/00004310.jpg,1
data/sorted/glass/00004362.jpg,1
data/sorted/paper/00022187.jpg,3
data/sorted/paper/00015085.jpg,3
data/sorted/paper/00001415.jpg,3
data/sorted/glass/00004318.jpg,1
data/sorted/glass/00003958.jpg,1
data/sorted/plastic/00024421.jpg,4
data/sorted/plastic/00002329.jpg,4
data/sorted/plastic/00023389.jpg,4
data/sorted/cardboard/00010464.jpg,0
data/sorted/paper/00006894.jpg,3
data/sorted/glass/00000643.jpg,1
data/sorted/paper/00007122.jpg,3
data/sorted/metal/00021278.jpg,2
data/sorted/plastic/00008292.jpg,4
data/sorted/plastic/00024082.jpg,4
data/sorted/cardboard/00017844.jpg,0
data/sorted/metal/00021016.jpg,2
data/sorted/trash/00017033.jpg,5
data/sorted/metal/00013260.jpg,2
data/sorted/paper/00022777.jpg,3
data/sorted/glass/00019885.jpg,1
data/sorted/cardboard/00002906.jpg,0
data/sorted/metal/00020854.jpg,2
data/sorted/cardboard/00018159.jpg,0
data/sorted/metal/00001199.jpg,2
data/sorted/trash/00017127.jpg,5
data/sorted/cardboard/00002766.jpg,0
data/sorted/paper/00007329.jpg,3
data/sorted/metal/00013769.jpg,2
data/sorted/plastic/00024167.jpg,4
data/sorted/plastic/00015559.jpg,4
data/sorted/metal/00006123.jpg,2
data/sorted/plastic/00009064.jpg,4
data/sorted/cardboard/00018081.jpg,0
data/sorted/cardboard/00002679.jpg,0
data/sorted/metal/00020851.jpg,2
data/sorted/paper/00021902.jpg,3
data/sorted/plastic/00024208.jpg,4
data/sorted/plastic/00002184.jpg,4
data/sorted/glass/00003999.jpg,1
data/sorted/glass/00012925.jpg,1
data/sorted/trash/00009763.jpg,5
data/sorted/plastic/00016748.jpg,4
data/sorted/paper/00014794.jpg,3
data/sorted/cardboard/00011286.jpg,0
data/sorted/glass/00000536.jpg,1
data/sorted/paper/00015266.jpg,3
data/sorted/paper/00021587.jpg,3
data/sorted/cardboard/00003377.jpg,0
data/sorted/cardboard/00010430.jpg,0
data/sorted/paper/00007783.jpg,3
data/sorted/paper/00022561.jpg,3
data/sorted/cardboard/00017653.jpg,0
data/sorted/metal/00013661.jpg,2
data/sorted/metal/00013185.jpg,2
data/sorted/paper/00015105.jpg,3
data/sorted/plastic/00008183.jpg,4
data/sorted/cardboard/00002612.jpg,0
data/sorted/metal/00001071.jpg,2
data/sorted/glass/00012725.jpg,1
data/sorted/plastic/00015535.jpg,4
data/sorted/plastic/00023574.jpg,4
data/sorted/glass/00004076.jpg,1
data/sorted/glass/00004791.jpg,1
data/sorted/cardboard/00003621.jpg,0
data/sorted/cardboard/00002755.jpg,0
data/sorted/plastic/00008084.jpg,4
data/sorted/metal/00013981.jpg,2
data/sorted/metal/00006601.jpg,2
data/sorted/glass/00019915.jpg,1
data/sorted/paper/00001522.jpg,3
data/sorted/plastic/00008225.jpg,4
data/sorted/cardboard/00018497.jpg,0
data/sorted/trash/00024568.jpg,5
data/sorted/plastic/00009429.jpg,4
data/sorted/plastic/00009065.jpg,4
data/sorted/metal/00006126.jpg,2
data/sorted/cardboard/00018502.jpg,0
data/sorted/glass/00019747.jpg,1
data/sorted/plastic/00016122.jpg,4
data/sorted/glass/00020000.jpg,1
data/sorted/cardboard/00018587.jpg,0
data/sorted/cardboard/00018580.jpg,0
data/sorted/trash/00024680.jpg,5
data/sorted/paper/00001647.jpg,3
data/sorted/cardboard/00002818.jpg,0
data/sorted/glass/00011906.jpg,1
data/sorted/plastic/00016233.jpg,4
data/sorted/paper/00007097.jpg,3
data/sorted/plastic/00015485.jpg,4
data/sorted/glass/00020376.jpg,1
data/sorted/metal/00006163.jpg,2
data/sorted/cardboard/00003119.jpg,0
data/sorted/plastic/00008911.jpg,4
data/sorted/cardboard/00010392.jpg,0
data/sorted/metal/00005706.jpg,2
data/sorted/cardboard/00000084.jpg,0
data/sorted/plastic/00015652.jpg,4
data/sorted/paper/00021543.jpg,3
data/sorted/plastic/00008940.jpg,4
data/sorted/paper/00014539.jpg,3
data/sorted/paper/00001466.jpg,3
data/sorted/trash/00024727.jpg,5
data/sorted/cardboard/00003570.jpg,0
data/sorted/glass/00019128.jpg,1
data/sorted/cardboard/00000150.jpg,0
data/sorted/metal/00021250.jpg,2
data/sorted/glass/00012122.jpg,1
data/sorted/glass/00000772.jpg,1
data/sorted/cardboard/00018368.jpg,0
data/sorted/metal/00005762.jpg,2
data/sorted/plastic/00023846.jpg,4
data/sorted/plastic/00008560.jpg,4
data/sorted/paper/00021845.jpg,3
data/sorted/plastic/00008747.jpg,4
data/sorted/glass/00004000.jpg,1
data/sorted/paper/00021797.jpg,3
data/sorted/glass/00019056.jpg,1
data/sorted/glass/00005014.jpg,1
data/sorted/paper/00015219.jpg,3
data/sorted/cardboard/00010744.jpg,0
data/sorted/glass/00004486.jpg,1
data/sorted/plastic/00024221.jpg,4
data/sorted/glass/00012544.jpg,1
data/sorted/metal/00013828.jpg,2
data/sorted/glass/00020068.jpg,1
data/sorted/cardboard/00002939.jpg,0
data/sorted/paper/00015378.jpg,3
data/sorted/metal/00021249.jpg,2
data/sorted/cardboard/00002742.jpg,0
data/sorted/paper/00014395.jpg,3
data/sorted/plastic/00016968.jpg,4
data/sorted/glass/00005046.jpg,1
data/sorted/metal/00013309.jpg,2
data/sorted/trash/00017344.jpg,5
data/sorted/paper/00014178.jpg,3
data/sorted/plastic/00002256.jpg,4
data/sorted/metal/00013820.jpg,2
data/sorted/plastic/00016312.jpg,4
data/sorted/glass/00019829.jpg,1
data/sorted/plastic/00009059.jpg,4
data/sorted/paper/00022008.jpg,3
data/sorted/cardboard/00017868.jpg,0
data/sorted/glass/00004575.jpg,1
data/sorted/glass/00019304.jpg,1
data/sorted/paper/00006884.jpg,3
data/sorted/plastic/00024301.jpg,4
data/sorted/glass/00020377.jpg,1
data/sorted/plastic/00024351.jpg,4
data/sorted/cardboard/00018158.jpg,0
data/sorted/metal/00020937.jpg,2
data/sorted/paper/00014445.jpg,3
data/sorted/plastic/00024210.jpg,4
data/sorted/metal/00006378.jpg,2
data/sorted/paper/00022697.jpg,3
data/sorted/paper/00014413.jpg,3
data/sorted/cardboard/00002558.jpg,0
data/sorted/trash/00009785.jpg,5
data/sorted/trash/00009597.jpg,5
data/sorted/paper/00022774.jpg,3
data/sorted/paper/00014316.jpg,3
data/sorted/plastic/00009287.jpg,4
data/sorted/glass/00019994.jpg,1
data/sorted/paper/00014076.jpg,3
data/sorted/cardboard/00010389.jpg,0
data/sorted/plastic/00001938.jpg,4
data/sorted/glass/00012185.jpg,1
data/sorted/plastic/00009066.jpg,4
data/sorted/cardboard/00003841.jpg,0
data/sorted/plastic/00009442.jpg,4
data/sorted/plastic/00015700.jpg,4
data/sorted/trash/00009582.jpg,5
data/sorted/cardboard/00010293.jpg,0
data/sorted/metal/00000983.jpg,2
data/sorted/glass/00012087.jpg,1
data/sorted/paper/00014147.jpg,3
data/sorted/paper/00007839.jpg,3
data/sorted/plastic/00008378.jpg,4
data/sorted/glass/00004907.jpg,1
data/sorted/metal/00005766.jpg,2
data/sorted/trash/00017160.jpg,5
data/sorted/plastic/00015582.jpg,4
data/sorted/glass/00004438.jpg,1
data/sorted/metal/00020878.jpg,2
data/sorted/paper/00022413.jpg,3
data/sorted/paper/00022583.jpg,3
data/sorted/metal/00001086.jpg,2
data/sorted/glass/00005035.jpg,1
data/sorted/metal/00013344.jpg,2
data/sorted/paper/00006787.jpg,3
data/sorted/plastic/00008894.jpg,4
data/sorted/paper/00014274.jpg,3
data/sorted/cardboard/00010685.jpg,0
data/sorted/cardboard/00010686.jpg,0
data/sorted/cardboard/00010144.jpg,0
data/sorted/glass/00020472.jpg,1
data/sorted/glass/00019306.jpg,1
data/sorted/trash/00009583.jpg,5
data/sorted/glass/00013063.jpg,1
data/sorted/glass/00012586.jpg,1
data/sorted/trash/00024710.jpg,5
data/sorted/cardboard/00002948.jpg,0
data/sorted/paper/00014633.jpg,3
data/sorted/glass/00005230.jpg,1
data/sorted/cardboard/00018463.jpg,0
data/sorted/paper/00001374.jpg,3
data/sorted/cardboard/00003302.jpg,0
data/sorted/metal/00020603.jpg,2
data/sorted/glass/00012124.jpg,1
data/sorted/paper/00021741.jpg,3
data/sorted/plastic/00024271.jpg,4
data/sorted/plastic/00009011.jpg,4
data/sorted/glass/00012555.jpg,1
data/sorted/metal/00005959.jpg,2
data/sorted/plastic/00016816.jpg,4
data/sorted/trash/00024752.jpg,5
data/sorted/plastic/00024425.jpg,4
data/sorted/paper/00015202.jpg,3
data/sorted/plastic/00015878.jpg,4
data/sorted/glass/00012417.jpg,1
data/sorted/paper/00014760.jpg,3
data/sorted/cardboard/00018376.jpg,0
data/sorted/metal/00005942.jpg,2
data/sorted/paper/00022069.jpg,3
data/sorted/paper/00021821.jpg,3
data/sorted/glass/00019402.jpg,1
data/sorted/cardboard/00017706.jpg,0
data/sorted/glass/00004818.jpg,1
data/sorted/paper/00022823.jpg,3
data/sorted/glass/00012720.jpg,1
data/sorted/trash/00024622.jpg,5
data/sorted/plastic/00023229.jpg,4
data/sorted/metal/00005969.jpg,2
data/sorted/plastic/00009125.jpg,4
data/sorted/paper/00001747.jpg,3
data/sorted/trash/00024555.jpg,5
data/sorted/metal/00006354.jpg,2
data/sorted/paper/00007337.jpg,3
data/sorted/cardboard/00010148.jpg,0
data/sorted/paper/00022263.jpg,3
data/sorted/glass/00011422.jpg,1
data/sorted/plastic/00008716.jpg,4
data/sorted/cardboard/00003239.jpg,0
data/sorted/metal/00013591.jpg,2
data/sorted/plastic/00016469.jpg,4
data/sorted/cardboard/00003179.jpg,0
data/sorted/paper/00001573.jpg,3
data/sorted/glass/00005110.jpg,1
data/sorted/trash/00009605.jpg,5
data/sorted/glass/00019503.jpg,1
data/sorted/cardboard/00003159.jpg,0
data/sorted/cardboard/00011181.jpg,0
data/sorted/trash/00024537.jpg,5
data/sorted/cardboard/00003547.jpg,0
data/sorted/plastic/00016276.jpg,4
data/sorted/glass/00018875.jpg,1
data/sorted/glass/00004868.jpg,1
data/sorted/trash/00024640.jpg,5
data/sorted/metal/00005905.jpg,2
data/sorted/glass/00003961.jpg,1
data/sorted/metal/00013751.jpg,2
data/sorted/plastic/00008748.jpg,4
data/sorted/paper/00022145.jpg,3
data/sorted/glass/00020060.jpg,1
data/sorted/paper/00001379.jpg,3
data/sorted/plastic/00002237.jpg,4
data/sorted/plastic/00023745.jpg,4
data/sorted/plastic/00023021.jpg,4
data/sorted/plastic/00015515.jpg,4
data/sorted/paper/00022037.jpg,3
data/sorted/plastic/00016946.jpg,4
data/sorted/cardboard/00002826.jpg,0
data/sorted/cardboard/00010974.jpg,0
data/sorted/cardboard/00003507.jpg,0
data/sorted/paper/00021798.jpg,3
data/sorted/plastic/00009463.jpg,4
data/sorted/paper/00007760.jpg,3
data/sorted/cardboard/00000044.jpg,0
data/sorted/paper/00021796.jpg,3
data/sorted/metal/00013292.jpg,2
data/sorted/trash/00002394.jpg,5
data/sorted/metal/00001288.jpg,2
data/sorted/glass/00011801.jpg,1
data/sorted/glass/00004251.jpg,1
data/sorted/glass/00012135.jpg,1
data/sorted/plastic/00023128.jpg,4
data/sorted/paper/00006883.jpg,3
data/sorted/plastic/00023890.jpg,4
data/sorted/glass/00005530.jpg,1
data/sorted/glass/00005407.jpg,1
data/sorted/paper/00015069.jpg,3
data/sorted/plastic/00016925.jpg,4
data/sorted/paper/00014759.jpg,3
data/sorted/plastic/00016221.jpg,4
data/sorted/glass/00004349.jpg,1
data/sorted/paper/00001833.jpg,3
data/sorted/plastic/00009154.jpg,4
data/sorted/paper/00014430.jpg,3
data/sorted/cardboard/00017752.jpg,0
data/sorted/plastic/00015988.jpg,4
data/sorted/cardboard/00010112.jpg,0
data/sorted/cardboard/00003204.jpg,0
data/sorted/cardboard/00010247.jpg,0
data/sorted/paper/00022586.jpg,3
data/sorted/paper/00022421.jpg,3
data/sorted/cardboard/00018469.jpg,0
data/sorted/cardboard/00003556.jpg,0
data/sorted/plastic/00015803.jpg,4
data/sorted/cardboard/00000369.jpg,0
data/sorted/plastic/00007984.jpg,4
data/sorted/plastic/00002261.jpg,4
data/sorted/trash/00024728.jpg,5
data/sorted/plastic/00002189.jpg,4
data/sorted/paper/00014877.jpg,3
data/sorted/metal/00001123.jpg,2
data/sorted/paper/00014796.jpg,3
data/sorted/paper/00022138.jpg,3
data/sorted/metal/00020763.jpg,2
data/sorted/glass/00005382.jpg,1
data/sorted/plastic/00008053.jpg,4
data/sorted/plastic/00022878.jpg,4
data/sorted/plastic/00002158.jpg,4
data/sorted/paper/00014839.jpg,3
data/sorted/plastic/00016878.jpg,4
data/sorted/plastic/00008821.jpg,4
data/sorted/glass/00012365.jpg,1
data/sorted/metal/00006293.jpg,2
data/sorted/cardboard/00000139.jpg,0
data/sorted/plastic/00023072.jpg,4
data/sorted/plastic/00023297.jpg,4
data/sorted/plastic/00002055.jpg,4
data/sorted/cardboard/00003605.jpg,0
data/sorted/glass/00000555.jpg,1
data/sorted/paper/00007072.jpg,3
data/sorted/plastic/00016588.jpg,4
data/sorted/glass/00012529.jpg,1
data/sorted/metal/00006150.jpg,2
data/sorted/metal/00013532.jpg,2
data/sorted/paper/00014936.jpg,3
data/sorted/plastic/00008954.jpg,4
data/sorted/cardboard/00010613.jpg,0
data/sorted/cardboard/00018727.jpg,0
data/sorted/cardboard/00018304.jpg,0
data/sorted/paper/00022588.jpg,3
data/sorted/plastic/00008737.jpg,4
data/sorted/glass/00012599.jpg,1
data/sorted/plastic/00023911.jpg,4
data/sorted/plastic/00023097.jpg,4
data/sorted/plastic/00002038.jpg,4
data/sorted/glass/00019622.jpg,1
data/sorted/trash/00017339.jpg,5
data/sorted/cardboard/00011000.jpg,0
data/sorted/plastic/00002309.jpg,4
data/sorted/metal/00006000.jpg,2
data/sorted/cardboard/00018096.jpg,0
data/sorted/paper/00001771.jpg,3
data/sorted/plastic/00008113.jpg,4
data/sorted/plastic/00002336.jpg,4
data/sorted/cardboard/00000065.jpg,0
data/sorted/paper/00007137.jpg,3
data/sorted/metal/00013898.jpg,2
data/sorted/metal/00006094.jpg,2
data/sorted/glass/00019960.jpg,1
data/sorted/plastic/00008156.jpg,4
data/sorted/glass/00012008.jpg,1
data/sorted/glass/00012660.jpg,1
data/sorted/trash/00017411.jpg,5
data/sorted/paper/00022045.jpg,3
data/sorted/cardboard/00018732.jpg,0
data/sorted/glass/00004655.jpg,1
data/sorted/metal/00005768.jpg,2
data/sorted/metal/00000977.jpg,2
data/sorted/glass/00018912.jpg,1
data/sorted/cardboard/00003552.jpg,0
data/sorted/paper/00007509.jpg,3
data/sorted/cardboard/00010271.jpg,0
data/sorted/paper/00007842.jpg,3
data/sorted/cardboard/00000200.jpg,0
data/sorted/glass/00003984.jpg,1
data/sorted/cardboard/00002538.jpg,0
data/sorted/paper/00014907.jpg,3
data/sorted/cardboard/00010038.jpg,0
data/sorted/plastic/00008825.jpg,4
data/sorted/cardboard/00000011.jpg,0
data/sorted/metal/00021172.jpg,2
data/sorted/metal/00013931.jpg,2
data/sorted/plastic/00009342.jpg,4
data/sorted/cardboard/00003442.jpg,0
data/sorted/cardboard/00003905.jpg,0
data/sorted/trash/00009739.jpg,5
data/sorted/paper/00015319.jpg,3
data/sorted/paper/00014209.jpg,3
data/sorted/cardboard/00003446.jpg,0
data/sorted/cardboard/00010660.jpg,0
data/sorted/plastic/00023440.jpg,4
data/sorted/glass/00012846.jpg,1
data/sorted/cardboard/00002773.jpg,0
data/sorted/paper/00022331.jpg,3
data/sorted/cardboard/00017679.jpg,0
data/sorted/trash/00009625.jpg,5
data/sorted/paper/00015237.jpg,3
data/sorted/paper/00022489.jpg,3
data/sorted/paper/00001629.jpg,3
data/sorted/plastic/00001949.jpg,4
data/sorted/metal/00006379.jpg,2
data/sorted/metal/00020902.jpg,2
data/sorted/plastic/00015429.jpg,4
data/sorted/metal/00001035.jpg,2
data/sorted/glass/00004026.jpg,1
data/sorted/plastic/00023444.jpg,4
data/sorted/glass/00004042.jpg,1
data/sorted/metal/00013510.jpg,2
data/sorted/paper/00006777.jpg,3
data/sorted/glass/00012875.jpg,1
data/sorted/metal/00013809.jpg,2
data/sorted/plastic/00016820.jpg,4
data/sorted/cardboard/00010481.jpg,0
data/sorted/paper/00014462.jpg,3
data/sorted/paper/00022846.jpg,3
data/sorted/cardboard/00003280.jpg,0
data/sorted/metal/00013269.jpg,2
data/sorted/glass/00020518.jpg,1
data/sorted/glass/00004767.jpg,1
data/sorted/cardboard/00003704.jpg,0
data/sorted/paper/00007705.jpg,3
data/sorted/metal/00013837.jpg,2
data/sorted/glass/00020126.jpg,1
data/sorted/plastic/00016926.jpg,4
data/sorted/plastic/00023294.jpg,4
data/sorted/glass/00004651.jpg,1
data/sorted/cardboard/00010325.jpg,0
data/sorted/glass/00000803.jpg,1
data/sorted/plastic/00023281.jpg,4
data/sorted/plastic/00002050.jpg,4
data/sorted/glass/00012390.jpg,1
data/sorted/paper/00014214.jpg,3
data/sorted/glass/00004347.jpg,1
data/sorted/cardboard/00003564.jpg,0
data/sorted/glass/00005228.jpg,1
data/sorted/paper/00021764.jpg,3
data/sorted/cardboard/00003151.jpg,0
data/sorted/paper/00022383.jpg,3
data/sorted/glass/00003943.jpg,1
data/sorted/paper/00007254.jpg,3
data/sorted/paper/00022513.jpg,3
data/sorted/metal/00021238.jpg,2
data/sorted/glass/00005214.jpg,1
data/sorted/trash/00017406.jpg,5
data/sorted/glass/00004453.jpg,1
data/sorted/cardboard/00003430.jpg,0
data/sorted/cardboard/00010288.jpg,0
data/sorted/cardboard/00003910.jpg,0
data/sorted/plastic/00009290.jpg,4
data/sorted/trash/00009550.jpg,5
data/sorted/cardboard/00000265.jpg,0
data/sorted/glass/00011448.jpg,1
data/sorted/trash/00024520.jpg,5
data/sorted/cardboard/00003348.jpg,0
data/sorted/plastic/00024422.jpg,4
data/sorted/glass/00000463.jpg,1
data/sorted/metal/00013659.jpg,2
data/sorted/cardboard/00017491.jpg,0
data/sorted/cardboard/00003210.jpg,0
data/sorted/cardboard/00000241.jpg,0
data/sorted/glass/00000872.jpg,1
data/sorted/glass/00012593.jpg,1
data/sorted/cardboard/00011074.jpg,0
data/sorted/paper/00021920.jpg,3
data/sorted/glass/00011522.jpg,1
data/sorted/plastic/00023369.jpg,4
data/sorted/paper/00007031.jpg,3
data/sorted/metal/00005947.jpg,2
data/sorted/cardboard/00011347.jpg,0
data/sorted/paper/00007316.jpg,3
data/sorted/trash/00009857.jpg,5
data/sorted/plastic/00016046.jpg,4
data/sorted/plastic/00024446.jpg,4
data/sorted/paper/00001691.jpg,3
data/sorted/paper/00015270.jpg,3
data/sorted/metal/00006454.jpg,2
data/sorted/glass/00011781.jpg,1
data/sorted/plastic/00023870.jpg,4
data/sorted/glass/00005621.jpg,1
data/sorted/cardboard/00017662.jpg,0
data/sorted/plastic/00002020.jpg,4
data/sorted/glass/00011929.jpg,1
data/sorted/cardboard/00018719.jpg,0
data/sorted/metal/00013696.jpg,2
data/sorted/plastic/00023066.jpg,4
data/sorted/plastic/00008370.jpg,4
data/sorted/paper/00014532.jpg,3
data/sorted/cardboard/00018201.jpg,0
data/sorted/paper/00022344.jpg,3
data/sorted/cardboard/00000004.jpg,0
data/sorted/paper/00022507.jpg,3
data/sorted/plastic/00001944.jpg,4
data/sorted/glass/00019624.jpg,1
data/sorted/plastic/00024183.jpg,4
data/sorted/plastic/00008456.jpg,4
data/sorted/plastic/00016369.jpg,4
data/sorted/plastic/00008732.jpg,4
data/sorted/glass/00000546.jpg,1
data/sorted/plastic/00015974.jpg,4
data/sorted/glass/00012587.jpg,1
data/sorted/glass/00012690.jpg,1
data/sorted/plastic/00015829.jpg,4
data/sorted/metal/00001059.jpg,2
data/sorted/metal/00013971.jpg,2
data/sorted/trash/00002455.jpg,5
data/sorted/glass/00012443.jpg,1
data/sorted/paper/00014148.jpg,3
data/sorted/glass/00005666.jpg,1
data/sorted/trash/00017376.jpg,5
data/sorted/paper/00022509.jpg,3
data/sorted/paper/00014498.jpg,3
data/sorted/trash/00024686.jpg,5
data/sorted/metal/00020626.jpg,2
data/sorted/metal/00005789.jpg,2
data/sorted/plastic/00023603.jpg,4
data/sorted/glass/00012253.jpg,1
data/sorted/glass/00020461.jpg,1
data/sorted/plastic/00023179.jpg,4
data/sorted/metal/00021075.jpg,2
data/sorted/paper/00007648.jpg,3
data/sorted/glass/00004723.jpg,1
data/sorted/metal/00013697.jpg,2
data/sorted/paper/00007750.jpg,3
data/sorted/paper/00022615.jpg,3
data/sorted/glass/00004574.jpg,1
data/sorted/trash/00009711.jpg,5
data/sorted/cardboard/00017508.jpg,0
data/sorted/paper/00015345.jpg,3
data/sorted/glass/00012549.jpg,1
data/sorted/cardboard/00018219.jpg,0
data/sorted/trash/00024826.jpg,5
data/sorted/cardboard/00003000.jpg,0
data/sorted/cardboard/00017894.jpg,0
data/sorted/paper/00022657.jpg,3
data/sorted/paper/00007474.jpg,3
data/sorted/metal/00005910.jpg,2
data/sorted/glass/00005428.jpg,1
data/sorted/cardboard/00000201.jpg,0
data/sorted/glass/00005310.jpg,1
data/sorted/plastic/00001971.jpg,4
data/sorted/cardboard/00018015.jpg,0
data/sorted/metal/00021427.jpg,2
data/sorted/paper/00014296.jpg,3
data/sorted/metal/00013508.jpg,2
data/sorted/plastic/00016059.jpg,4
data/sorted/plastic/00008371.jpg,4
data/sorted/paper/00015232.jpg,3
data/sorted/paper/00014952.jpg,3
data/sorted/cardboard/00011129.jpg,0
data/sorted/plastic/00015598.jpg,4
data/sorted/metal/00020789.jpg,2
data/sorted/glass/00011460.jpg,1
data/sorted/cardboard/00002599.jpg,0
data/sorted/paper/00001780.jpg,3
data/sorted/trash/00024757.jpg,5
data/sorted/metal/00013283.jpg,2
data/sorted/metal/00013944.jpg,2
data/sorted/cardboard/00010027.jpg,0
data/sorted/cardboard/00000142.jpg,0
data/sorted/paper/00007179.jpg,3
data/sorted/paper/00006630.jpg,3
data/sorted/metal/00000908.jpg,2
data/sorted/paper/00007167.jpg,3
data/sorted/glass/00011998.jpg,1
data/sorted/cardboard/00017568.jpg,0
data/sorted/paper/00001617.jpg,3
data/sorted/glass/00019319.jpg,1
data/sorted/glass/00019119.jpg,1
data/sorted/glass/00011751.jpg,1
data/sorted/cardboard/00010296.jpg,0
data/sorted/glass/00011505.jpg,1
data/sorted/glass/00000766.jpg,1
data/sorted/glass/00005362.jpg,1
data/sorted/plastic/00015720.jpg,4
data/sorted/glass/00012345.jpg,1
data/sorted/plastic/00022970.jpg,4
data/sorted/paper/00006665.jpg,3
data/sorted/paper/00022504.jpg,3
data/sorted/glass/00020504.jpg,1
data/sorted/glass/00019441.jpg,1
data/sorted/plastic/00008609.jpg,4
data/sorted/cardboard/00010187.jpg,0
data/sorted/glass/00019935.jpg,1
data/sorted/paper/00022714.jpg,3
data/sorted/cardboard/00010294.jpg,0
data/sorted/paper/00001669.jpg,3
data/sorted/plastic/00009155.jpg,4
data/sorted/metal/00013195.jpg,2
data/sorted/plastic/00016571.jpg,4
data/sorted/paper/00022233.jpg,3
data/sorted/paper/00021856.jpg,3
data/sorted/trash/00024588.jpg,5
data/sorted/trash/00024519.jpg,5
data/sorted/glass/00013117.jpg,1
data/sorted/glass/00011713.jpg,1
data/sorted/plastic/00009478.jpg,4
data/sorted/cardboard/00011339.jpg,0
data/sorted/plastic/00016707.jpg,4
data/sorted/plastic/00008910.jpg,4
data/sorted/glass/00019611.jpg,1
data/sorted/glass/00019873.jpg,1
data/sorted/trash/00009740.jpg,5
data/sorted/paper/00022643.jpg,3
data/sorted/plastic/00015454.jpg,4
data/sorted/glass/00012080.jpg,1
data/sorted/metal/00014018.jpg,2
data/sorted/plastic/00016920.jpg,4
data/sorted/paper/00007756.jpg,3
data/sorted/paper/00021862.jpg,3
data/sorted/cardboard/00018296.jpg,0
data/sorted/metal/00020659.jpg,2
data/sorted/trash/00017204.jpg,5
data/sorted/cardboard/00017898.jpg,0
data/sorted/glass/00004260.jpg,1
data/sorted/paper/00014225.jpg,3
data/sorted/plastic/00023210.jpg,4
data/sorted/paper/00001330.jpg,3
data/sorted/plastic/00015883.jpg,4
data/sorted/cardboard/00018650.jpg,0
data/sorted/paper/00022279.jpg,3
data/sorted/glass/00012068.jpg,1
data/sorted/plastic/00023964.jpg,4
data/sorted/plastic/00008675.jpg,4
data/sorted/plastic/00024222.jpg,4
data/sorted/paper/00015166.jpg,3
data/sorted/paper/00001545.jpg,3
data/sorted/paper/00021713.jpg,3
data/sorted/cardboard/00003798.jpg,0
data/sorted/metal/00021311.jpg,2
data/sorted/plastic/00016983.jpg,4
data/sorted/cardboard/00000087.jpg,0
data/sorted/trash/00024641.jpg,5
data/sorted/cardboard/00018725.jpg,0
data/sorted/paper/00014644.jpg,3
data/sorted/cardboard/00002685.jpg,0
data/sorted/paper/00007664.jpg,3
data/sorted/trash/00002515.jpg,5
data/sorted/paper/00014859.jpg,3
data/sorted/plastic/00016013.jpg,4
data/sorted/cardboard/00010378.jpg,0
data/sorted/cardboard/00018361.jpg,0
data/sorted/glass/00011492.jpg,1
data/sorted/cardboard/00003450.jpg,0
data/sorted/glass/00019818.jpg,1
data/sorted/cardboard/00002716.jpg,0
data/sorted/glass/00004343.jpg,1
data/sorted/metal/00021247.jpg,2
data/sorted/glass/00019309.jpg,1
data/sorted/glass/00012595.jpg,1
data/sorted/cardboard/00018660.jpg,0
data/sorted/metal/00001192.jpg,2
data/sorted/plastic/00022969.jpg,4
data/sorted/cardboard/00003530.jpg,0
data/sorted/paper/00006706.jpg,3
data/sorted/cardboard/00017614.jpg,0
data/sorted/paper/00015274.jpg,3
data/sorted/cardboard/00017680.jpg,0
data/sorted/plastic/00001934.jpg,4
data/sorted/plastic/00008346.jpg,4
data/sorted/glass/00020140.jpg,1
data/sorted/paper/00022749.jpg,3
data/sorted/cardboard/00003505.jpg,0
data/sorted/paper/00001858.jpg,3
data/sorted/paper/00007373.jpg,3
data/sorted/plastic/00024189.jpg,4
data/sorted/paper/00015260.jpg,3
data/sorted/glass/00019991.jpg,1
data/sorted/paper/00006693.jpg,3
data/sorted/glass/00005155.jpg,1
data/sorted/glass/00005390.jpg,1
data/sorted/paper/00022302.jpg,3
data/sorted/plastic/00008729.jpg,4
data/sorted/plastic/00016451.jpg,4
data/sorted/glass/00012380.jpg,1
data/sorted/paper/00021650.jpg,3
data/sorted/glass/00020136.jpg,1
data/sorted/metal/00013649.jpg,2
data/sorted/trash/00009943.jpg,5
data/sorted/metal/00013899.jpg,2
data/sorted/cardboard/00003383.jpg,0
data/sorted/trash/00024613.jpg,5
data/sorted/trash/00017165.jpg,5
data/sorted/cardboard/00010118.jpg,0
data/sorted/plastic/00002098.jpg,4
data/sorted/glass/00013088.jpg,1
data/sorted/plastic/00009404.jpg,4
data/sorted/paper/00022022.jpg,3
data/sorted/cardboard/00003542.jpg,0
data/sorted/trash/00009742.jpg,5
data/sorted/cardboard/00003429.jpg,0
data/sorted/metal/00005924.jpg,2
data/sorted/trash/00009831.jpg,5
data/sorted/plastic/00023759.jpg,4
data/sorted/paper/00021728.jpg,3
data/sorted/metal/00005778.jpg,2
data/sorted/glass/00019394.jpg,1
data/sorted/cardboard/00010556.jpg,0
data/sorted/metal/00013540.jpg,2
data/sorted/glass/00004167.jpg,1
data/sorted/paper/00015293.jpg,3
data/sorted/cardboard/00002748.jpg,0
data/sorted/glass/00004682.jpg,1
data/sorted/plastic/00015885.jpg,4
data/sorted/cardboard/00003014.jpg,0
data/sorted/metal/00020748.jpg,2
data/sorted/glass/00004809.jpg,1
data/sorted/trash/00009867.jpg,5
data/sorted/glass/00004025.jpg,1
data/sorted/metal/00006512.jpg,2
data/sorted/plastic/00016882.jpg,4
data/sorted/plastic/00008302.jpg,4
data/sorted/plastic/00001994.jpg,4
data/sorted/paper/00022668.jpg,3
data/sorted/paper/00006731.jpg,3
data/sorted/cardboard/00003267.jpg,0
data/sorted/trash/00017354.jpg,5
data/sorted/paper/00007268.jpg,3
data/sorted/paper/00014735.jpg,3
data/sorted/glass/00005136.jpg,1
data/sorted/glass/00011791.jpg,1
data/sorted/plastic/00024447.jpg,4
data/sorted/metal/00021144.jpg,2
data/sorted/glass/00012165.jpg,1
data/sorted/metal/00020802.jpg,2
data/sorted/plastic/00015451.jpg,4
data/sorted/cardboard/00010425.jpg,0
data/sorted/plastic/00023233.jpg,4
data/sorted/paper/00006669.jpg,3
data/sorted/trash/00002404.jpg,5
data/sorted/paper/00014092.jpg,3
data/sorted/cardboard/00003292.jpg,0
data/sorted/glass/00019807.jpg,1
data/sorted/paper/00021787.jpg,3
data/sorted/glass/00019553.jpg,1
data/sorted/paper/00006762.jpg,3
data/sorted/plastic/00002085.jpg,4
data/sorted/plastic/00009507.jpg,4
data/sorted/glass/00019393.jpg,1
data/sorted/glass/00013037.jpg,1
data/sorted/metal/00014049.jpg,2
data/sorted/plastic/00023711.jpg,4
data/sorted/trash/00009927.jpg,5
data/sorted/trash/00017450.jpg,5
data/sorted/plastic/00008865.jpg,4
data/sorted/glass/00011582.jpg,1
data/sorted/metal/00013998.jpg,2
data/sorted/plastic/00015410.jpg,4
data/sorted/glass/00011513.jpg,1
data/sorted/plastic/00023461.jpg,4
data/sorted/metal/00013167.jpg,2
data/sorted/plastic/00023902.jpg,4
data/sorted/cardboard/00018274.jpg,0
data/sorted/metal/00013235.jpg,2
data/sorted/cardboard/00017515.jpg,0
data/sorted/cardboard/00018396.jpg,0
data/sorted/plastic/00016123.jpg,4
data/sorted/paper/00006999.jpg,3
data/sorted/plastic/00024084.jpg,4
data/sorted/paper/00001529.jpg,3
data/sorted/paper/00022791.jpg,3
data/sorted/paper/00007908.jpg,3
data/sorted/cardboard/00018524.jpg,0
data/sorted/paper/00021772.jpg,3
data/sorted/trash/00017274.jpg,5
data/sorted/metal/00013216.jpg,2
data/sorted/cardboard/00018167.jpg,0
data/sorted/metal/00006210.jpg,2
data/sorted/plastic/00009529.jpg,4
data/sorted/glass/00000698.jpg,1
data/sorted/glass/00004414.jpg,1
data/sorted/paper/00022828.jpg,3
data/sorted/plastic/00008628.jpg,4
data/sorted/glass/00005571.jpg,1
data/sorted/glass/00005127.jpg,1
data/sorted/plastic/00008147.jpg,4
data/sorted/paper/00021707.jpg,3
data/sorted/glass/00004546.jpg,1
data/sorted/paper/00015175.jpg,3
data/sorted/cardboard/00010867.jpg,0
data/sorted/plastic/00023325.jpg,4
data/sorted/paper/00014940.jpg,3
data/sorted/plastic/00002371.jpg,4
data/sorted/plastic/00023425.jpg,4
data/sorted/metal/00014012.jpg,2
data/sorted/plastic/00024399.jpg,4
data/sorted/paper/00001354.jpg,3
data/sorted/paper/00006952.jpg,3
data/sorted/plastic/00008775.jpg,4
data/sorted/metal/00021192.jpg,2
data/sorted/metal/00021355.jpg,2
data/sorted/glass/00005151.jpg,1
data/sorted/metal/00013846.jpg,2
data/sorted/cardboard/00018302.jpg,0
data/sorted/glass/00000430.jpg,1
data/sorted/paper/00001569.jpg,3
data/sorted/plastic/00009088.jpg,4
data/sorted/paper/00006740.jpg,3
data/sorted/glass/00005015.jpg,1
data/sorted/glass/00005372.jpg,1
data/sorted/metal/00006228.jpg,2
data/sorted/glass/00005031.jpg,1
data/sorted/glass/00012671.jpg,1
data/sorted/glass/00020151.jpg,1
data/sorted/plastic/00016809.jpg,4
data/sorted/glass/00005045.jpg,1
data/sorted/paper/00007919.jpg,3
data/sorted/glass/00005103.jpg,1
data/sorted/glass/00012843.jpg,1
data/sorted/plastic/00002033.jpg,4
data/sorted/cardboard/00017793.jpg,0
data/sorted/plastic/00023934.jpg,4
data/sorted/trash/00002527.jpg,5
data/sorted/metal/00006157.jpg,2
data/sorted/metal/00000999.jpg,2
data/sorted/plastic/00016839.jpg,4
data/sorted/metal/00000994.jpg,2
data/sorted/cardboard/00003866.jpg,0
data/sorted/glass/00019218.jpg,1
data/sorted/trash/00024676.jpg,5
data/sorted/metal/00013838.jpg,2
data/sorted/paper/00015079.jpg,3
data/sorted/plastic/00016668.jpg,4
data/sorted/trash/00002467.jpg,5
data/sorted/plastic/00009435.jpg,4
data/sorted/plastic/00008504.jpg,4
data/sorted/plastic/00016671.jpg,4
data/sorted/cardboard/00010267.jpg,0
data/sorted/plastic/00009477.jpg,4
data/sorted/plastic/00008757.jpg,4
data/sorted/paper/00021581.jpg,3
data/sorted/paper/00007304.jpg,3
data/sorted/trash/00002475.jpg,5
data/sorted/cardboard/00003495.jpg,0
data/sorted/plastic/00008744.jpg,4
data/sorted/metal/00006314.jpg,2
data/sorted/plastic/00009276.jpg,4
data/sorted/plastic/00008817.jpg,4
data/sorted/plastic/00024147.jpg,4
data/sorted/glass/00004604.jpg,1
data/sorted/cardboard/00002695.jpg,0
data/sorted/paper/00007556.jpg,3
data/sorted/metal/00001183.jpg,2
data/sorted/glass/00004811.jpg,1
data/sorted/cardboard/00018536.jpg,0
data/sorted/plastic/00023829.jpg,4
data/sorted/cardboard/00017992.jpg,0
data/sorted/glass/00012560.jpg,1
data/sorted/trash/00024502.jpg,5
data/sorted/paper/00021648.jpg,3
data/sorted/paper/00021868.jpg,3
data/sorted/cardboard/00003568.jpg,0
data/sorted/plastic/00008881.jpg,4
data/sorted/cardboard/00010007.jpg,0
data/sorted/cardboard/00017711.jpg,0
data/sorted/paper/00007110.jpg,3
data/sorted/glass/00012750.jpg,1
data/sorted/trash/00009851.jpg,5
data/sorted/metal/00013719.jpg,2
data/sorted/glass/00000811.jpg,1
data/sorted/plastic/00015501.jpg,4
data/sorted/cardboard/00002890.jpg,0
data/sorted/glass/00000580.jpg,1
data/sorted/glass/00011462.jpg,1
data/sorted/paper/00007473.jpg,3
data/sorted/metal/00021453.jpg,2
data/sorted/trash/00024847.jpg,5
data/sorted/trash/00009838.jpg,5
data/sorted/glass/00000475.jpg,1
data/sorted/plastic/00016052.jpg,4
data/sorted/glass/00005251.jpg,1
data/sorted/cardboard/00002778.jpg,0
data/sorted/metal/00013824.jpg,2
data/sorted/glass/00018892.jpg,1
data/sorted/metal/00013622.jpg,2
data/sorted/paper/00014271.jpg,3
data/sorted/plastic/00023483.jpg,4
data/sorted/plastic/00002295.jpg,4
data/sorted/plastic/00015532.jpg,4
data/sorted/cardboard/00003571.jpg,0
data/sorted/glass/00020486.jpg,1
data/sorted/trash/00024487.jpg,5
data/sorted/trash/00024570.jpg,5
data/sorted/glass/00005433.jpg,1
data/sorted/glass/00004942.jpg,1
data/sorted/plastic/00016637.jpg,4
data/sorted/cardboard/00002764.jpg,0
data/sorted/glass/00020358.jpg,1
data/sorted/metal/00005834.jpg,2
data/sorted/paper/00006996.jpg,3
data/sorted/paper/00007731.jpg,3
data/sorted/paper/00014724.jpg,3
data/sorted/plastic/00016842.jpg,4
data/sorted/metal/00005972.jpg,2
data/sorted/paper/00022693.jpg,3
data/sorted/paper/00021888.jpg,3
data/sorted/plastic/00002027.jpg,4
data/sorted/glass/00011564.jpg,1
data/sorted/trash/00024605.jpg,5
data/sorted/glass/00005419.jpg,1
data/sorted/cardboard/00018026.jpg,0
data/sorted/cardboard/00002937.jpg,0
data/sorted/paper/00022299.jpg,3
data/sorted/glass/00018911.jpg,1
data/sorted/glass/00019246.jpg,1
data/sorted/paper/00014339.jpg,3
data/sorted/trash/00009563.jpg,5
data/sorted/paper/00014448.jpg,3
data/sorted/plastic/00024263.jpg,4
data/sorted/metal/00013286.jpg,2
data/sorted/cardboard/00010851.jpg,0
data/sorted/glass/00004454.jpg,1
data/sorted/paper/00007739.jpg,3
data/sorted/cardboard/00017455.jpg,0
data/sorted/glass/00005628.jpg,1
data/sorted/trash/00017179.jpg,5
data/sorted/trash/00017149.jpg,5
data/sorted/metal/00006419.jpg,2
data/sorted/glass/00019616.jpg,1
data/sorted/glass/00019894.jpg,1
data/sorted/paper/00014989.jpg,3
data/sorted/glass/00012979.jpg,1
data/sorted/plastic/00002063.jpg,4
data/sorted/paper/00007360.jpg,3
data/sorted/plastic/00016856.jpg,4
data/sorted/cardboard/00003659.jpg,0
data/sorted/glass/00020407.jpg,1
data/sorted/plastic/00015651.jpg,4
data/sorted/paper/00022713.jpg,3
data/sorted/paper/00001478.jpg,3
data/sorted/plastic/00015439.jpg,4
data/sorted/glass/00004591.jpg,1
data/sorted/plastic/00023579.jpg,4
data/sorted/paper/00001721.jpg,3
data/sorted/glass/00011985.jpg,1
data/sorted/cardboard/00010222.jpg,0
data/sorted/cardboard/00017601.jpg,0
data/sorted/glass/00005505.jpg,1
data/sorted/paper/00014326.jpg,3
data/sorted/glass/00019399.jpg,1
data/sorted/paper/00021615.jpg,3
data/sorted/plastic/00009249.jpg,4
data/sorted/trash/00024621.jpg,5
data/sorted/trash/00009839.jpg,5
data/sorted/plastic/00016092.jpg,4
data/sorted/paper/00021669.jpg,3
data/sorted/plastic/00015713.jpg,4
data/sorted/plastic/00016441.jpg,4
data/sorted/plastic/00015873.jpg,4
data/sorted/metal/00013706.jpg,2
data/sorted/trash/00024833.jpg,5
data/sorted/glass/00011964.jpg,1
data/sorted/plastic/00015544.jpg,4
data/sorted/glass/00004352.jpg,1
data/sorted/paper/00014509.jpg,3
data/sorted/plastic/00022908.jpg,4
data/sorted/metal/00001055.jpg,2
data/sorted/plastic/00016345.jpg,4
data/sorted/plastic/00008297.jpg,4
data/sorted/glass/00011728.jpg,1
data/sorted/trash/00017224.jpg,5
data/sorted/plastic/00023256.jpg,4
data/sorted/metal/00006323.jpg,2
data/sorted/glass/00019209.jpg,1
data/sorted/cardboard/00018715.jpg,0
data/sorted/paper/00014358.jpg,3
data/sorted/cardboard/00002963.jpg,0
data/sorted/paper/00007172.jpg,3
data/sorted/plastic/00008204.jpg,4
data/sorted/glass/00004873.jpg,1
data/sorted/metal/00013515.jpg,2
data/sorted/plastic/00023522.jpg,4
data/sorted/cardboard/00010446.jpg,0
data/sorted/paper/00001797.jpg,3
data/sorted/glass/00019219.jpg,1
data/sorted/glass/00011563.jpg,1
data/sorted/cardboard/00018355.jpg,0
data/sorted/paper/00014928.jpg,3
data/sorted/plastic/00008636.jpg,4
data/sorted/metal/00005820.jpg,2
data/sorted/metal/00006313.jpg,2
data/sorted/plastic/00009266.jpg,4
data/sorted/plastic/00023331.jpg,4
data/sorted/cardboard/00017539.jpg,0
data/sorted/cardboard/00010823.jpg,0
data/sorted/metal/00013959.jpg,2
data/sorted/paper/00006851.jpg,3
data/sorted/cardboard/00003049.jpg,0
data/sorted/plastic/00024086.jpg,4
data/sorted/cardboard/00002763.jpg,0
data/sorted/cardboard/00002840.jpg,0
data/sorted/cardboard/00018119.jpg,0
data/sorted/plastic/00008227.jpg,4
data/sorted/paper/00001427.jpg,3
data/sorted/glass/00004007.jpg,1
data/sorted/paper/00006901.jpg,3
data/sorted/glass/00004142.jpg,1
data/sorted/paper/00021875.jpg,3
data/sorted/plastic/00009228.jpg,4
data/sorted/glass/00012990.jpg,1
data/sorted/glass/00004904.jpg,1
data/sorted/plastic/00016268.jpg,4
data/sorted/plastic/00016507.jpg,4
data/sorted/plastic/00009099.jpg,4
data/sorted/cardboard/00018020.jpg,0
data/sorted/paper/00015234.jpg,3
data/sorted/trash/00017008.jpg,5
data/sorted/glass/00012974.jpg,1
data/sorted/glass/00000407.jpg,1
data/sorted/trash/00017174.jpg,5
data/sorted/cardboard/00003715.jpg,0
data/sorted/plastic/00016481.jpg,4
data/sorted/cardboard/00010764.jpg,0
data/sorted/cardboard/00018535.jpg,0
data/sorted/metal/00014023.jpg,2
data/sorted/plastic/00002235.jpg,4
data/sorted/glass/00012284.jpg,1
data/sorted/metal/00013962.jpg,2
data/sorted/plastic/00008611.jpg,4
data/sorted/paper/00007322.jpg,3
data/sorted/cardboard/00002946.jpg,0
data/sorted/glass/00019287.jpg,1
data/sorted/glass/00018924.jpg,1
data/sorted/glass/00005478.jpg,1
data/sorted/glass/00012164.jpg,1
data/sorted/plastic/00024326.jpg,4
data/sorted/trash/00009982.jpg,5
data/sorted/glass/00012531.jpg,1
data/sorted/trash/00024525.jpg,5
data/sorted/plastic/00023216.jpg,4
data/sorted/paper/00021690.jpg,3
data/sorted/metal/00006110.jpg,2
data/sorted/cardboard/00003683.jpg,0
data/sorted/paper/00021598.jpg,3
data/sorted/metal/00001223.jpg,2
data/sorted/glass/00012743.jpg,1
data/sorted/plastic/00016874.jpg,4
data/sorted/glass/00012173.jpg,1
data/sorted/glass/00000416.jpg,1
data/sorted/glass/00012446.jpg,1
data/sorted/metal/00006597.jpg,2
data/sorted/trash/00017147.jpg,5
data/sorted/plastic/00023796.jpg,4
data/sorted/paper/00022217.jpg,3
data/sorted/paper/00015379.jpg,3
data/sorted/paper/00022565.jpg,3
data/sorted/glass/00005011.jpg,1
data/sorted/glass/00012881.jpg,1
data/sorted/metal/00013876.jpg,2
data/sorted/glass/00000782.jpg,1
data/sorted/glass/00004226.jpg,1
data/sorted/plastic/00023156.jpg,4
data/sorted/cardboard/00011305.jpg,0
data/sorted/plastic/00016376.jpg,4
data/sorted/plastic/00016794.jpg,4
data/sorted/plastic/00022944.jpg,4
data/sorted/metal/00001301.jpg,2
data/sorted/plastic/00024414.jpg,4
data/sorted/paper/00014683.jpg,3
data/sorted/glass/00011973.jpg,1
data/sorted/cardboard/00003642.jpg,0
data/sorted/glass/00011823.jpg,1
data/sorted/plastic/00008568.jpg,4
data/sorted/paper/00007489.jpg,3
data/sorted/cardboard/00003622.jpg,0
data/sorted/glass/00018981.jpg,1
data/sorted/metal/00001045.jpg,2
data/sorted/glass/00005643.jpg,1
data/sorted/metal/00020674.jpg,2
data/sorted/metal/00013281.jpg,2
data/sorted/metal/00006079.jpg,2
data/sorted/cardboard/00003816.jpg,0
data/sorted/plastic/00001950.jpg,4
data/sorted/glass/00004160.jpg,1
data/sorted/paper/00014795.jpg,3
data/sorted/metal/00001203.jpg,2
data/sorted/paper/00007785.jpg,3
data/sorted/glass/00012425.jpg,1
data/sorted/glass/00020482.jpg,1
data/sorted/paper/00014923.jpg,3
data/sorted/glass/00011858.jpg,1
data/sorted/cardboard/00017736.jpg,0
data/sorted/paper/00006636.jpg,3
data/sorted/metal/00021495.jpg,2
data/sorted/metal/00006104.jpg,2
data/sorted/glass/00020470.jpg,1
data/sorted/metal/00013556.jpg,2
data/sorted/glass/00018883.jpg,1
data/sorted/cardboard/00011195.jpg,0
data/sorted/trash/00017399.jpg,5
data/sorted/glass/00019251.jpg,1
data/sorted/glass/00012326.jpg,1
data/sorted/trash/00009723.jpg,5
data/sorted/plastic/00009485.jpg,4
data/sorted/plastic/00023352.jpg,4
data/sorted/metal/00005715.jpg,2
data/sorted/cardboard/00010672.jpg,0
data/sorted/trash/00009846.jpg,5
data/sorted/glass/00011574.jpg,1
data/sorted/glass/00000688.jpg,1
data/sorted/plastic/00016215.jpg,4
data/sorted/paper/00007163.jpg,3
data/sorted/glass/00005122.jpg,1
data/sorted/cardboard/00010941.jpg,0
data/sorted/metal/00006270.jpg,2
data/sorted/paper/00007552.jpg,3
data/sorted/paper/00007062.jpg,3
data/sorted/paper/00014118.jpg,3
data/sorted/metal/00013496.jpg,2
data/sorted/glass/00000785.jpg,1
data/sorted/cardboard/00003361.jpg,0
data/sorted/glass/00019372.jpg,1
data/sorted/cardboard/00000239.jpg,0
data/sorted/metal/00006503.jpg,2
data/sorted/paper/00007371.jpg,3
data/sorted/plastic/00023201.jpg,4
data/sorted/paper/00022292.jpg,3
data/sorted/glass/00005603.jpg,1
data/sorted/cardboard/00000245.jpg,0
data/sorted/cardboard/00000040.jpg,0
data/sorted/glass/00018961.jpg,1
data/sorted/cardboard/00010755.jpg,0
data/sorted/paper/00014268.jpg,3
data/sorted/cardboard/00010923.jpg,0
data/sorted/cardboard/00010900.jpg,0
data/sorted/paper/00006794.jpg,3
data/sorted/cardboard/00010080.jpg,0
data/sorted/metal/00021424.jpg,2
data/sorted/cardboard/00010073.jpg,0
data/sorted/metal/00006018.jpg,2
data/sorted/glass/00011598.jpg,1
data/sorted/glass/00004915.jpg,1
data/sorted/glass/00011881.jpg,1
data/sorted/cardboard/00003867.jpg,0
data/sorted/metal/00020710.jpg,2
data/sorted/cardboard/00002830.jpg,0
data/sorted/plastic/00016016.jpg,4
data/sorted/plastic/00009331.jpg,4
data/sorted/trash/00017055.jpg,5
data/sorted/cardboard/00017678.jpg,0
data/sorted/cardboard/00010384.jpg,0
data/sorted/plastic/00024402.jpg,4
data/sorted/paper/00006963.jpg,3
data/sorted/glass/00012755.jpg,1
data/sorted/metal/00013577.jpg,2
data/sorted/cardboard/00017530.jpg,0
data/sorted/glass/00012672.jpg,1
data/sorted/paper/00007515.jpg,3
data/sorted/glass/00019424.jpg,1
data/sorted/paper/00021564.jpg,3
data/sorted/metal/00005790.jpg,2
data/sorted/trash/00024483.jpg,5
data/sorted/plastic/00023178.jpg,4
data/sorted/cardboard/00017521.jpg,0
data/sorted/cardboard/00003689.jpg,0
data/sorted/glass/00020154.jpg,1
data/sorted/metal/00001092.jpg,2
data/sorted/cardboard/00002774.jpg,0
data/sorted/plastic/00016415.jpg,4
data/sorted/trash/00002429.jpg,5
data/sorted/plastic/00015714.jpg,4
data/sorted/cardboard/00010647.jpg,0
data/sorted/glass/00011532.jpg,1
data/sorted/cardboard/00010617.jpg,0
data/sorted/plastic/00024041.jpg,4
data/sorted/cardboard/00017565.jpg,0
data/sorted/metal/00013409.jpg,2
data/sorted/paper/00022804.jpg,3
data/sorted/cardboard/00017644.jpg,0
data/sorted/cardboard/00010056.jpg,0
data/sorted/paper/00014933.jpg,3
data/sorted/paper/00007376.jpg,3
data/sorted/plastic/00015721.jpg,4
data/sorted/paper/00022260.jpg,3
data/sorted/plastic/00023993.jpg,4
data/sorted/plastic/00022918.jpg,4
data/sorted/plastic/00023380.jpg,4
data/sorted/glass/00011606.jpg,1
data/sorted/cardboard/00003516.jpg,0
data/sorted/plastic/00008120.jpg,4
data/sorted/plastic/00022947.jpg,4
data/sorted/metal/00021357.jpg,2
data/sorted/plastic/00023208.jpg,4
data/sorted/paper/00022671.jpg,3
data/sorted/metal/00013364.jpg,2
data/sorted/glass/00020144.jpg,1
data/sorted/cardboard/00003599.jpg,0
data/sorted/metal/00000993.jpg,2
data/sorted/metal/00020819.jpg,2
data/sorted/plastic/00016042.jpg,4
data/sorted/cardboard/00003055.jpg,0
data/sorted/plastic/00023941.jpg,4
data/sorted/paper/00006827.jpg,3
data/sorted/plastic/00016889.jpg,4
data/sorted/plastic/00015793.jpg,4
data/sorted/metal/00020646.jpg,2
data/sorted/glass/00012485.jpg,1
data/sorted/metal/00021380.jpg,2
data/sorted/glass/00019599.jpg,1
data/sorted/glass/00011683.jpg,1
data/sorted/cardboard/00010880.jpg,0
data/sorted/plastic/00015581.jpg,4
data/sorted/cardboard/00011230.jpg,0
data/sorted/paper/00021712.jpg,3
data/sorted/paper/00006922.jpg,3
data/sorted/glass/00019144.jpg,1
data/sorted/paper/00007102.jpg,3
data/sorted/cardboard/00017768.jpg,0
data/sorted/cardboard/00010457.jpg,0
data/sorted/glass/00004731.jpg,1
data/sorted/plastic/00002165.jpg,4
data/sorted/cardboard/00003156.jpg,0
data/sorted/paper/00007260.jpg,3
data/sorted/paper/00007208.jpg,3
data/sorted/cardboard/00003575.jpg,0
data/sorted/glass/00011805.jpg,1
data/sorted/paper/00021680.jpg,3
data/sorted/glass/00020285.jpg,1
data/sorted/plastic/00024257.jpg,4
data/sorted/plastic/00023198.jpg,4
data/sorted/plastic/00024307.jpg,4
data/sorted/paper/00022550.jpg,3
data/sorted/metal/00006355.jpg,2
data/sorted/plastic/00023594.jpg,4
data/sorted/cardboard/00010822.jpg,0
data/sorted/metal/00020841.jpg,2
data/sorted/metal/00021255.jpg,2
data/sorted/metal/00013208.jpg,2
data/sorted/metal/00020894.jpg,2
data/sorted/glass/00011538.jpg,1
data/sorted/paper/00022151.jpg,3
data/sorted/glass/00020008.jpg,1
data/sorted/glass/00018983.jpg,1
data/sorted/paper/00022277.jpg,3
data/sorted/cardboard/00002970.jpg,0
data/sorted/metal/00006382.jpg,2
data/sorted/paper/00001366.jpg,3
data/sorted/paper/00021854.jpg,3
data/sorted/paper/00022204.jpg,3
data/sorted/paper/00001554.jpg,3
data/sorted/plastic/00008149.jpg,4
data/sorted/glass/00000529.jpg,1
data/sorted/glass/00003972.jpg,1
data/sorted/plastic/00016632.jpg,4
data/sorted/plastic/00022898.jpg,4
data/sorted/metal/00001003.jpg,2
data/sorted/glass/00012532.jpg,1
data/sorted/cardboard/00003600.jpg,0
data/sorted/metal/00021387.jpg,2
data/sorted/plastic/00016079.jpg,4
data/sorted/cardboard/00003290.jpg,0
data/sorted/plastic/00023801.jpg,4
data/sorted/plastic/00015863.jpg,4
data/sorted/plastic/00016749.jpg,4
data/sorted/cardboard/00018314.jpg,0
data/sorted/plastic/00022881.jpg,4
data/sorted/metal/00013860.jpg,2
data/sorted/cardboard/00003713.jpg,0
data/sorted/cardboard/00010882.jpg,0
data/sorted/paper/00022234.jpg,3
data/sorted/plastic/00008352.jpg,4
data/sorted/cardboard/00002914.jpg,0
data/sorted/glass/00020439.jpg,1
data/sorted/glass/00019877.jpg,1
data/sorted/plastic/00016963.jpg,4
data/sorted/metal/00005680.jpg,2
data/sorted/plastic/00001997.jpg,4
data/sorted/plastic/00016653.jpg,4
data/sorted/plastic/00016286.jpg,4
data/sorted/cardboard/00003613.jpg,0
data/sorted/paper/00021723.jpg,3
data/sorted/paper/00015112.jpg,3
data/sorted/plastic/00008340.jpg,4
data/sorted/paper/00014409.jpg,3
data/sorted/metal/00021334.jpg,2
data/sorted/glass/00011592.jpg,1
data/sorted/glass/00012229.jpg,1
data/sorted/paper/00007482.jpg,3
data/sorted/paper/00014721.jpg,3
data/sorted/cardboard/00002550.jpg,0
data/sorted/trash/00024795.jpg,5
data/sorted/glass/00004063.jpg,1
data/sorted/paper/00007241.jpg,3
data/sorted/metal/00021499.jpg,2
data/sorted/glass/00005302.jpg,1
data/sorted/plastic/00023654.jpg,4
data/sorted/paper/00007037.jpg,3
data/sorted/paper/00001837.jpg,3
data/sorted/plastic/00016250.jpg,4
data/sorted/paper/00001777.jpg,3
data/sorted/cardboard/00003010.jpg,0
data/sorted/cardboard/00018217.jpg,0
data/sorted/metal/00001263.jpg,2
data/sorted/plastic/00015530.jpg,4
data/sorted/paper/00007837.jpg,3
data/sorted/paper/00022746.jpg,3
data/sorted/plastic/00016602.jpg,4
data/sorted/cardboard/00018829.jpg,0
data/sorted/glass/00000674.jpg,1
data/sorted/cardboard/00002866.jpg,0
data/sorted/paper/00007592.jpg,3
data/sorted/cardboard/00003226.jpg,0
data/sorted/cardboard/00003854.jpg,0
data/sorted/metal/00001293.jpg,2
data/sorted/cardboard/00010930.jpg,0
data/sorted/plastic/00002377.jpg,4
data/sorted/cardboard/00002777.jpg,0
data/sorted/plastic/00009412.jpg,4
data/sorted/glass/00019292.jpg,1
data/sorted/trash/00024696.jpg,5
data/sorted/plastic/00024037.jpg,4
data/sorted/paper/00014477.jpg,3
data/sorted/glass/00004497.jpg,1
data/sorted/cardboard/00018730.jpg,0
data/sorted/glass/00012350.jpg,1
data/sorted/plastic/00009016.jpg,4
data/sorted/paper/00022176.jpg,3
data/sorted/plastic/00016141.jpg,4
data/sorted/glass/00012561.jpg,1
data/sorted/plastic/00015978.jpg,4
data/sorted/metal/00021449.jpg,2
data/sorted/cardboard/00010968.jpg,0
data/sorted/glass/00019232.jpg,1
data/sorted/cardboard/00018758.jpg,0
data/sorted/plastic/00024144.jpg,4
data/sorted/glass/00019628.jpg,1
data/sorted/metal/00021339.jpg,2
data/sorted/cardboard/00003042.jpg,0
data/sorted/plastic/00008060.jpg,4
data/sorted/cardboard/00010641.jpg,0
data/sorted/metal/00013361.jpg,2
data/sorted/glass/00020386.jpg,1
data/sorted/trash/00017031.jpg,5
